Year,Month,Day,MaxTemp,MinTemp,MeanTemp,Humidity,Radiation,WS,ET,,
2000,1,1,31.6,24.2,26.8,79.9,13.57,1.7,3.203991434,,
2000,1,2,31.3,23.8,26.6,82.8,11.19,1.5,2.682084356,,
2000,1,3,32.3,25,27.2,78.7,13.38,1.3,3.157077568,,
2000,1,4,31.4,24.8,27.2,79.1,10.18,1.3,2.603031858,,
2000,1,5,33,23.3,26.1,87.9,12.3,1,2.69048722,,
2000,1,6,32.1,22.9,26.7,82.7,15.12,1.3,3.278339764,,
2000,1,7,34,23.6,25.9,88.7,14.05,0.8,2.985508214,,
2000,1,8,33.6,23,27.4,81.4,16.67,0.8,3.539833635,,
2000,1,9,33.5,22.5,27.7,73.7,21.16,1.8,4.622330465,,
2000,1,10,32.8,21.7,27.3,75.2,17.55,1.1,3.76016108,,
2000,1,11,32.1,22.9,27.1,77.2,13.66,1.1,3.114748213,,
2000,1,12,33.5,23,26.8,84.7,13.62,0.7,2.948251963,,
2000,1,13,34.5,22.5,27.6,80,20.28,1.1,4.257159553,,
2000,1,14,34.4,22.4,27.6,75.5,21.82,1.3,4.605536461,,
2000,1,15,34.3,21.7,27.7,71.8,21.61,1.6,4.699381202,,
2000,1,16,33.4,22.4,27.2,75.4,18.78,1.5,4.114256334,,
2000,1,17,33.4,22.6,27.1,79.6,14.39,0.9,3.178740069,,
2000,1,18,30.6,22.6,26.4,82.5,8.23,1,2.07647942,,
2000,1,19,34,22.2,27.7,74.7,17.6,1.4,3.953507565,,
2000,1,20,33,21.9,27.3,68.6,17.98,1.9,4.264422603,,
2000,1,21,33.2,22.5,27.3,65.7,17.93,2.1,4.47318725,,
2000,1,22,32.2,21.5,26.3,72.1,16.23,1.8,3.804233327,,
2000,1,23,33.6,21,26.8,73.8,19.59,1.6,4.261588569,,
2000,1,24,33,23.8,25.9,86.6,12.22,0.9,2.690304623,,
2000,1,25,32,23.2,26.6,81.6,14.61,1.6,3.280084167,,
2000,1,26,33.2,23.6,27.7,68.3,21.31,2.5,5.067623868,,
2000,1,27,33,21,26.6,70.1,19.39,2.1,4.453806084,,
2000,1,28,32.4,22,27.2,67.5,20.14,2.5,4.787009967,,
2000,1,29,32.1,24.1,27.5,64.8,14.29,2.8,4.32473049,,
2000,1,30,31.5,24.6,27.1,68.2,15.41,3.3,4.485613212,,
2000,1,31,31.6,24.5,27.1,68.8,14.81,2.7,4.148630625,,
2000,2,1,32.2,22.9,27,67,15.5,2.7,4.293853538,,
2000,2,2,32.7,23.1,27.3,66,18.75,2.3,4.652108712,,
2000,2,3,32.6,21.1,26.5,72.2,19.45,1.5,4.178118596,,
2000,2,4,31.8,20.2,25.7,77.8,15.6,0.7,3.200292926,,
2000,2,5,32.4,20.5,26,78.9,15.02,1,3.211546973,,
2000,2,6,35,21.7,27.4,71.6,16.69,0.8,3.658601608,,
2000,2,7,34.9,22.4,27.5,73.5,16.19,0.8,3.574033478,,
2000,2,8,34.2,23.3,28,73.9,14.82,0.8,3.346151282,,
2000,2,9,34.2,23,27.7,77.3,14.3,1.1,3.309570138,,
2000,2,10,33.8,23,26.6,83.6,12.36,0.9,2.789734374,,
2000,2,11,34.7,22.6,27.6,76.8,18.2,1.2,3.997872027,,
2000,2,12,34.5,22.1,27.6,76.2,16.97,1.2,3.784578535,,
2000,2,13,34,22.3,28,72.6,15.07,1.1,3.49278237,,
2000,2,14,34.2,24,28,75.2,16.61,1.5,3.88927012,,
2000,2,15,34,23.2,28.5,70.9,18.27,1.7,4.291277469,,
2000,2,16,34.1,23.3,26.7,82.3,14.26,0.9,3.148041121,,
2000,2,17,33.6,24.5,27.1,78.7,11.47,1.3,2.883710142,,
2000,2,18,35,23,27.1,81.8,18.88,0.9,3.98423779,,
2000,2,19,34.5,22.9,27.2,80.3,20.35,1.5,4.338165457,,
2000,2,20,35.7,22.6,27.9,76.9,20.38,0.8,4.307772484,,
2000,2,21,35.2,23.5,28.2,81,18.52,0.6,3.927249408,,
2000,2,22,34.9,24.2,27.4,82.8,16.95,1,3.693765694,,
2000,2,23,33.8,23.1,27.5,83.4,19.42,1.1,4.046622522,,
2000,2,24,34,22.8,26.8,85.9,20.74,1.1,4.210795477,,
2000,2,25,34,23.3,27.1,83.7,17.26,0.3,3.553586393,,
2000,2,26,34.6,22.8,28.1,74.1,19.19,1.5,4.310479258,,
2000,2,27,34,25.1,28.8,67.1,19.13,1.7,4.594345054,,
2000,2,28,30.5,22.9,25.9,82.4,7.64,1,1.982077115,,
2000,2,29,34,22.2,26.5,83.3,15.43,0.7,3.264013454,,
2000,3,1,32.8,23.5,26.8,84.9,13.78,0.7,2.962082611,,
2000,3,2,34.8,23.7,27.5,81,18.85,0.9,4.009457276,,
2000,3,3,34.6,23.5,26.5,84.7,16.72,0.8,3.537566526,,
2000,3,4,34.6,21.7,26.9,80.7,21.15,0.7,4.279513104,,
2000,3,5,34.5,22.4,27.4,79.1,24.1,0.9,4.853490324,,
2000,3,6,34.8,22.3,28.3,77.5,24.13,0.5,4.832980007,,
2000,3,7,35,24.2,27.5,83.7,17.62,0.9,3.789697881,,
2000,3,8,33.8,22.6,27.5,82.5,23.6,1.3,4.762206219,,
2000,3,9,35.2,23.1,28.5,77.5,22.09,0.9,4.631297906,,
2000,3,10,34.2,25,27.6,85.3,14.57,0.6,3.17322689,,
2000,3,11,33.7,23.5,27.8,84,20.47,1,4.225399759,,
2000,3,12,32.2,24.2,27.4,80.2,15.9,1.3,3.507972353,,
2000,3,13,33.8,23.9,27.5,81.5,22.24,0.7,4.510095962,,
2000,3,14,33.6,23.5,27.4,81.7,22.73,1.1,4.618787553,,
2000,3,15,34.4,23,28,79,24.18,0.7,4.87176771,,
2000,3,16,33.3,23.8,28.1,80,22.65,0.9,4.611178015,,
2000,3,17,34.2,24,27.1,83.5,19.43,0.8,4.036059634,,
2000,3,18,33,23.5,27,83.1,18.11,0.8,3.743231046,,
2000,3,19,34.1,22.5,28.1,78.7,23,0.6,4.622410806,,
2000,3,20,35.2,23.3,28.9,74.9,22.18,0.5,4.555147145,,
2000,3,21,34.6,23.7,28.7,73,20.8,0.9,4.426229988,,
2000,3,22,34.4,23.1,27.1,81.8,16.18,0.9,3.498499106,,
2000,3,23,34.4,23,26.7,85.5,19.76,0.8,4.046247039,,
2000,3,24,27.9,23.6,24.9,91.1,6.58,0.7,1.569872664,,
2000,3,25,28.9,23.4,26.1,83.1,6.23,0.3,1.556661376,,
2000,3,26,32.4,23.3,25.2,88.4,11.77,1,2.554174399,,
2000,3,27,33.4,23,27.6,78.5,21.1,0.6,4.255256835,,
2000,3,28,32.2,24.1,26.3,87,13.34,0.6,2.832955189,,
2000,3,29,33.8,22.8,27.6,82.6,19.77,0.5,4.027181611,,
2000,3,30,34.3,24.4,26.9,86.3,17.28,0.9,3.652858428,,
2000,3,31,33.2,23.8,27.5,84.6,23.36,0.5,4.657407847,,
2000,4,1,31.9,24.2,26.9,86.6,22.93,1,4.509502884,,
2000,4,2,32.4,23.2,27,86.7,22.37,1.1,4.414113686,,
2000,4,3,31.6,23.8,27.6,85.1,22.31,1.3,4.433891129,,
2000,4,4,33.6,24.5,28.1,81.6,23.43,0.9,4.778435581,,
2000,4,5,33.9,23.7,28.2,82.2,23.12,0.7,4.694975228,,
2000,4,6,34.4,24,28,81.9,23.53,0.7,4.795018301,,
2000,4,7,33.6,23.2,27.7,82.1,15.87,0.3,3.309576688,,
2000,4,8,33.7,24.2,27.5,82.3,17.53,0.4,3.638915218,,
2000,4,9,33.9,23.5,27.5,84.2,19.63,0.6,4.032919911,,
2000,4,10,31,24.1,26.6,91.4,15.06,1.6,3.064876635,,
2000,4,11,33,22.9,27.2,83.9,21.29,1,4.286946036,,
2000,4,12,32.4,23.5,27.7,82.9,16.43,0.5,3.412965444,,
2000,4,13,33.1,24.6,28.6,81.7,21.72,0.8,4.467719708,,
2000,4,14,31.5,25.4,28.2,85.3,8.56,0.2,1.98242081,,
2000,4,15,33.6,25.5,28.6,83.5,10.86,0.2,2.439438862,,
2000,4,16,29,25.6,25.7,91.3,2.48,0.4,0.859501823,,
2000,4,17,34.1,23.1,28.1,79.8,24.65,0.7,4.944121575,,
2000,4,18,34.2,23.5,28.2,81.5,22.74,1,4.679236583,,
2000,4,19,34,23.7,28.1,82.3,22.54,0.9,4.618163953,,
2000,4,20,33.3,24.8,27.8,86.2,16.16,1,3.469733544,,
2000,4,21,34.7,24.2,27.2,87.7,17.61,0.5,3.692571802,,
2000,4,22,33.4,23.4,27.7,86.6,23.07,0.9,4.627451398,,
2000,4,23,31.8,25.2,27.6,86.9,18.27,1.1,3.776871468,,
2000,4,24,32.4,24.8,28.4,82.7,18.35,0.7,3.831502589,,
2000,4,25,32.2,23.2,27.7,84.6,19.63,1.1,4.001273758,,
2000,4,26,34.3,24.8,29.2,80.3,23.71,0.6,4.886309081,,
2000,4,27,33,25.4,27.2,89.2,9.38,0.5,2.15294833,,
2000,4,28,34.2,24.3,28.4,83.1,19.77,0.5,4.116513198,,
2000,4,29,33.7,24.5,27.6,86.7,13.01,0.6,2.858813258,,
2000,4,30,33,24.1,26.7,90.1,13.18,1,2.830027943,,
2000,5,1,32.6,23.5,28.1,84.2,23.46,0.7,4.674322768,,
2000,5,2,31.9,24,27.1,86.8,16.11,0.7,3.338027989,,
2000,5,3,32.2,24.8,27.3,85.3,12.18,0.4,2.650360696,,
2000,5,4,30.6,23.1,26.1,87.6,9,0.3,2.002602596,,
2000,5,5,33,23.2,26.7,87.5,18.15,1.1,3.709843821,,
2000,5,6,32.1,23,27.7,84.9,22.13,0.6,4.381738442,,
2000,5,7,32.9,25.1,28.2,84.7,17.84,0.5,3.729599113,,
2000,5,8,32.7,24.3,28.5,84,21.93,0.9,4.471669793,,
2000,5,9,31.9,24.2,27.7,85,23.4,1.1,4.643280892,,
2000,5,10,32.4,25,27.9,86.9,20.77,0.9,4.233367432,,
2000,5,11,31.5,24.4,26.7,89.4,12.06,0.3,2.569579883,,
2000,5,12,31.2,23.6,26.5,90.1,14.9,1.1,3.060596112,,
2000,5,13,32.6,24.1,28.4,84.1,21.38,0.7,4.345236531,,
2000,5,14,33,24.7,28.7,84.3,22.29,0.9,4.570444891,,
2000,5,15,33.7,25.4,28.9,83.1,19.4,0.6,4.091513594,,
2000,5,16,33,25.3,27.6,84.7,20.27,1.1,4.204378954,,
2000,5,17,33.1,24,28.5,83.3,19.83,0.2,4.039375041,,
2000,5,18,32.4,25.6,28.7,85.7,13.96,0.3,3.012215264,,
2000,5,19,33.1,25.4,29.2,83.4,21.9,0.7,4.537711173,,
2000,5,20,33,24.6,29.1,82.7,21.25,0.5,4.364910545,,
2000,5,21,33.2,25.7,28.7,84.8,15.13,0.3,3.248806082,,
2000,5,22,34.1,24.6,28.7,82.9,14.85,0.3,3.199511027,,
2000,5,23,34.7,25,28.7,82.8,20.27,0.7,4.291059748,,
2000,5,24,30.3,23.7,25.8,91.2,8.57,1,1.950215429,,
2000,5,25,32.7,23.3,27.9,83.5,19.2,0.5,3.907298784,,
2000,5,26,33.1,24.5,28.4,83.4,20.05,0.5,4.124317828,,
2000,5,27,32.7,24.6,27.3,86,15.5,0.6,3.271183626,,
2000,5,28,31.8,23.9,27.9,85,20.5,1,4.145741834,,
2000,5,29,32,24,27.9,85.3,20.81,0.9,4.202511059,,
2000,5,30,29.1,23.9,26.3,90.9,8.53,0.9,1.94148558,,
2000,5,31,30,23.1,25.9,91.8,8.65,0.7,1.931453342,,
2000,6,1,32.6,23.5,27.9,86.9,14.99,0.3,3.145811981,,
2000,6,2,30,24.4,26.4,90.2,8.95,0.5,2.008123898,,
2000,6,3,30.3,22.4,25.9,88.4,9.92,0.3,2.143196023,,
2000,6,4,33.6,23.6,28.3,82.2,17.7,0.2,3.646910408,,
2000,6,5,34,25.3,29,82.3,18.89,0.3,3.962374184,,
2000,6,6,31.9,25.5,26.6,92,10.31,0.5,2.267901165,,
2000,6,7,33.5,23,27.9,84.7,19.06,0.3,3.889459816,,
2000,6,8,31,24.2,26.1,90.4,10.84,0.7,2.348339573,,
2000,6,9,31.5,23.8,27.2,87.3,11.99,0.1,2.545033695,,
2000,6,10,33,23.5,28.3,84.5,21.51,0.3,4.337095087,,
2000,6,11,30.2,25,26.4,88.3,11.14,0.9,2.449037668,,
2000,6,12,33.5,23,27.9,81.8,18.45,0.1,3.728219511,,
2000,6,13,32,24.5,28.1,85.3,19.31,0.5,3.938921939,,
2000,6,14,32.3,24.7,27.7,85.8,19.39,0.7,3.966891619,,
2000,6,15,31.7,24.5,27,86.8,11.42,0.7,2.530770971,,
2000,6,16,32.7,24.9,28.2,84.3,14.89,0.2,3.142943551,,
2000,6,17,31.9,23,27.1,87.5,10.5,0.1,2.274939157,,
2000,6,18,32.1,24.6,26.8,88.7,14.97,0.6,3.126854984,,
2000,6,19,31,23.2,26.6,86.9,10.12,0.6,2.257620312,,
2000,6,20,33.4,24.7,28.3,83.3,20.19,0.4,4.150482703,,
2000,6,21,33.2,23.8,28.3,81.8,20.48,0.3,4.147407946,,
2000,6,22,32.8,24.1,27.1,86.9,16.17,0.5,3.361891283,,
2000,6,23,32.9,23.1,27.6,84.5,18.96,0.4,3.847048755,,
2000,6,24,32.8,24.3,28.2,83.5,18.25,0.4,3.766245047,,
2000,6,25,33,24.2,28.5,82.6,19.17,0.7,3.987473083,,
2000,6,26,31,25,27.3,85.7,12.54,0.6,2.720810165,,
2000,6,27,32.5,23.6,27.7,84.2,20.25,0.6,4.091026178,,
2000,6,28,32.6,24.1,28.2,80.3,21.6,0.8,4.393341826,,
2000,6,29,30.6,22.1,26.1,88.5,10.99,1.1,2.401001275,,
2000,6,30,31.9,23.3,26.9,85.7,17.91,0.9,3.645739769,,
2000,7,1,31.2,23.5,26,90.3,14.5,1,2.970093594,,
2000,7,2,31.4,23.8,26.1,91.2,14.76,0.8,3.014709641,,
2000,7,3,28.5,23.1,24.8,95.3,7.15,1,1.593528095,,
2000,7,4,30.4,23,25.7,89.3,13.25,1.1,2.746964705,,
2000,7,5,33.1,23.5,27.6,83.8,19.12,0.3,3.877318202,,
2000,7,6,32.9,23.6,27.9,84.5,17.74,0.4,3.654608034,,
2000,7,7,32.7,24.2,28.2,82.3,21.04,0.5,4.261486535,,
2000,7,8,32.3,23.6,27.6,82.5,19.17,0.7,3.908059686,,
2000,7,9,32.6,23.1,27.5,83.9,20,0.9,4.060244515,,
2000,7,10,32.5,23.6,27.8,84.4,14.32,0.4,3.034713541,,
2000,7,11,32.3,25.1,28.1,84.6,10.51,0.2,2.340236945,,
2000,7,12,32.5,24.9,28.2,84.2,12.6,0.2,2.72255366,,
2000,7,13,33.4,24,28,83.9,17.07,0.3,3.548775524,,
2000,7,14,31.8,24,27.6,86,15.14,0.8,3.201155344,,
2000,7,15,32,23.5,27.4,86.7,15.5,0.6,3.228950743,,
2000,7,16,32.4,23.8,27.9,85.8,14.17,0.9,3.071405031,,
2000,7,17,32.4,24.4,28,84.7,11.28,0.1,2.451879874,,
2000,7,18,32.6,24.5,27.7,87,12.03,0.4,2.631908654,,
2000,7,19,33,24.9,28.4,84.1,19.12,0.5,3.965718939,,
2000,7,20,33.1,25,28.5,83,18.25,0.5,3.81933775,,
2000,7,21,31.9,24,27.7,85.4,18.05,0.6,3.694255733,,
2000,7,22,33.2,23.4,28.2,80.8,22.01,1.1,4.51438355,,
2000,7,23,33,23,27.3,84,22.17,1.9,4.502745209,,
2000,7,24,32.2,23.5,27.6,83.7,20.57,1.3,4.189962474,,
2000,7,25,32.2,23.3,26.8,85.9,15.1,1.4,3.232580489,,
2000,7,26,29.7,23,25.5,88.2,8.8,1.1,2.040536773,,
2000,7,27,31,23.1,26.4,87.3,12.38,1,2.669745829,,
2000,7,28,29.6,23.4,24.7,93.3,5.78,1.1,1.426228844,,
2000,7,29,32,22.5,26.9,85.8,22.73,1.7,4.445595966,,
2000,7,30,33.4,23.6,28.1,82.6,21.61,1.3,4.465237621,,
2000,7,31,30.3,23.5,26.9,85.1,14.96,1.6,3.18977097,,
2000,8,1,30.9,23.6,27.1,84.3,16.39,1.4,3.442595494,,
2000,8,2,31.8,23.9,27,86.5,16.58,1.3,3.457799342,,
2000,8,3,31.2,23.5,26.4,87.6,14.75,1.8,3.119991469,,
2000,8,4,31.3,23,26.7,85.6,17.22,1.1,3.511919948,,
2000,8,5,32.9,23.8,27.9,82.4,18.38,1.3,3.90473548,,
2000,8,6,31.2,21.5,26.1,83.4,22.43,1.5,4.327347045,,
2000,8,7,31.2,23,26.2,86.9,17.72,1.5,3.570909512,,
2000,8,8,31,23,26.7,86.7,17.14,1.3,3.482799676,,
2000,8,9,32.1,24.1,27.5,84.5,21.05,1.2,4.259597869,,
2000,8,10,32.7,23.9,27.5,84.1,22.75,1.3,4.578638788,,
2000,8,11,32,22.6,27.1,84.9,22.66,1.3,4.452836167,,
2000,8,12,31.9,23.7,27.2,84.8,21.05,2,4.266423889,,
2000,8,13,32.6,22.7,27.1,85.1,19.29,1.1,3.919869846,,
2000,8,14,31.3,22.2,26.7,86.8,17.71,1.4,3.569422179,,
2000,8,15,29,22.7,24.9,92.1,8.04,1.2,1.814590353,,
2000,8,16,30.1,22.9,25.9,89.4,10.87,1.5,2.385177818,,
2000,8,17,28.4,24.1,23.9,94,3.33,1.1,1.007450797,,
2000,8,18,32.6,21,26.9,83.5,21.07,1.1,4.177779274,,
2000,8,19,33,24.2,27.3,84.4,17.68,1,3.712331526,,
2000,8,20,30.5,23.4,25.5,91.8,8.4,1.5,1.928627524,,
2000,8,21,27.8,22.6,24.7,95.9,3.44,1.3,0.989053794,,
2000,8,22,31.7,23.8,26.5,89.4,13.48,1.3,2.863135877,,
2000,8,23,32.6,23.8,27.5,83.1,19.51,1.7,4.096864052,,
2000,8,24,33.4,24.4,28.5,79.7,24.14,1.3,4.969149613,,
2000,8,25,32.8,24.7,28.2,82.7,18.5,0.8,3.878687573,,
2000,8,26,33.7,24.8,28.7,78.5,22.34,0.8,4.624250136,,
2000,8,27,33.2,24.1,28.7,80.6,24.01,1.3,4.921398689,,
2000,8,28,33.6,24.8,28.9,80.7,22.69,1.1,4.729081102,,
2000,8,29,33.7,24.3,28.6,79.4,21.19,1,4.443331267,,
2000,8,30,33.4,24.5,28.3,80.2,15.92,0.9,3.498689557,,
2000,8,31,32.8,25,28.4,83.3,14.71,1,3.263924249,,
2000,9,1,31.2,25.3,28,84.4,8.73,0.5,2.075201757,,
2000,9,2,33.8,24.5,28.6,81.3,19.56,0.8,4.124563604,,
2000,9,3,33.6,24.3,28.4,81.8,18.54,1.3,4.006157273,,
2000,9,4,32.2,24,27.5,78.6,13.36,1.4,3.159348104,,
2000,9,5,33,23.3,27.7,82.3,15.5,0.9,3.345156703,,
2000,9,6,33.4,24.5,26.9,83.6,13.98,1.1,3.125201581,,
2000,9,7,31.6,23.2,26.9,85,11.26,0.5,2.468671223,,
2000,9,8,33.4,24,28.2,80.3,20.06,1.2,4.241071251,,
2000,9,9,31.8,23.2,27.1,84.6,18.88,1.9,3.901974385,,
2000,9,10,29.8,23.5,25.5,90.9,8.88,1.6,2.028912878,,
2000,9,11,31.5,22,26.1,84.6,15.1,1.9,3.247413624,,
2000,9,12,32.2,22.6,27.4,84,15.82,0.7,3.300600323,,
2000,9,13,32,23.7,26.9,86.7,12.34,0.9,2.707716304,,
2000,9,14,32.6,23.1,27.5,84.1,20.68,1.1,4.189933302,,
2000,9,15,30.9,24.5,26.4,87.3,13.57,2,2.974079785,,
2000,9,16,31.8,23.1,27.4,83.7,22.97,1.3,4.538103459,,
2000,9,17,32,24.3,27.4,85.5,12.69,0.9,2.807173713,,
2000,9,18,29.7,24.4,26.2,91.1,9.27,1,2.075137678,,
2000,9,19,32.7,23.7,26.1,89.8,16.15,1,3.309087513,,
2000,9,20,32.2,23.2,26.5,88.9,18.83,0.8,3.762372969,,
2000,9,21,32.9,23.5,26,91.4,14.66,0.5,3.027759283,,
2000,9,22,31.2,23.5,26.4,88.2,15.95,1.3,3.269398106,,
2000,9,23,31.4,23.2,25.8,90.1,13.29,0.7,2.75518615,,
2000,9,24,32.9,22.8,26.2,86.7,18.63,0.9,3.756629174,,
2000,9,25,33.3,23.6,26.5,88.3,15.61,0.7,3.254687832,,
2000,9,26,33.2,23.6,27.5,84.3,20.91,1.1,4.271163462,,
2000,9,27,31.3,23.5,26.8,86.6,18.23,1.7,3.707424909,,
2000,9,28,30.8,23.6,27.1,84.7,17.2,1.6,3.57758383,,
2000,9,29,32,23.9,27.6,84.5,21.57,1.3,4.344707826,,
2000,9,30,31.1,23.4,26.9,86,13.97,1.3,3.004924791,,
2000,10,1,31,24,25.5,92,11.39,0.7,2.403330028,,
2000,10,2,31.3,23.8,26.2,88.1,12.13,0.5,2.579094803,,
2000,10,3,32.6,23.6,27,83.7,20.91,0.8,4.197704269,,
2000,10,4,32.2,24.1,26.8,87.3,18.78,1,3.808430516,,
2000,10,5,31.2,23.1,26.9,83.5,17.09,1.3,3.551182552,,
2000,10,6,32,25,27,86.7,9.64,0.5,2.201764675,,
2000,10,7,31.9,23.9,27.2,86.1,17.87,0.7,3.64643588,,
2000,10,8,32.1,24.3,27.9,84.9,19.82,1.1,4.064179179,,
2000,10,9,31.5,23.3,26.8,86.3,14.09,0.5,2.941052544,,
2000,10,10,31.2,23.9,26.1,87.3,11.69,1,2.565691103,,
2000,10,11,32.3,23.5,27.7,83.9,19.64,1.5,4.061310901,,
2000,10,12,32.6,24.4,28.2,82.7,19.24,1.7,4.105321213,,
2000,10,13,31.9,24.7,26.8,89.5,10.75,0.7,2.382657457,,
2000,10,14,30.2,24,26.2,91.2,9.66,0.7,2.125976554,,
2000,10,15,33.4,24.4,28.3,83.5,18.25,0.4,3.794772935,,
2000,10,16,34.2,24.5,28.8,81.9,20.29,0.7,4.261480555,,
2000,10,17,32.5,25.1,27,88.3,15.89,1,3.34360405,,
2000,10,18,31.4,22.6,27,85.8,15.64,1.1,3.256406928,,
2000,10,19,31.8,24.5,27.8,85.2,15.85,1,3.369675187,,
2000,10,20,29.9,24.4,26.5,89.5,9.3,1.5,2.162361312,,
2000,10,21,28.3,24,25.6,91.5,7.06,0.8,1.664534192,,
2000,10,22,31.5,23.5,27.2,85.2,17.13,1.5,3.575246849,,
2000,10,23,31.8,24.6,27.8,85.2,17.38,0.9,3.621899739,,
2000,10,24,32.6,24.3,28.3,81.1,21.95,0.7,4.447011036,,
2000,10,25,33.2,24.5,28.3,82,21.25,1.1,4.414622394,,
2000,10,26,32.7,24.3,27.6,83.4,13.95,0.5,3.000603811,,
2000,10,27,32.8,23.9,26.3,89.4,12.69,0.8,2.724400024,,
2000,10,28,31.4,24.5,26.9,88.2,14.7,1.3,3.10888535,,
2000,10,29,29.6,23.4,25.1,94.2,7.67,0.9,1.715077762,,
2000,10,30,31.4,23,27.1,87.5,18.87,0.6,3.764990172,,
2000,10,31,32.1,24.3,27.8,83.8,21.03,0.8,4.249801112,,
2000,11,1,31.1,24.1,27.2,86.2,13.87,0.8,2.95306505,,
2000,11,2,32.1,23.7,27.5,85.8,18.86,0.6,3.826165839,,
2000,11,3,29.9,24.7,26.5,90.8,8.91,0.6,2.006009899,,
2000,11,4,32.2,23.6,25.4,92.2,9.68,0.6,2.114234127,,
2000,11,5,33,23.3,26.8,85.7,18.4,0.5,3.734265147,,
2000,11,6,33.2,23,27.2,83.1,22.66,1.1,4.545259687,,
2000,11,7,33.4,23.9,27.8,81.7,16.89,0.6,3.560150951,,
2000,11,8,33,23.5,27.1,86.9,14.85,0.5,3.123534273,,
2000,11,9,32,24.5,26.8,85.7,9.69,0.9,2.285529846,,
2000,11,10,33.5,23,27.6,78.8,19.3,0.8,4.002872166,,
2000,11,11,33.4,23.8,27.9,75.1,22.09,1.2,4.621085241,,
2000,11,12,32.4,24.2,27.5,84.3,16.57,0.7,3.469036027,,
2000,11,13,34.1,23.8,28.2,76.8,20.86,1.2,4.452496394,,
2000,11,14,33.3,24.1,27.9,81.1,17.34,1.1,3.745258577,,
2000,11,15,31.2,24.6,26.9,86.8,11.19,0.9,2.507478315,,
2000,11,16,31.6,23.8,26.7,86,12.33,0.9,2.703585767,,
2000,11,17,33.6,23.6,27.1,87.2,18.72,0.5,3.833302697,,
2000,11,18,31,24.6,26,92.3,11.52,0.4,2.440530296,,
2000,11,19,32.4,23.7,27,84.9,16.36,0.8,3.41325187,,
2000,11,20,31.8,24.4,26.4,90.1,9.5,0.9,2.159861274,,
2000,11,21,31.2,23.9,27,84.3,13.83,1.3,3.035215546,,
2000,11,22,27.6,23.7,23.6,97.2,0,0.7,0.383987926,,
2000,11,23,27,22.3,24.3,94.3,5.14,0.8,1.27792422,,
2000,11,24,30.8,23,26.1,89.9,13.68,0.6,2.813188835,,
2000,11,25,32.5,23.5,27.3,86.9,15.88,0.5,3.29752542,,
2000,11,26,33.4,24.5,27.5,85.1,15.5,0.8,3.331155694,,
2000,11,27,30.9,23.4,25.5,91.9,9.08,0.9,2.014035067,,
2000,11,28,33.4,23.6,27.5,83.5,19.44,1.3,4.066566138,,
2000,11,29,32.2,24,27.5,86.1,14.43,0.2,3.016211094,,
2000,11,30,29.6,23.9,26.3,90.3,5.68,0.1,1.393558685,,
2000,12,1,31.5,24,26,91.1,9.9,0.4,2.16274641,,
2000,12,2,32,23.9,27.3,83.9,14.04,0.5,2.980415494,,
2000,12,3,33.2,23.6,27.6,83.4,14.32,0.3,3.028861988,,
2000,12,4,33.9,23.2,27.8,79,17.15,0.5,3.591513654,,
2000,12,5,34,22.5,27.5,81.4,17.49,0.3,3.58629726,,
2000,12,6,33.9,23,27.5,81.2,17.45,0.8,3.689276542,,
2000,12,7,33.6,22.4,27.3,81.3,17.51,0.7,3.646458703,,
2000,12,8,33.4,22.5,27.2,82.3,19.49,0.5,3.937190565,,
2000,12,9,33,22,27,82.3,19.6,0.7,3.948260876,,
2000,12,10,33.4,23,27.8,82.5,19.87,0.7,4.068244218,,
2000,12,11,32.5,23.9,27.6,82.2,15.68,0.7,3.331094499,,
2000,12,12,32.8,23.3,27.5,84,16.48,0.9,3.478064062,,
2000,12,13,33.9,22.7,27.6,84,16.05,0.3,3.343776065,,
2000,12,14,33.6,23.8,26.5,89.5,12.26,0.3,2.630951478,,
2000,12,15,33.5,23.1,27.9,77.1,19.21,1.4,4.165021919,,
2000,12,16,33.8,23.3,27.4,80.9,16.25,1,3.532133078,,
2000,12,17,32.8,24.4,27.5,80.9,15.57,1.3,3.472823541,,
2000,12,18,32.5,23.5,26.9,84,12.42,0.8,2.75343648,,
2000,12,19,30.8,23.9,25.6,91.3,7.75,0.7,1.792843408,,
2000,12,20,31.5,23.6,26.9,86.1,13.38,0.6,2.840353986,,
2000,12,21,30.2,23.4,26.5,85.4,9.34,1.2,2.233137348,,
2000,12,22,30.3,25.2,26.1,86.5,7.89,1.1,1.975282013,,
2000,12,23,31.4,22,25.7,84.1,11.9,1,2.624651876,,
2000,12,24,32.8,21.9,26.9,78.7,16.45,1.4,3.603558521,,
2000,12,25,33.2,22.4,27.2,77.6,18.2,1.1,3.865292753,,
2000,12,26,33.4,22.1,26.8,78.7,16.59,1,3.557113486,,
2000,12,27,33,22.2,27.1,79,20.19,1.2,4.167428224,,
2000,12,28,28.2,23,25,91.4,6.48,0.9,1.564505203,,
2000,12,29,29.4,23.1,25.3,90.4,7.88,1.3,1.854237667,,
2000,12,30,31.9,23.4,26.5,87.9,11.15,0.5,2.426007468,,
2000,12,31,27.4,23.9,24.6,94.8,2.09,0.5,0.765627886,,
2001,1,1,33.6,21.5,26.7,79.3,17.6,1,3.704398922,,
2001,1,2,31.3,22.5,26.9,78,12.42,0.6,2.720837904,,
2001,1,3,32.4,23.7,27.2,78.1,14.78,0.8,3.222225177,,
2001,1,4,30.2,23,26,79.8,9.85,0.7,2.289204801,,
2001,1,5,32.8,21.2,26.5,79.3,20.13,1.1,4.075709136,,
2001,1,6,33.3,23,26.2,87.3,12.33,0.4,2.636927171,,
2001,1,7,32.5,23.1,26.8,85.8,15.5,0.7,3.232045163,,
2001,1,8,33.9,22.2,26.6,86.4,15.37,0.5,3.205005617,,
2001,1,9,34.7,23.1,28.1,76.1,21.08,0.8,4.395243459,,
2001,1,10,34.2,22.5,26.5,83.4,19.01,0.8,3.902562894,,
2001,1,11,32.8,22,26.4,85.8,17.2,0.7,3.49523506,,
2001,1,12,31.5,24.4,26.6,88.7,10.88,0.4,2.369179045,,
2001,1,13,31.3,24,26.9,85.6,12.12,0.6,2.630948053,,
2001,1,14,32.4,23.5,26.1,88.4,13.13,0.7,2.783371746,,
2001,1,15,32.1,23.7,26.8,79.8,16.17,1.9,3.656487549,,
2001,1,16,31.6,22.5,26.6,74.6,13.52,1.6,3.274210815,,
2001,1,17,29.8,23.1,25.3,82.7,8.85,0.9,2.123940307,,
2001,1,18,28.2,22.5,24.9,90.6,4.04,0.7,1.170019555,,
2001,1,19,28,24.1,25.2,88.3,4.36,1.4,1.375662628,,
2001,1,20,32.5,22.4,27,80.1,13.93,1.7,3.246697406,,
2001,1,21,31.1,23.5,26.5,84.3,14.11,1.2,3.04194178,,
2001,1,22,32.1,22.6,26.5,86.1,16.38,0.5,3.327862521,,
2001,1,23,33.5,22.5,27.5,77.8,20.54,1.3,4.311606467,,
2001,1,24,34,22.7,27.4,81.6,16.77,0.4,3.481588042,,
2001,1,25,33,24.5,26.8,87.1,14.44,0.6,3.067526059,,
2001,1,26,33.6,23.3,27.2,86.1,17.48,0.4,3.601557346,,
2001,1,27,33.5,23.5,26.2,89.3,13.71,1,2.92464749,,
2001,1,28,33.8,22.6,27.5,78.8,21.4,1.3,4.455231997,,
2001,1,29,33.7,22.8,28.1,71.8,19.63,1.5,4.368183995,,
2001,1,30,33.3,22.5,27.6,72.7,16.9,1,3.706909417,,
2001,1,31,30.1,22.8,26.2,81.7,7.4,0.3,1.762517859,,
2001,2,1,32.1,23,27.2,75.2,11.72,0.3,2.544133511,,
2001,2,2,33.4,23.1,27.7,78,15.54,0.3,3.234144552,,
2001,2,3,33.3,23.5,26.7,84.9,14.73,0.7,3.136876783,,
2001,2,4,32.6,23.1,26.9,80.5,16.88,1.3,3.634537257,,
2001,2,5,34,21.3,27.4,76.4,19.66,0.9,4.077680243,,
2001,2,6,34.1,23,28,76,20.21,1.2,4.325020099,,
2001,2,7,33.5,22.5,27.4,77.2,18.22,1.2,3.923418935,,
2001,2,8,34,23.1,27.7,75.9,15.78,1,3.534903276,,
2001,2,9,33.5,22.8,28,69.2,20.14,1.2,4.359394623,,
2001,2,10,34,23.8,27.9,73.8,18.54,0.4,3.808634682,,
2001,2,11,34.3,23.7,28.4,75.1,21.15,1,4.476962728,,
2001,2,12,34.9,23.5,28.1,78.5,18.73,0.8,4.004851775,,
2001,2,13,34,23,27.4,82.1,15.44,0.4,3.253782516,,
2001,2,14,32.9,23.6,27.4,76.7,13.1,1.7,3.276700369,,
2001,2,15,34.4,23,28.7,63.9,22.77,2.9,5.682998298,,
2001,2,16,34.1,24.4,28.7,63.5,22.38,2.4,5.474784254,,
2001,2,17,33.3,24,28,66.5,22.1,2.2,5.155254837,,
2001,2,18,34.9,21,27.3,71.4,21.2,1.1,4.473663941,,
2001,2,19,35,21.6,27.6,73.1,22.04,1.3,4.688680206,,
2001,2,20,34.6,22.3,27.9,73.3,19.52,1.5,4.358674576,,
2001,2,21,35,22.5,28,75.9,21.17,1.3,4.549285812,,
2001,2,22,35.7,22.4,28.1,73.3,20.92,1.5,4.663106575,,
2001,2,23,35.4,21.9,28.1,76,21.07,1.4,4.56868177,,
2001,2,24,35.8,22.9,28.3,72.3,20.94,1.6,4.751596948,,
2001,2,25,35.3,21,27.8,74.4,21.79,1.4,4.667368366,,
2001,2,26,36.4,21.6,28.1,70.3,23.39,1.8,5.25053614,,
2001,2,27,35.4,22,28.4,68.7,23.49,2.3,5.421612193,,
2001,2,28,35.2,21.3,28.4,66.1,23.95,2.6,5.634966551,,
2001,3,1,35,21.8,28.6,66.1,22.56,2.8,5.520720434,,
2001,3,2,35.4,24.3,29.3,66.4,22.9,2.7,5.694942512,,
2001,3,3,35,23,29,68.7,20.98,2.4,5.100383476,,
2001,3,4,35.3,23,28.8,66.9,22.97,2.3,5.444446208,,
2001,3,5,31.2,25,27.9,69.3,9.37,2.1,3.101219092,,
2001,3,6,33.3,24.9,28.6,69.2,11.62,1.8,3.391526661,,
2001,3,7,35.4,23.6,28.5,75.8,20.45,2.1,4.733359526,,
2001,3,8,34,24.4,26.5,85.4,12.51,1.4,2.898608324,,
2001,3,9,33.2,23.3,26.8,86.3,13.25,1,2.90413707,,
2001,3,10,32.2,24,26.9,85.3,15.53,1.4,3.335722321,,
2001,3,11,32.8,23.4,27.3,82.1,15.29,1.2,3.353501739,,
2001,3,12,34.8,23.6,28.3,76.7,20.46,1.2,4.425943055,,
2001,3,13,34.2,23.4,27.5,79.5,18.13,1.7,4.046984508,,
2001,3,14,35,23.4,27.9,81,14.59,0.9,3.287354955,,
2001,3,15,34.7,23.7,27.9,79.1,20.64,2,4.573497376,,
2001,3,16,32.4,23.6,27.1,81.2,15.03,1.3,3.333378608,,
2001,3,17,34.3,23.1,28.6,75.9,23.2,1.4,4.896511027,,
2001,3,18,34.4,24.5,29.1,75,22.45,1.6,4.916555937,,
2001,3,19,33.1,24.6,28.1,80.9,19.29,1.5,4.156010975,,
2001,3,20,31,23.3,26.3,88.3,12.45,1,2.664529429,,
2001,3,21,33,23.5,28.2,80.8,22.43,1.5,4.629364646,,
2001,3,22,34.3,23.9,27.7,83.9,21.84,1.2,4.520936095,,
2001,3,23,34.2,24,27.1,88.2,16.53,0.9,3.491512413,,
2001,3,24,32.4,23.9,27.8,84,18.57,1,3.852509315,,
2001,3,25,33.6,25,28.2,82.3,22.69,1.3,4.71614662,,
2001,3,26,32,24.7,27.8,83.9,15.4,1,3.322752642,,
2001,3,27,28.7,25.2,25.8,92.7,3.33,0.7,1.021305129,,
2001,3,28,31.9,23.8,27.2,86.9,18.86,1.8,3.854046746,,
2001,3,29,31.2,24.6,26.2,90.9,9.87,0.8,2.190827009,,
2001,3,30,32.9,24.1,27.1,88.2,19.13,1,3.899841594,,
2001,3,31,34.5,23.7,28.1,84.9,21.91,1.1,4.535799683,,
2001,4,1,33.1,24.2,27.7,86.6,20.34,1,4.164348563,,
2001,4,2,33.2,23.8,28,84.4,22.63,1.1,4.59025954,,
2001,4,3,33.3,24.6,27.2,88.1,13.79,1.1,3.011928281,,
2001,4,4,33.2,23.6,27.1,88.3,17.55,0.7,3.615302872,,
2001,4,5,33.5,24,27.3,88.5,15.65,1.3,3.335815754,,
2001,4,6,33.6,23.5,26.5,90.7,11.97,0.5,2.582841029,,
2001,4,7,34,23.3,28.4,82.7,22.96,0.9,4.690005338,,
2001,4,8,33.3,25.2,28.5,83.2,19.2,1.2,4.097384442,,
2001,4,9,33.7,24,28.1,85.5,18.87,1.3,3.98335093,,
2001,4,10,33,24.4,28,84.6,22.42,1.3,4.573213784,,
2001,4,11,34.6,22.7,28.1,82,22.01,1,4.544697247,,
2001,4,12,34.1,24.4,29.1,81.5,22.74,0.9,4.728864215,,
2001,4,13,35.2,23.1,27.3,81.5,21.04,1.1,4.41329318,,
2001,4,14,34.4,23.5,27.8,83,20.33,0.7,4.20714591,,
2001,4,15,34.6,24.4,28.4,80.9,19.26,0.5,4.041068651,,
2001,4,16,35.2,24.5,29,79.1,21.35,1.1,4.601152487,,
2001,4,17,34.6,24.3,27.3,85.9,17.47,0.8,3.705245971,,
2001,4,18,34.4,23.5,28.2,84.6,24.24,1.1,4.936628751,,
2001,4,19,34.6,24.5,29.3,83.3,25,1,5.176324464,,
2001,4,20,34,25.6,29.7,83.2,23.28,1.1,4.900280449,,
2001,4,21,34,26,29.6,82.1,22.56,1.3,4.815736959,,
2001,4,22,34.5,25.6,29.7,81,22.04,0.9,4.695545513,,
2001,4,23,32.7,26.1,28.7,85.5,18.51,1.4,3.967132826,,
2001,4,24,34.8,25,28.3,85,19.11,0.9,4.083643602,,
2001,4,25,33.2,24.7,27.8,87.3,19.72,0.9,4.069148939,,
2001,4,26,34,24.2,26.8,90.1,15.15,1.1,3.213006981,,
2001,4,27,33.2,24.2,26.9,89.6,18.04,0.8,3.699395922,,
2001,4,28,32.9,24.1,28.3,85.1,20.57,0.9,4.224695464,,
2001,4,29,31.1,25,27.1,88.7,11.44,1.5,2.578645191,,
2001,4,30,32.8,24.3,28.4,83.7,23.16,1,4.692986606,,
2001,5,1,30.4,25,27.4,88.4,9.84,0.5,2.210080296,,
2001,5,2,31.9,23.6,27.1,89.1,10.3,0.7,2.30449527,,
2001,5,3,33.8,24.2,27.7,88.5,13.06,0.9,2.880760323,,
2001,5,4,32.5,24.5,27.7,87.7,11.59,0.7,2.583394361,,
2001,5,5,34,25.5,28.1,86.7,19.89,1.9,4.229278585,,
2001,5,6,33.3,24,28.8,80.7,22.81,1,4.685984613,,
2001,5,7,34.2,25.2,27.1,88.7,14.6,0.7,3.14987952,,
2001,5,8,31.8,23.6,27.2,86.4,17.95,1.1,3.672548539,,
2001,5,9,33.1,24.5,28.6,82.2,20.19,0.8,4.197238189,,
2001,5,10,33.6,25.5,29.4,83.2,20.14,1,4.293424674,,
2001,5,11,33,26,29.2,84.8,17.67,0.8,3.796854994,,
2001,5,12,33.2,25.6,29.2,82.1,19.75,0.9,4.195671409,,
2001,5,13,34,25.5,29.3,82.3,20.26,0.8,4.309777636,,
2001,5,14,33.8,25.3,29.6,83.1,20.73,0.7,4.375447215,,
2001,5,15,33.2,25.3,29.1,83.3,22.65,1.3,4.721323415,,
2001,5,16,33.3,25.2,29,83.3,17.35,1.3,3.806901323,,
2001,5,17,32.6,26,29.1,84.9,12.13,0.7,2.76783107,,
2001,5,18,34.1,25.9,29.7,82.6,20.42,0.9,4.384454119,,
2001,5,19,33.8,25.8,29.6,82.8,20.1,1.1,4.329880822,,
2001,5,20,31.8,26.1,28.7,86.4,14.12,0.9,3.105033748,,
2001,5,21,33.1,26.2,29.2,84.6,17.57,1.3,3.848237711,,
2001,5,22,33.3,25.1,28.9,83.7,17.43,0.8,3.739654225,,
2001,5,23,33,25.5,28.1,84.2,16.33,1.1,3.556649273,,
2001,5,24,31.5,23.5,27.4,87.8,15.95,0.7,3.291919993,,
2001,5,25,29.3,25,26.2,90.9,7.33,0.6,1.72536351,,
2001,5,26,33.6,23.6,28.3,83.5,20.28,1.3,4.247004616,,
2001,5,27,33.7,25.2,29.1,79.7,22.04,0.8,4.599733304,,
2001,5,28,32.5,24.7,28,84.5,19.01,1.5,4.003048738,,
2001,5,29,33.3,23.5,28,81.4,19.97,0.7,4.104738894,,
2001,5,30,33,25.3,28.8,82.2,17.37,0.6,3.694325051,,
2001,5,31,33.8,24.5,29.2,81.4,21.22,1,4.468040738,,
2001,6,1,35.1,25.8,28.8,82.5,21.68,0.9,4.627666153,,
2001,6,2,32.7,24.3,27.9,85.6,19.48,1.1,4.025406448,,
2001,6,3,32.4,24,26.5,88,12.39,0.9,2.699787447,,
2001,6,4,32.6,23.7,28,82.8,20.22,1,4.153576835,,
2001,6,5,32.4,25,28.5,82.7,20.79,0.8,4.277530932,,
2001,6,6,32.6,24.5,27.9,84.4,17.6,0.8,3.687244228,,
2001,6,7,30.3,25.2,26.2,90.6,10.44,1.2,2.309237365,,
2001,6,8,32.6,23.3,27.2,83.9,12.93,0.1,2.713724775,,
2001,6,9,32.5,23.2,28,81.7,21.77,0.4,4.327643584,,
2001,6,10,33.7,24.4,28.9,80.3,20.98,0.5,4.325406247,,
2001,6,11,34,25.3,28.7,84.7,15.25,0.6,3.334338945,,
2001,6,12,34.1,25.5,29.3,78.6,21.53,0.7,4.52965513,,
2001,6,13,33.7,23.9,28.7,78.5,23.51,0.7,4.77580799,,
2001,6,14,32.7,24.3,28.4,83.1,18.53,1,3.900363565,,
2001,6,15,32.6,24.5,28.1,82,16.63,0.9,3.563837007,,
2001,6,16,32.8,24.5,27.8,83.7,17.11,0.9,3.626405339,,
2001,6,17,32.3,23.8,27.2,84.6,13.89,0.5,2.954445725,,
2001,6,18,28.1,22.6,24.9,93.2,3.34,0.8,1.019847252,,
2001,6,19,32.3,22.8,27.2,83.6,18.97,0.4,3.799735968,,
2001,6,20,30.8,23.5,26.6,88.8,11.06,0.7,2.406860238,,
2001,6,21,32,23.6,27.3,88.3,15.6,1,3.255617716,,
2001,6,22,29.6,23,25.5,94,6.9,1.2,1.603557497,,
2001,6,23,32.3,23.7,27.6,86.5,13.34,0.5,2.859946721,,
2001,6,24,33.1,24.1,28.5,83.5,18.98,0.6,3.940662539,,
2001,6,25,29.7,24.5,26.5,89.5,6.78,0.8,1.679171409,,
2001,6,26,32.2,23,27.4,87.6,17.33,1.4,3.572145068,,
2001,6,27,32.6,22,27.2,84.3,17.24,0.5,3.510137214,,
2001,6,28,33,24.2,28.2,85.3,16.29,1,3.492362696,,
2001,6,29,31.5,23.3,26.6,84.6,11.58,0.8,2.571260478,,
2001,6,30,32.2,23.5,27.7,83,19.32,0.8,3.941376275,,
2001,7,1,32.6,23.8,27.9,85.5,19.8,0.8,4.043243989,,
2001,7,2,31.3,25.2,28,86.4,10.23,1,2.39821286,,
2001,7,3,32.7,24.5,27.8,82.9,13.94,1.5,3.202642559,,
2001,7,4,31.4,23.8,26.3,89.8,9.23,0.7,2.087275296,,
2001,7,5,32.7,24,28.1,84.7,19.32,0.8,3.982257919,,
2001,7,6,33.3,24.2,28.6,78.3,21.18,1.3,4.487373707,,
2001,7,7,32.8,22.9,27.8,81.1,17.46,0.8,3.654243126,,
2001,7,8,32.6,24.6,28.1,81.6,15.01,0.7,3.25305969,,
2001,7,9,33.6,23.5,28,81.7,17.74,0.5,3.694806392,,
2001,7,10,33.2,24.2,28.5,84.6,18.78,0.7,3.920747567,,
2001,7,11,32.7,25.3,27.8,86.3,14.3,0.8,3.11059207,,
2001,7,12,31.3,23.7,26.8,88,10.95,0.7,2.413648608,,
2001,7,13,33.1,24.2,27.9,85.3,19.56,0.8,4.035343779,,
2001,7,14,31,23.7,26.3,91.7,8.18,0.7,1.87466605,,
2001,7,15,32.9,23.5,26.7,87.3,18.38,1.9,3.78959539,,
2001,7,16,32.6,22.7,27.5,83.9,21.51,0.7,4.287694455,,
2001,7,17,33.7,24,28.3,83.1,22.85,1,4.679325533,,
2001,7,18,33.1,24.1,28.4,82.5,22.28,0.7,4.527477911,,
2001,7,19,33,23.5,28.1,82.1,23.48,0.8,4.707034967,,56
2001,7,20,33,24.1,28.4,82.5,22.17,0.9,4.524840872,,
2001,7,21,32.6,24.1,28.3,83.5,18.47,0.6,3.823184248,,
2001,7,22,33.9,24,28.4,82.7,20.54,0.9,4.285498902,,
2001,7,23,33.5,24.5,28.4,83.3,24.02,1.1,4.898275287,,
2001,7,24,31.2,24.3,26.9,87.5,15.03,1.2,3.160838771,,
2001,7,25,32.2,24.1,28.1,83.8,21.37,1.2,4.351730424,,
2001,7,26,32.6,22.4,27.7,82.8,21.05,1,4.243202154,,
2001,7,27,32.7,24.5,27.9,84.3,20.67,1.1,4.24958301,,
2001,7,28,33.5,24.5,28.6,83.7,20.28,1,4.246895195,,
2001,7,29,31.6,24.6,27.6,84.9,19.3,1.5,3.982307248,,
2001,7,30,33.4,24,28.3,81.8,22.95,1,4.687591312,,
2001,7,31,28.4,23.3,24.8,93.5,5.33,0.7,1.328391643,,
2001,8,1,32.3,22.3,27.1,84.4,21.94,1.1,4.339099803,,
2001,8,2,32.4,24.2,26.4,89.4,11.83,0.7,2.565415412,,
2001,8,3,32.4,23.3,26.9,83,15.69,0.8,3.306933314,,
2001,8,4,32.9,23.2,25.7,86.7,16.08,1.1,3.336538907,,
2001,8,5,26.5,22.9,23.9,94.7,3.09,0.9,0.948738881,,
2001,8,6,31.6,22.1,25.5,89.1,17.02,1,3.370510849,,
2001,8,7,33.1,23,27.2,85.8,15.61,0.4,3.247369192,,
2001,8,8,32.7,23.3,27.6,84.3,21.28,0.7,4.273463893,,
2001,8,9,32.9,23.9,28.2,83.6,20.58,0.7,4.206060215,,
2001,8,10,33,24.8,27.7,86.2,13.55,1.1,3.014945392,,
2001,8,11,32.7,23.6,27.9,84.5,17.79,0.9,3.712510093,,
2001,8,12,33.6,23.5,28.3,83.3,18.72,0.7,3.906876329,,
2001,8,13,32.7,24.6,28.1,85,13.42,0.4,2.903056912,,
2001,8,14,33.8,23.9,28.1,82.6,17.64,0.5,3.696920957,,
2001,8,15,33.1,24.3,28.2,83.8,21.75,1.4,4.490247826,,
2001,8,16,33,24,28,81.9,20.73,1.7,4.367908183,,
2001,8,17,33.5,23.5,28.3,82.7,20.25,1.5,4.269613428,,
2001,8,18,33.3,25,28.7,83.2,19.86,1.4,4.235087684,,
2001,8,19,33.5,25.5,28.7,81.8,16.22,1.1,3.612122655,,
2001,8,20,32,25,27.6,85.9,11.78,1,2.676569778,,
2001,8,21,31.2,24.9,27.4,87.7,9.97,1.1,2.324494952,,
2001,8,22,31,23.2,26.9,87.9,9.39,1.5,2.235451145,,
2001,8,23,33.2,24.3,27.9,85.1,10.88,0.7,2.505135559,,
2001,8,24,32,24.8,27.7,83.9,12.14,0.8,2.733945017,,
2001,8,25,33.4,23.7,28.2,80.1,19.39,1.2,4.123193102,,
2001,8,26,33.3,23.8,27.8,82.5,16.81,1.3,3.658090346,,
2001,8,27,32.2,23.2,27.5,85.3,15.63,1.6,3.370497115,,
2001,8,28,32.7,24.2,27.8,84.2,15.96,0.8,3.398845333,,
2001,8,29,29,22.8,25.5,92.4,7.24,0.3,1.652741162,,
2001,8,30,31.7,24.1,27.1,87.9,14.11,0.7,2.98022573,,
2001,8,31,33.4,23,27.9,84.4,16.59,0.5,3.469287164,,
2001,9,1,33.2,24.5,28.2,83.5,18.07,0.8,3.810118989,,
2001,9,2,30.7,24.3,26.4,88.7,11.53,1,2.516021953,,
2001,9,3,30.8,23.4,25.4,92.9,8.42,0.9,1.881343768,,
2001,9,4,31.6,22.5,26.3,85.8,17.88,1.1,3.601228887,,
2001,9,5,30.2,23.8,26.2,90.1,15.77,1.2,3.16845799,,
2001,9,6,32.4,23.1,27.5,84.5,21.39,1,4.287380373,,
2001,9,7,32.6,24.7,27.2,86.9,18.26,1.1,3.778722103,,
2001,9,8,32.5,23.3,27.2,86.8,21.75,1.4,4.330512405,,
2001,9,9,32.6,23.5,27.7,85,20.41,1.5,4.180084654,,
2001,9,10,29.7,24,26.6,86.8,9.09,0.5,2.060781588,,
2001,9,11,32.8,24,27.9,83.2,17.13,1.1,3.65540909,,
2001,9,12,34,24.5,28.2,84.3,19.53,0.7,4.08595612,,
2001,9,13,32.6,23.6,27.8,83.3,18.82,0.9,3.890577391,,
2001,9,14,34,23.4,27.7,83.5,19.74,0.9,4.101202177,,
2001,9,15,34.5,23.3,27.8,84.6,21.03,1,4.352531515,,
2001,9,16,32.9,24.5,27.4,84.5,17.4,1.2,3.694705141,,
2001,9,17,32.2,22.8,26.8,86.9,20.41,1.7,4.067659105,,
2001,9,18,30,24.1,26.8,86,14.97,1.2,3.134298593,,
2001,9,19,32.6,24.2,27.4,83.2,21.85,1.5,4.461847368,,
2001,9,20,31.4,24,27.1,83.4,13.51,1.3,3.014331981,,
2001,9,21,32.8,23.4,27.7,82.1,20.59,1.4,4.261898477,,
2001,9,22,32.2,23.7,27.5,84.3,22.9,1.5,4.575866735,,
2001,9,23,32,24,27.6,83.3,17.5,1.1,3.673371373,,
2001,9,24,32.2,24.5,27,86.6,15.9,1.2,3.364215791,,
2001,9,25,33,23.8,28.2,82.8,23.6,1,4.758090139,,
2001,9,26,32.8,24.7,26.9,85.3,16.98,0.9,3.560554105,,
2001,9,27,28.2,22.7,25,91,6.57,0.3,1.537023881,,
2001,9,28,33.1,23,27.9,82.1,17.34,0.6,3.609847289,,
2001,9,29,33,24.5,28.3,80.4,13.06,0.3,2.833581524,,
2001,9,30,28.7,24.7,24.8,91.8,5.51,0.7,1.389088294,,
2001,10,1,30.5,22.1,25.4,89.4,11.4,0.7,2.403832636,,
2001,10,2,31.7,23.5,26.6,88,15.58,0.7,3.204319734,,
2001,10,3,32,23.7,27.5,85,18.49,0.8,3.777708191,,
2001,10,4,34.1,24.6,28.7,82.3,20.23,0.8,4.258892409,,
2001,10,5,30,23.5,26.5,86.9,8.82,0.7,2.041706546,,
2001,10,6,33.2,23.7,28.2,81.3,19.08,0.6,3.94290059,,
2001,10,7,32.7,23.6,27.3,83.5,16.42,0.9,3.469976071,,
2001,10,8,30.7,21.9,26.3,88.5,10.22,0.4,2.215136874,,
2001,10,9,33.6,22.5,28.4,82.3,22.15,0.7,4.484010307,,
2001,10,10,33.2,24.5,28.2,83.2,14.62,1,3.247629475,,
2001,10,11,31.3,24.7,26.3,89.1,7.08,0.5,1.705712079,,
2001,10,12,31.4,23.3,26.3,88,13.39,1.4,2.865038994,,
2001,10,13,32,23.5,27.3,84.8,18.58,1,3.799546453,,
2001,10,14,33,24.4,28.3,82.7,21.44,1,4.414803801,,
2001,10,15,30.5,25.4,26.5,90,8.16,0.6,1.896687503,,
2001,10,16,29.5,24.4,25.3,93.9,6.87,0.9,1.596377959,,
2001,10,17,31.2,23.2,26.4,88,16.67,1,3.372257902,,
2001,10,18,31.6,24.2,27.2,86.9,15.74,0.7,3.271879612,,
2001,10,19,28.4,24.3,26.1,92.9,6.56,0.3,1.546642824,,
2001,10,20,33,23.4,27.5,83.9,21.49,0.8,4.331437742,,
2001,10,21,32.9,23.7,26.6,87.6,15.15,0.7,3.173406584,,
2001,10,22,32,24.5,27.6,86.7,16.51,0.8,3.447415478,,
2001,10,23,31.7,24.5,27.5,87.4,13.18,0.4,2.812022654,,
2001,10,24,29.8,23.3,26.8,89.7,15.27,1.9,3.099037906,,
2001,10,25,32.6,24.3,27.8,84.1,18.91,0.7,3.89561152,,
2001,10,26,31.6,23.5,27.3,85.9,18.11,0.8,3.679162377,,
2001,10,27,32.1,24.9,26.7,90.2,10.52,0.4,2.312832113,,
2001,10,28,33.2,23.5,26.9,88.5,16.65,0.4,3.432538043,,
2001,10,29,31.8,24.1,26.3,91.4,13.81,0.5,2.869894211,,
2001,10,30,31.9,23.6,27.1,85.8,15.74,0.3,3.231101396,,
2001,10,31,32.7,23.2,27.7,83.6,17.66,0.7,3.65621789,,
2001,11,1,32.2,25,27.4,87,14.52,0.6,3.088767728,,
2001,11,2,27.8,24.4,24.9,94.7,3.18,0.3,0.936209986,,
2001,11,3,31.6,23,26.8,87,17.8,0.7,3.582817598,,
2001,11,4,31,24.2,27.3,87.1,19.22,1,3.859673469,,
2001,11,5,32.7,24.3,26.4,90.1,13.6,0.7,2.875972271,,
2001,11,6,33,23.1,26.1,90.7,16.82,0.9,3.409222644,,
2001,11,7,34.3,24.2,27.9,84.2,19.86,0.7,4.138531256,,
2001,11,8,32.2,24.2,26.6,90.5,11.02,0.3,2.386481804,,
2001,11,9,31.6,23.4,26.7,86,12.54,0.3,2.64950918,,
2001,11,10,33.4,23.7,27.1,88,14.41,0.3,3.037803706,,
2001,11,11,33,24.2,27.9,82.7,14.78,0.5,3.164324817,,
2001,11,12,33.4,24.1,28,81.9,16.44,0.5,3.471820002,,
2001,11,13,34.2,24.1,28.1,84.7,16.89,0.4,3.565921509,,
2001,11,14,32.5,25,27.7,85.8,17.4,0.5,3.614300916,,
2001,11,15,32.9,22.6,26.4,89.7,16.11,0.7,3.295303821,,
2001,11,16,30.2,24,26.2,87.5,14.29,1,2.968079355,,
2001,11,17,28.9,23.6,26,88.5,5.63,0.4,1.432669245,,
2001,11,18,28.6,23.8,25.9,89.9,4.26,0.3,1.173865273,,
2001,11,19,31.5,23.2,26.9,82.9,17.24,0.9,3.545418353,,
2001,11,20,32.1,23.4,27.1,78.3,17.62,1.4,3.806893233,,
2001,11,21,33.1,22.6,27,80.5,18.51,1,3.850925066,,
2001,11,22,33.4,22.6,27.5,76.5,20.55,1.2,4.305438595,,
2001,11,23,33,22.8,27.4,77.4,18.39,0.8,3.826598309,,
2001,11,24,33.5,23.9,27.7,77.8,15.65,0.5,3.332742072,,
2001,11,25,32.8,23,27.5,74.3,20.62,1.3,4.35266641,,
2001,11,26,33,23.1,27.6,70.7,18.5,1.3,4.100551517,,
2001,11,27,33.4,25.1,28.2,67.1,17.25,1.1,3.96898945,,
2001,11,28,33.5,22.9,27.9,71.2,17.94,1.2,3.993906066,,
2001,11,29,35,22.8,28,78.8,20.54,1.1,4.365818228,,
2001,11,30,32.3,24.5,27.1,83,13.56,1.1,3.034390044,,
2001,12,1,34.2,23.8,27.7,83.4,19.89,1.2,4.186543831,,
2001,12,2,32.9,23.4,25.7,89.4,12.68,0.5,2.677952768,,
2001,12,3,33.6,23.2,27.6,82.9,18.03,0.6,3.739684749,,
2001,12,4,33,22.2,27.2,81.9,20.25,0.6,4.057175335,,
2001,12,5,33.4,22.3,27.4,83,19.89,0.6,4.023880495,,
2001,12,6,33,23.5,27.6,83.4,20.58,0.9,4.195916675,,
2001,12,7,33.4,23.3,26.7,85.5,15.84,0.7,3.322640944,,
2001,12,8,33.9,22.3,27.4,83.1,17.26,0.4,3.558213312,,
2001,12,9,34.1,22.4,27.7,77.9,20.2,0.9,4.199261179,,
2001,12,10,33.6,22.9,27.9,76,19.99,0.8,4.143881742,,
2001,12,11,33.8,22.8,27.4,78.8,17.22,0.7,3.631609817,,
2001,12,12,32.7,22.3,27.5,80.1,14.34,0.4,3.020484935,,
2001,12,13,34,22.6,27.9,75.7,21,1.4,4.488332458,,
2001,12,14,32.4,23.4,27.5,77.4,16.06,2,3.75794242,,
2001,12,15,28,24.5,25.8,86.9,4.8,0.7,1.365984156,,
2001,12,16,29.5,23.6,25.9,88.5,8.75,1,2.025433025,,
2001,12,17,32.6,23.7,26.9,84.8,12.39,1.5,2.859381793,,
2001,12,18,32.4,23.5,27.7,79.3,17.41,2.1,3.92687542,,
2001,12,19,33.6,24.5,28.4,72.1,21.12,2.1,4.854366612,,
2001,12,20,33,23.1,28,71.7,19.42,2,4.470555315,,
2001,12,21,33,24,28.1,71.6,16.42,1.8,3.992597763,,
2001,12,22,28.8,24,25.1,89.2,4.46,1.1,1.324847112,,
2001,12,23,27.4,23,24.8,87.8,4.6,1.8,1.471049115,,
2001,12,24,32,23.9,26.9,77.4,13.17,2.2,3.370343087,,
2001,12,25,31.8,23,27,75.5,19.62,2.4,4.383676153,,
2001,12,26,32.9,23.5,27.3,72.7,19.92,2,4.516058271,,
2001,12,27,32,23.2,26.6,79.1,10.68,1.7,2.776805608,,
2001,12,28,31.2,24.5,27.2,78.8,14.67,2.4,3.562529457,,
2001,12,29,31.1,22.9,26.5,76.7,14.77,2.5,3.621836031,,
2001,12,30,32,24.3,27.2,69.8,20.53,3.1,5.031590335,,
2001,12,31,32.2,21.5,26.6,73.5,20.64,2,4.456265931,,
2002,1,1,31.8,21.4,26.1,77.4,18.16,2.5,4.049317918,,
2002,1,2,32.2,21.6,26.6,67.8,20.8,2.9,4.966020929,,
2002,1,3,31.6,22.6,26.8,63.3,20.62,3.5,5.377211424,,
2002,1,4,31.8,21,26.7,65.7,20.51,2.9,4.951185613,,
2002,1,5,31.8,22.5,27.2,68.1,17.84,2.5,4.428677155,,
2002,1,6,32.2,23.3,27.3,70.7,16.86,2.7,4.323886135,,
2002,1,7,31.8,24,27.4,67.4,19.41,3.3,5.033816542,,
2002,1,8,30.5,24.1,27.1,66.4,21.51,4.7,5.669173529,,
2002,1,9,31,23,26.7,65.2,20.72,3.7,5.321908022,,
2002,1,10,31.6,22.5,27,65,21.71,4.6,5.767857802,,
2002,1,11,32.6,23.2,27.5,68.1,15.04,3.1,4.374336476,,
2002,1,12,32,22.5,27.3,71.2,17.77,2.7,4.373861249,,
2002,1,13,32.5,22.1,27.2,68.8,16.03,2.3,4.114182708,,
2002,1,14,31.5,23.3,26.7,76.2,14.31,1.5,3.336539524,,
2002,1,15,33.4,22.8,27.6,71.3,20.24,2.5,4.77790084,,
2002,1,16,33.6,21.8,27.4,71.3,21.46,2.1,4.797163515,,
2002,1,17,34.8,22.2,28,71.3,20.81,2.3,4.889606553,,
2002,1,18,33.2,23.4,28.1,67.8,20.47,2.8,5.068045659,,
2002,1,19,34,22.4,27.6,72.7,17.1,2.2,4.202316969,,
2002,1,20,33.5,22.8,27.7,72.3,16.34,2.6,4.219933753,,
2002,1,21,32.4,23.6,27.4,75.3,12.61,2.3,3.415401107,,
2002,1,22,33.6,24.2,28.4,63.4,19.41,3.5,5.507611385,,
2002,1,23,33.7,24.3,28.3,60.9,19.96,3.8,5.881933612,,
2002,1,24,30.6,23.1,26.7,72.7,12.45,2.5,3.454503602,,
2002,1,25,32.3,23,27.3,74.7,15.25,2.6,3.88216754,,
2002,1,26,33.6,23,28.2,68.1,19.29,2.8,4.906453713,,
2002,1,27,33.8,22,27.9,66.1,21.71,3,5.36914748,,
2002,1,28,34,23.2,28.3,64.2,18.74,3.3,5.272208272,,
2002,1,29,33.2,24.5,28.4,62.7,17.51,3.6,5.321734526,,
2002,1,30,33.7,25,28.5,59.6,21.57,4.3,6.441374977,,
2002,1,31,33.9,23.7,28.2,58.9,20.68,3.3,5.830667591,,
2002,2,1,34.2,20,27.3,58.5,22.86,3,5.800125314,,
2002,2,2,34.4,21.2,27.9,64.6,22.38,3,5.547699421,,
2002,2,3,34.6,22,28.3,64.5,22.03,2.2,5.225332878,,
2002,2,4,35,21.6,28.1,62.1,22.08,2.5,5.475241943,,
2002,2,5,34.8,21.8,28.1,67,21.66,2.5,5.224073544,,
2002,2,6,35,21.5,27.9,62.7,21.76,2.7,5.501286824,,
2002,2,7,36.2,21.8,27.8,66.5,22.07,2.4,5.403767859,,
2002,2,8,35.7,21.9,28,62,21.08,2.1,5.223413936,,
2002,2,9,36.2,21,27.9,58.5,22.19,2.2,5.556562003,,
2002,2,10,36.3,21.1,27.9,64.3,23.65,2.5,5.732382921,,
2002,2,11,34.8,21,28.1,62.3,20.36,3.1,5.462372015,,
2002,2,12,34.4,22.8,28.6,60.6,19.98,2.9,5.442021763,,
2002,2,13,35.2,22.9,28.7,61.1,20.94,2.7,5.541310794,,
2002,2,14,34.4,21.5,27.9,62.6,23.2,2.7,5.631438989,,
2002,2,15,34.9,21.3,27.7,62.7,21.62,2.7,5.463799136,,
2002,2,16,34.6,20.6,27.9,60,22.57,3.1,5.814527361,,
2002,2,17,35,21.7,28.5,61.6,23.3,2.8,5.801360768,,
2002,2,18,35.1,22.2,28.3,63.5,22.26,2.7,5.579882425,,
2002,2,19,34.5,21.5,28.2,61.9,20.56,2.7,5.313023023,,
2002,2,20,32.6,22.7,28.1,64.3,14.05,2.6,4.177280626,,
2002,2,21,35.2,22.7,27.4,75.5,18.32,1.9,4.287322751,,
2002,2,22,35.4,22.9,28.1,73.6,17.59,2,4.297809933,,
2002,2,23,36,23.1,29,70.5,22.83,2.2,5.343428464,,
2002,2,24,35.5,23.3,29.5,59.8,21.7,2.9,5.841504001,,
2002,2,25,36.2,24,29.6,59.9,23.42,3.3,6.409688708,,
2002,2,26,35.7,23,29.4,62.7,19.5,2.7,5.317708522,,
2002,2,27,35.2,23.7,27.6,77.5,14.08,2.1,3.647207156,,
2002,2,28,35.7,23.9,29.3,66.5,22.8,2.1,5.432309434,,
2002,3,1,36.1,23.5,29,64.9,21.38,2.1,5.28562208,,
2002,3,2,36.4,23.6,28.9,70.4,21.13,2.3,5.182293312,,
2002,3,3,36.8,22.9,29.2,60.8,24.2,2.3,5.972247312,,
2002,3,4,36.6,21.8,28.8,58.5,24.07,2.4,6.005680382,,
2002,3,5,36.5,22.2,28.9,61.4,23.9,1.9,5.625562974,,
2002,3,6,37.3,21.6,28.9,59.2,24.09,2.5,6.116715472,,
2002,3,7,37.4,21.1,29,60.8,22.18,2.6,5.827336953,,
2002,3,8,36.1,24.2,30,49.8,22.57,2.9,6.500020813,,
2002,3,9,36.5,23,29.6,55.6,23.65,2.4,6.080321287,,
2002,3,10,36.4,22.8,29.7,58.3,20.98,2.9,5.882742332,,
2002,3,11,37,23,29.8,61.1,24.1,2.4,6.023544527,,
2002,3,12,36.2,23.7,30,57.2,24.22,2.8,6.337681151,,
2002,3,13,37.1,22.3,29.3,60.6,23.95,2.4,5.998875463,,
2002,3,14,36.7,23,29.1,68.8,20.44,1.9,4.966010572,,
2002,3,15,36,23.8,29.3,70.9,20.56,2.2,5.013300804,,
2002,3,16,36.8,22.6,29.4,68.8,22.98,2.1,5.437973179,,
2002,3,17,38.4,22.7,29.7,62.7,23.23,2.3,5.939695612,,
2002,3,18,37,23.4,29.8,60.5,21.65,3.5,6.298478964,,
2002,3,19,34.6,25.3,29.2,62.8,18.17,3.6,5.588401501,,
2002,3,20,35.3,24.9,29.2,66.4,17.98,2.8,5.048242728,,
2002,3,21,36.4,24.4,29.4,68.8,19.69,2.1,4.971378932,,
2002,3,22,34.9,23,27.7,81.5,19.62,1.8,4.284031888,,
2002,3,23,35.2,24.5,29,75.7,21.39,2.1,4.917303904,,
2002,3,24,33.5,25,28.5,79.6,11.94,1.2,2.931414781,,
2002,3,25,35.4,25,29,79.6,21.56,1.6,4.762558729,,
2002,3,26,35.7,25,28.9,80.7,23.1,1.7,5.036509057,,
2002,3,27,36.7,23.6,29,71.9,23.23,1.8,5.313488591,,
2002,3,28,36.4,23.5,29.5,69.2,24.16,2.1,5.614317642,,
2002,3,29,35.6,24.4,29.1,75.3,22.1,1.9,5.019529071,,
2002,3,30,34.6,24.6,28.9,76.7,22.58,1.9,4.987274635,,
2002,3,31,35.8,24.3,29.7,70.7,22.07,1.6,5.045272229,,
2002,4,1,35.9,24.5,29.4,66.9,23.14,1.7,5.344798016,,
2002,4,2,35.8,22.7,29,62,23.96,2.3,5.778361677,,
2002,4,3,35.2,22.6,27.6,76.9,16.27,1.6,3.830550143,,
2002,4,4,35.7,24,28,79.4,20.9,1.7,4.629828584,,
2002,4,5,35.4,24.4,27.5,82.9,18.58,1.4,4.077189859,,
2002,4,6,32.9,24.7,28,83.7,14.74,1.5,3.330669812,,
2002,4,7,35.3,24.6,27.9,84.1,18.47,1.5,4.058189961,,
2002,4,8,32.6,24,28,82,19.08,2.2,4.143354238,,
2002,4,9,33.1,24.9,28.4,80.4,15.81,1.7,3.654899995,,
2002,4,10,31.3,25,28.2,80.7,15.26,2.4,3.604768871,,
2002,4,11,36.2,24.9,29.9,72.3,23.31,1.8,5.348777055,,
2002,4,12,36.4,24.2,30.4,63.5,25.29,2.5,6.163597374,,
2002,4,13,36.6,23.5,30.1,62.4,25.08,2.3,6.055249139,,
2002,4,14,34.3,24,27.9,79.8,14.94,1.6,3.530549399,,
2002,4,15,34.9,24.5,27.8,81.9,23.64,1.7,4.979542909,,
2002,4,16,35.6,24,28.3,80,23.61,1.6,5.052097365,,
2002,4,17,34.6,23.8,28.3,81.5,23.89,1.7,5.000600252,,
2002,4,18,34.7,24.5,28.6,82.5,23.18,1.6,4.896319052,,
2002,4,19,35.7,24.8,28.8,79.5,23.32,1.7,5.089311923,,
2002,4,20,34.6,24.7,28.3,81.8,20.2,1.5,4.382703118,,
2002,4,21,34.1,24.5,28.5,79.7,22.66,1.9,4.869814587,,
2002,4,22,34.2,24.6,28.9,81.2,21.75,1.6,4.66337477,,
2002,4,23,34.7,25.2,29.4,77.5,19.08,1.8,4.412956687,,
2002,4,24,34,25.4,28.3,81.3,19.61,1.6,4.300826171,,
2002,4,25,33.4,24.8,28.1,83.2,20.13,1.8,4.304083712,,
2002,4,26,33.5,25,28,84.9,15.69,1.1,3.43826411,,
2002,4,27,33.8,24.5,28.1,82.9,22.07,1.9,4.65369541,,
2002,4,28,33.4,24.1,27.6,86.3,22.63,1.5,4.582597187,,
2002,4,29,34.1,24.2,27.2,88.3,16.44,1.2,3.49523809,,
2002,4,30,34.6,23.9,28.3,83.6,23.26,1.9,4.868646386,,
2002,5,1,32.8,24.6,28.3,81.6,17.45,1.1,3.760017486,,
2002,5,2,33.9,25.1,29.1,80.5,23.73,1.9,5.056272964,,
2002,5,3,35.1,25.5,29.4,79,21.51,1.4,4.736853891,,
2002,5,4,35.4,25.1,30.3,73.7,22.93,1.6,5.147823549,,
2002,5,5,35.1,25.4,29.6,76.2,21.97,1.5,4.888435231,,
2002,5,6,33.7,25.1,28.7,79,15.69,1.6,3.691167761,,
2002,5,7,32.2,25.3,27.3,88.1,13.63,1.4,2.992519622,,
2002,5,8,33.9,24.1,27.5,86.6,21.94,1.8,4.492490525,,
2002,5,9,31,25.3,28.1,86.6,11.21,1.1,2.572330076,,
2002,5,10,30.9,24.2,27.5,88.4,8.09,1.3,2.005480839,,
2002,5,11,32.7,24.7,28.7,83.3,15.14,1.3,3.383706589,,
2002,5,12,34.4,24.6,29.3,77.2,21.37,1.3,4.63624947,,
2002,5,13,34.9,24.5,29.5,76.5,22.9,1.1,4.889660133,,
2002,5,14,34.2,25.2,29.5,78,21.19,1.3,4.610737424,,
2002,5,15,34.8,25,29.6,75.2,23.96,1.4,5.174115032,,
2002,5,16,34.2,25,29.6,79,20.92,1.8,4.64367306,,
2002,5,17,34.3,26,30,81.8,19.49,1.5,4.341472284,,
2002,5,18,34.4,26.3,29.9,80.1,21.32,1.5,4.706892818,,
2002,5,19,34.2,26,30.1,79.9,21.64,1.5,4.747471879,,
2002,5,20,32.9,26.9,29.7,81.9,15.91,1.7,3.708001779,,
2002,5,21,32,26,28.5,82.5,10.42,1.6,2.675592229,,
2002,5,22,33.2,24.3,28.8,78.1,22.73,1.4,4.768379685,,
2002,5,23,32.6,25,28.9,80,22.02,1.7,4.662893192,,
2002,5,24,32.8,24.5,29,79.5,23.27,2.3,4.953695879,,
2002,5,25,32.2,25,28.1,82.7,18.68,2,4.048750708,,
2002,5,26,32.8,25.1,28.5,80.9,20.47,1.9,4.423594667,,
2002,5,27,32.6,25,28.5,80.6,16.73,1.7,3.779620306,,
2002,5,28,32.9,24.7,28.9,78.8,22.69,1.4,4.752243388,,
2002,5,29,32.4,25,28.9,79.5,21.03,1.6,4.484649353,,
2002,5,30,33.6,25.6,29.5,78.5,22.36,1.6,4.839001249,,
2002,5,31,33.2,25.2,29.4,79.7,22.34,1.9,4.813912711,,
2002,6,1,32.7,26,28.7,82.5,17.25,1.7,3.856033098,,
2002,6,2,33,25,28.8,82.1,19.11,1.8,4.172057633,,
2002,6,3,32.2,25,28.1,82.2,18.77,2.4,4.130221098,,
2002,6,4,31.3,24.5,27.5,82.9,13.15,1.7,3.053593299,,
2002,6,5,33.6,25,28.5,82.3,21.31,1.6,4.530753986,,
2002,6,6,32.7,25.4,28.5,82.7,15.61,1.3,3.488440193,,
2002,6,7,31.6,24.9,28.1,84.9,18.43,1.7,3.882839931,,
2002,6,8,32.4,25.1,28.9,83.1,20.02,1.5,4.238460466,,
2002,6,9,33.4,25,28.9,82.9,20.48,1.9,4.414145468,,
2002,6,10,32.5,24.6,27.4,88.6,11.04,1.5,2.548831761,,
2002,6,11,32.4,24.2,27.8,85.7,19.6,1.4,4.042080545,,
2002,6,12,31.3,24.4,26.7,87.9,10.89,1.8,2.529217943,,
2002,6,13,32.2,23.5,27.5,83.7,18.58,1.4,3.871576445,,
2002,6,14,31.1,23.1,26.9,84.8,16.96,1.5,3.521100888,,
2002,6,15,32.8,24.5,28.7,80.9,21.13,1.1,4.399316846,,
2002,6,16,32,25.1,28.6,82.6,17.61,1.2,3.777257171,,
2002,6,17,32.9,25.1,28.8,82.7,18.1,1.2,3.904292414,,
2002,6,18,33,25.7,29,81.3,19.55,1.4,4.234679799,,
2002,6,19,32.6,23.7,28.2,82,19.6,1.5,4.131386677,,
2002,6,20,33,24.6,28.7,80.3,18.38,1.3,3.993170893,,
2002,6,21,32.9,24.3,28.7,79.9,19.92,1.1,4.204671274,,
2002,6,22,32.4,23.5,28.3,81.3,18.6,1.3,3.939466264,,
2002,6,23,33.2,24.6,28.5,83.4,16.41,0.9,3.548715389,,
2002,6,24,33.1,24.3,28.7,80.9,19.64,1.1,4.15655945,,
2002,6,25,33.5,25.2,29.3,79.2,20.92,1.4,4.52005149,,
2002,6,26,32.9,26,29.3,82,16.55,1.6,3.758943147,,
2002,6,27,31.8,22.5,27.5,86.3,12.77,1.4,2.833113548,,
2002,6,28,32.6,23,28,86.2,20.2,0.8,4.092247649,,
2002,6,29,32.8,24.7,28.9,82.4,21.79,1.3,4.533480661,,
2002,6,30,32.4,25,28,85.3,20.29,1.9,4.228560685,,
2002,7,1,32,23.2,27.4,86.6,19.13,2.1,3.91073657,,
2002,7,2,32.1,24,26.3,86.3,14.1,1.4,3.058872837,,
2002,7,3,32.3,22.6,26.8,84.7,16.8,1.4,3.521697158,,
2002,7,4,31,23.3,25.8,89.5,8.76,1,2.022536094,,
2002,7,5,32.1,23,27,87.8,16.98,0.8,3.467765418,,
2002,7,6,32.4,25.2,27.4,88.5,13.39,1.2,2.933260221,,
2002,7,7,32.2,24.7,28.5,84.7,20.42,1.3,4.223011017,,
2002,7,8,33,25.3,28.9,82.3,21.18,1.5,4.48749746,,
2002,7,9,31.2,25.1,27.4,88.4,11.4,0.9,2.536294712,,
2002,7,10,28.4,24,25.1,95.2,1.18,1.2,0.64514807,,
2002,7,11,30.3,23.2,26.4,91.7,11.11,1.4,2.377170244,,
2002,7,12,33,23.1,28.1,83.6,20.57,0.9,4.202430539,,
2002,7,13,32.7,24.9,28.6,84.4,18.44,1,3.894790508,,
2002,7,14,32.7,24.8,28.9,82.6,19.23,1.2,4.083270581,,
2002,7,15,32.3,25.1,28.8,82.5,12.78,0.9,2.919323649,,
2002,7,16,32,25,28.3,82.9,11.88,1,2.760024209,,
2002,7,17,33,24.5,28.1,83.7,19.35,1.8,4.130059522,,
2002,7,18,32.4,22,26.9,84.9,19.25,1.6,3.917728175,,
2002,7,19,32.3,24,28.2,79.5,23.32,1.5,4.769971897,,
2002,7,20,32.2,23.5,28,80.2,22.95,1.3,4.640830988,,
2002,7,21,32.3,24.5,27.7,83.3,18.72,1.5,3.955175544,,
2002,7,22,32,23.5,28.1,81.5,19.04,1.7,4.038394665,,
2002,7,23,32.2,24,28.2,79.3,21.5,1.5,4.476416338,,
2002,7,24,32.8,23.7,27.9,82.6,21.94,1.4,4.491587191,,
2002,7,25,32.4,23.6,27.3,83.2,19.45,1.5,4.039195839,,
2002,7,26,32.6,24.2,28.2,83,21.82,1.5,4.492473126,,
2002,7,27,32.9,23.8,28.5,81,22.27,1.5,4.615820759,,
2002,7,28,31.6,24.5,27.7,85.4,15.59,1.4,3.355564216,,
2002,7,29,31.3,23.9,26.5,87.2,14.79,1.5,3.132586924,,
2002,7,30,32.3,23,27.2,81.2,16.78,1.3,3.597079663,,
2002,7,31,33.4,23.8,28.2,80.1,22.5,1.1,4.627129497,,
2002,8,1,33,24.7,28.5,82.5,21.04,2.3,4.510855058,,
2002,8,2,31.7,24.5,26.9,87.7,16.21,1.9,3.411656025,,
2002,8,3,32,22.5,27,82.4,21.03,1.8,4.270679891,,
2002,8,4,32.4,23.5,27.1,81.5,20.93,1.9,4.351988332,,
2002,8,5,32.8,23.5,27.6,83.2,17.24,1.2,3.66602423,,
2002,8,6,33.3,25.3,28.6,82.6,16.5,1,3.614540361,,
2002,8,7,30.6,25.8,25.9,91.3,4.34,0.7,1.21760754,,
2002,8,8,29.5,23.6,26.5,86.9,8.8,0.7,2.033184757,,
2002,8,9,29.8,22.7,26.3,84.7,13.88,1,2.912567411,,
2002,8,10,31.7,23.4,25.6,88.3,14.63,1.6,3.05953309,,
2002,8,11,32,22.4,27,85.1,21.83,1.5,4.312990625,,
2002,8,12,32.6,24,28.1,81.8,20.46,1.3,4.255746587,,
2002,8,13,31,24.1,27.8,85.3,10.35,0.6,2.348233681,,
2002,8,14,32.9,24.2,28,81.3,21.56,0.9,4.407782891,,
2002,8,15,32.2,23,27.6,83,18.98,1.2,3.915606385,,
2002,8,16,33,23.1,28,81.2,19.07,1.1,3.994481171,,
2002,8,17,32.5,24.3,27.9,82.9,17.51,1.3,3.747680038,,
2002,8,18,31.6,24.5,27.5,87.3,9.32,0.9,2.199270405,,
2002,8,19,32.7,25.4,28.4,81.6,17.47,1.9,3.922314287,,
2002,8,20,33.1,24.7,28.2,80.3,11.79,1.9,3.047873802,,
2002,8,21,33.8,24.6,28.4,80.5,17.46,0.9,3.781565019,,
2002,8,22,32.4,24.2,28,79.3,13.97,1.1,3.183901725,,
2002,8,23,34,24.5,27.4,81.6,17.85,1.8,3.982563836,,
2002,8,24,32.1,23.6,27.2,84.9,13.22,1.2,2.935536095,,
2002,8,25,32.2,23.8,27.9,83.6,16.42,1.7,3.580326687,,
2002,8,26,30.5,23.7,26.8,87.1,15.18,1.8,3.193744159,,
2002,8,27,30.3,23.5,26.4,87,13.98,1.5,2.965496247,,
2002,8,28,28.6,22.8,25.1,90.5,7.84,1.6,1.850444671,,
2002,8,29,33,22.6,27.4,81.2,17.57,1.2,3.733060084,,
2002,8,30,30.7,23.5,26.1,89.7,9.17,1.3,2.114984031,,
2002,8,31,29.6,23.6,26.2,88.7,11.23,0.8,2.414912978,,
2002,9,1,31.9,23.3,27.2,85.2,14.65,0.9,3.115877604,,
2002,9,2,32.7,23.8,27.7,83.1,18.19,1.2,3.832031,,
2002,9,3,32.2,24.2,27.1,86.3,17.26,2.2,3.664031843,,
2002,9,4,31.8,23.1,26,90.1,13.41,1.8,2.827116571,,
2002,9,5,31.7,22.8,27.1,84.2,16.39,1.6,3.478602067,,
2002,9,6,33.2,23.8,28.2,81.1,20.07,1.4,4.246204493,,
2002,9,7,33.1,24.5,28,82.3,19.7,1.5,4.187607364,,
2002,9,8,32.6,24.1,27,86.7,12.91,1.5,2.900361991,,
2002,9,9,29.6,22.6,24.7,92.5,8.17,1.9,1.849362899,,
2002,9,10,29,23,24.5,92.3,9.27,2,2.014742497,,
2002,9,11,30.8,22.7,26.3,84,12.52,1.2,2.766479131,,
2002,9,12,32.6,24,27.7,81.4,18.66,1.2,3.937065965,,
2002,9,13,33,24.2,27.9,80.8,21.38,1.5,4.473157797,,
2002,9,14,32.9,24.2,28.5,78.6,23.06,1.3,4.764621051,,
2002,9,15,32.7,24.5,28.2,79.8,19.15,1.5,4.134228899,,
2002,9,16,29.2,23.8,25.9,85.9,6.95,1.2,1.825514064,,
2002,9,17,32,23,27.1,80.9,19.72,1.7,4.113321971,,
2002,9,18,29.9,23.6,26.1,88,10.63,1.4,2.388117487,,
2002,9,19,33.2,23.5,27.9,80.6,22.89,1.7,4.734696865,,
2002,9,20,32.9,24.5,28.4,81.6,19.2,1.5,4.121698705,,
2002,9,21,29.8,25,26.2,88.3,4.79,0.8,1.36794892,,
2002,9,22,28.3,23,25.3,90.3,8.54,1.1,1.931433871,,
2002,9,23,28.5,23.4,25.1,89.9,8.89,1.2,2.004569889,,
2002,9,24,32.1,23,26.5,82.3,20.06,1.6,4.105239623,,
2002,9,25,34.2,23.8,27.4,79.9,20.68,1.5,4.418517688,,
2002,9,26,33.3,24,26.6,85.3,18.76,1.8,3.938408351,,
2002,9,27,32.7,23.1,27,84.7,21.38,1.4,4.302155198,,
2002,9,28,31.5,23.5,26.5,87.5,22.47,2.1,4.347842181,,
2002,9,29,30.9,23.3,26.7,85.2,18.03,1.6,3.67865548,,
2002,9,30,32,24.3,26,88.2,13.67,1.1,2.910825645,,
2002,10,1,33.1,23.5,27.8,79.8,19.71,1,4.107348383,,
2002,10,2,33.9,23.7,27.1,83.1,19.68,1.5,4.154112329,,
2002,10,3,33,24,26.6,85.3,16.17,1,3.41563091,,
2002,10,4,33.5,23.5,26.9,83.3,20.04,0.8,4.087644063,,
2002,10,5,32.6,23.6,27.1,83.6,20.12,1.7,4.161493587,,
2002,10,6,32,23.3,27.4,83.5,22.32,1.7,4.4806208,,
2002,10,7,30.8,23.7,26.9,86.7,18.85,2.6,3.8198452,,
2002,10,8,31.8,23.8,26.8,84.9,21.99,1.7,4.377934213,,
2002,10,9,32.5,23.6,27.3,82.5,17.56,1.3,3.725914629,,
2002,10,10,32,24.4,26.3,89.3,12.21,1.4,2.674906142,,
2002,10,11,31.6,24.1,27,86,20.59,1.7,4.137409113,,
2002,10,12,31.8,23.8,26.9,85.4,19.51,2.1,4.00091388,,
2002,10,13,31.4,23.2,26.9,83.3,21.07,1.6,4.224669154,,
2002,10,14,33.2,24.1,28.2,78.9,21.87,1.5,4.606303937,,
2002,10,15,30,24.5,27.6,83.1,14.72,1.5,3.220564573,,
2002,10,16,31.3,25.5,27.5,85.3,13.73,1.5,3.073194897,,
2002,10,17,31.2,23.8,27.1,84,18.89,2.5,3.960881507,,
2002,10,18,31.8,24.2,28.1,81.9,22.35,2.1,4.606902156,,
2002,10,19,31.6,23.1,26.9,84,17.31,1.4,3.604403215,,
2002,10,20,32.6,24.4,28.2,82,19.34,1.3,4.083610672,,
2002,10,21,30.6,23.9,26.8,83.8,17.91,2.1,3.750520015,,
2002,10,22,31.3,23.8,27,84.5,16.21,2,3.492282518,,
2002,10,23,30.2,23.7,25.6,89.2,8.67,1.5,2.053084898,,
2002,10,24,32.7,23.2,27.2,81.6,21.46,1.7,4.417893336,,
2002,10,25,33,23.5,26.9,82.4,16.71,1.1,3.562983286,,
2002,10,26,32.4,23.3,27.2,83.7,19.46,1.4,4.007560497,,
2002,10,27,32.2,24.5,27.5,84.2,19.33,1.7,4.042381295,,
2002,10,28,32.2,24,26.5,86.8,18.01,1.3,3.687844636,,
2002,10,29,33.4,23.6,27.4,83.9,21.92,1.7,4.500597348,,
2002,10,30,32.6,23.1,26.7,85.7,15.27,0.9,3.216780804,,
2002,10,31,33.7,23.9,27.2,84.2,20.36,1.6,4.25014761,,
2002,11,1,32.5,24,27.1,84.3,17.72,1.3,3.722610552,,
2002,11,2,34.2,23.3,28.3,77.5,21.26,1.9,4.657690498,,
2002,11,3,32.3,24.3,26.5,86.9,11.26,1.5,2.608872378,,
2002,11,4,29.4,23.9,26.6,80.4,10.81,2.2,2.791375369,,
2002,11,5,31.2,23.9,26.9,79.5,14.92,2.2,3.504957082,,
2002,11,6,28.4,24,26.3,82.4,7.84,1.7,2.151636225,,
2002,11,7,29.1,23.7,25.9,88.6,8.77,1.2,2.04298455,,
2002,11,8,31.8,23,26.8,86.6,19.58,1.5,3.922731143,,
2002,11,9,33,24,26.6,88.5,12.95,1.1,2.823146737,,
2002,11,10,30.4,23.6,26.7,85.2,11.18,0.8,2.480518134,,
2002,11,11,32.3,24.3,26.2,88,13.62,1.4,2.946434297,,
2002,11,12,32.9,22.7,26.5,86.6,19.28,1.3,3.896815462,,
2002,11,13,34.2,23.6,27.1,85.8,18.49,1.4,3.897945701,,
2002,11,14,30.8,23.7,26.5,86.7,9.95,0.7,2.245526272,,
2002,11,15,32.9,23.9,27.4,86.3,19.55,0.9,3.995307609,,
2002,11,16,33.2,23.8,27.3,85.2,20.09,1.3,4.133866909,,
2002,11,17,33.1,23.1,26.7,88,18.81,1.6,3.827733186,,
2002,11,18,31.6,23.7,26.1,90.5,13.53,1,2.821607583,,
2002,11,19,30.6,23.6,26.2,87.3,10.71,1.5,2.448071029,,
2002,11,20,32.2,23.8,26.7,85.1,14.33,1.6,3.161364935,,
2002,11,21,31.2,24.5,27.1,85.5,14.02,0.9,3.005938207,,
2002,11,22,32.1,24.3,27.6,85.3,13.53,1.1,2.988490698,,
2002,11,23,30.4,24.9,27.5,84.4,12.62,1.3,2.845564844,,
2002,11,24,32.1,24.4,25.7,89.2,10.81,1.5,2.44503557,,
2002,11,25,31.6,22.9,26.5,84.6,14.81,0.7,3.084988893,,
2002,11,26,33.6,23.8,27.9,72.9,21.05,1.7,4.657026102,,
2002,11,27,32.9,22,27.3,73.9,19.64,1.5,4.235999374,,
2002,11,28,33.9,22.6,27.7,76.8,17.24,1.2,3.802882119,,
2002,11,29,33.1,22.8,27.5,80.6,17.24,1,3.662012573,,
2002,11,30,31.7,23.1,25.9,87.2,14.83,1.1,3.085959681,,
2002,12,1,32.1,22.5,26.6,84.4,18.4,1.3,3.756371662,,
2002,12,2,33.2,24.3,27.5,83.9,22,1.6,4.522924982,,
2002,12,3,33.8,24,28.1,82.2,21.54,1.3,4.495583971,,
2002,12,4,34.3,23.8,28.2,75.8,21.07,1.6,4.62082683,,
2002,12,5,31.8,24.3,26.5,87.5,10.88,1.2,2.479875638,,
2002,12,6,32.7,24,27,86,14.83,1.4,3.225513505,,
2002,12,7,33.4,23,27.5,83.4,17.41,1.2,3.701357846,,
2002,12,8,34.4,23.6,28,78.6,20.84,1.8,4.557962364,,
2002,12,9,33.7,24.2,28.5,71.9,21.19,2,4.833918905,,
2002,12,10,33.6,23.7,28.4,69.6,21.18,2.4,5.006838841,,
2002,12,11,33.2,24,28.1,72.3,22.23,2.6,5.099660856,,
2002,12,12,33.8,24.1,28.3,73.9,20.54,2.5,4.818108101,,
2002,12,13,33,25.7,27.9,73.7,15.71,2.3,4.05805901,,
2002,12,14,32.8,24.5,27.4,76.2,14.83,2.3,3.760340226,,
2002,12,15,32.1,24.5,27.9,72.2,16.37,2.4,4.136752553,,
2002,12,16,32.7,25.4,28.2,73.8,13.61,2.2,3.672426234,,
2002,12,17,33.1,24.7,28.1,78.7,18.17,1.8,4.091566914,,
2002,12,18,34.1,23.8,27.6,84.4,16.45,1.1,3.561127914,,
2002,12,19,32,25,27.4,83.9,11.51,1.3,2.720876858,,
2002,12,20,34,23.8,28.3,80.8,19.1,1.3,4.119922503,,
2002,12,21,32.8,25,27.7,85.7,14.58,1.1,3.199205263,,
2002,12,22,34.1,23.8,28.3,77.3,19.76,1.5,4.342625018,,
2002,12,23,33,23.5,27.4,76.5,14.14,1.9,3.504940094,,
2002,12,24,32.8,23,27.5,76.9,14.43,1.7,3.454410887,,
2002,12,25,33.1,24.4,28,75.8,13.76,1.7,3.443337371,,
2002,12,26,34.2,23.8,27.3,81.5,18.67,1.7,4.086275338,,
2002,12,27,31.9,23.9,26.5,88.1,15.26,1.6,3.211313027,,
2002,12,28,30.8,23.4,26.8,86.1,14.52,1.1,3.060087883,,
2002,12,29,32.4,24.4,27.5,82.3,14.96,1.7,3.39967416,,
2002,12,30,29.2,23.8,26,90,6.85,1.1,1.697219584,,
2002,12,31,32.4,23.7,26.4,87.8,18.46,1.3,3.739147237,,
2003,1,1,31.7,23,26.6,81.7,12.66,1.6,2.958927429,,
2003,1,2,32.3,23.8,26.7,82.2,11.36,1.5,2.758985702,,
2003,1,3,32.4,24.5,28.1,69.8,18.56,2.3,4.529761552,,
2003,1,4,32.6,23.2,27.5,71.4,20.7,2.4,4.761700814,,
2003,1,5,32.9,22.7,27.5,68.9,19.95,2.6,4.818765851,,
2003,1,6,33.7,22,27.4,74.1,21.06,2,4.64147896,,
2003,1,7,34,23.5,27.8,74.5,21.37,2.2,4.821271148,,
2003,1,8,33.3,23,27.8,71.5,19.82,2.4,4.680557044,,
2003,1,9,33,22.5,27.1,71.7,19.67,2.2,4.538437235,,
2003,1,10,32.6,21.8,26.7,73.2,20.03,1.7,4.330952431,,
2003,1,11,30.7,22.1,26.4,77.5,11.51,1.3,2.763057807,,
2003,1,12,32.8,22.3,27.3,74.4,21.26,2.1,4.632068769,,
2003,1,13,33.2,22.9,27.5,71.4,18.2,2.4,4.439264702,,
2003,1,14,33.2,22.1,27.6,68.7,20.79,2.6,4.939201925,,
2003,1,15,33.8,21.6,27.6,69.5,22.16,2.3,5.029813786,,
2003,1,16,32.6,23.6,27.9,67.1,18.34,3.1,4.879624214,,
2003,1,17,31.4,24.5,27.1,71.7,14.67,3.4,4.204390583,,
2003,1,18,32.4,23,27.4,69.9,14.97,3.3,4.312214468,,
2003,1,19,32.2,24.8,27.9,67,15.2,3.6,4.695471619,,
2003,1,20,33.3,23.5,27.8,70.9,16.78,2.2,4.216446223,,
2003,1,21,34.1,24,28.1,71.9,17.61,1.8,4.234449801,,
2003,1,22,33.6,23.5,27.9,75.9,18.82,1.6,4.200016291,,
2003,1,23,33.9,23.2,28.1,77.1,17.49,1,3.807834631,,
2003,1,24,35.2,23.4,28.4,74.4,20.23,1.6,4.568199168,,
2003,1,25,34.9,23.1,28,74.7,19.77,2.2,4.627270731,,
2003,1,26,34.5,21.9,27.5,71.2,22.62,2.4,5.14483531,,
2003,1,27,34.1,21,27.2,68.1,22.12,2.3,5.068362369,,
2003,1,28,33.9,24,28.5,57.1,21.75,4,6.426488193,,
2003,1,29,32.6,25.6,28.6,61,16.8,3.7,5.386141056,,
2003,1,30,33.9,23.9,28.6,58,18.92,3.3,5.652423676,,
2003,1,31,33.1,24,28.1,67.9,12.8,2.2,3.761264559,,
2003,2,1,32.6,23.3,27.9,74.5,14.41,1.9,3.58737874,,
2003,2,2,34,23.3,28.5,69,18.65,2.5,4.714476423,,
2003,2,3,32.7,25.3,28.5,64.6,15.4,3.4,4.844562718,,
2003,2,4,33.4,24.6,28.2,60.7,17.47,3.3,5.328426816,,
2003,2,5,33,22,27.5,60.9,19.48,3.4,5.423350127,,
2003,2,6,33.1,23.3,27.7,59.5,21.01,4,6.056227979,,
2003,2,7,33.8,23.7,28.1,60,23.26,3,5.95031832,,
2003,2,8,34.6,21.7,28.2,64.6,21.74,2.2,5.167428721,,
2003,2,9,36.2,23.2,28.8,69.1,21.19,2.4,5.24028708,,
2003,2,10,36.3,22.9,29.1,67.7,21.53,2.5,5.379402367,,
2003,2,11,33.4,23.2,28.4,71.7,21.21,3,5.067956212,,
2003,2,12,35.3,25.5,29.5,65.9,18.41,2.9,5.208561648,,
2003,2,13,34.7,24,29,66.2,22.83,3.1,5.75925607,,
2003,2,14,35.2,22.4,28,69.9,19.77,2.1,4.754597463,,
2003,2,15,32.8,24.7,27.6,76.3,15.44,2.5,3.910759414,,
2003,2,16,35.3,23.8,28,77.2,18.28,1.7,4.22575763,,
2003,2,17,34.8,23.5,27.8,78.1,16.84,1.3,3.814611382,,
2003,2,18,35.6,23,28.4,68.9,19.4,1.7,4.620840033,,
2003,2,19,35.4,22.6,28,71,17.74,1.5,4.194526349,,
2003,2,20,35.9,22.4,28.8,65.3,22.99,2,5.394411499,,
2003,2,21,35.2,22.9,28.6,60.8,20.13,2,5.062153783,,
2003,2,22,35.4,21.6,28.3,66.3,21.19,1.9,4.973739925,,
2003,2,23,35.4,22.6,29,68.2,21.73,1.8,5.010568467,,
2003,2,24,36.2,22.9,28.8,65.7,22.09,2.1,5.348303835,,
2003,2,25,36.6,22.5,28.7,68.7,23.71,1.8,5.402810928,,
2003,2,26,36.2,23.2,29.2,67.4,20.78,1.7,4.931780226,,
2003,2,27,34.4,22.5,28.6,65.7,19.42,2.6,4.992527943,,
2003,2,28,36,22.4,29.1,59.1,24.09,2.5,5.999896166,,
2003,3,1,36.8,21.8,28.7,63.6,23.6,2.2,5.692948988,,
2003,3,2,37.1,22.8,28.9,66.8,20.68,1.8,5.038625967,,
2003,3,3,35.8,23,28.9,70.8,21.48,1.9,4.994844073,,
2003,3,4,36.1,23.4,29.4,72.6,22.07,1.9,5.089368344,,
2003,3,5,36.4,25.3,30,71.3,22.43,1.9,5.301087241,,
2003,3,6,36.5,24.7,30.1,70.1,20.05,2.1,5.007904351,,
2003,3,7,36.2,23.8,28.7,75.7,21,2.3,4.954149016,,
2003,3,8,35.6,22.8,27.6,80.8,24.65,1.8,5.16148796,,
2003,3,9,35.7,23,28.3,76.3,19.51,1.4,4.368052164,,
2003,3,10,36,25.6,30.1,62.6,19.77,2.7,5.52757164,,
2003,3,11,35.3,24.2,29.2,67.2,19.17,2.7,5.102046883,,
2003,3,12,34.7,25.5,29.8,63.8,19.07,3,5.382718476,,
2003,3,13,36.2,26.5,30.2,56.9,21.91,3.6,6.704872517,,
2003,3,14,35.3,25.2,29.9,58.2,23.63,3.1,6.373873875,,
2003,3,15,35.9,23.3,29.1,67.6,24.12,1.6,5.38249836,,
2003,3,16,36,23.5,29.1,68.5,23.14,2,5.394434522,,
2003,3,17,35.8,23,29.1,64.7,20.96,1.6,4.926682214,,
2003,3,18,35.9,23.5,28.9,71.7,23.98,1.9,5.394571474,,
2003,3,19,35.5,24.5,29.5,71.9,22.74,2.1,5.280017678,,
2003,3,20,35.6,25.9,28.9,73.3,18.84,1.7,4.537828701,,
2003,3,21,34.6,24,28.5,76.4,16.53,1.2,3.783426703,,
2003,3,22,35.6,24,28.6,72.9,21.37,1.6,4.840405874,,
2003,3,23,36.2,25.6,29.1,74.1,19.39,1.6,4.604055611,,
2003,3,24,35.4,24.9,28.7,76.7,18.14,1.7,4.273980621,,
2003,3,25,32.6,24.7,26.9,87.5,15.34,1.4,3.283294372,,
2003,3,26,28.1,23.5,25.9,90.5,6.65,1.2,1.64953677,,
2003,3,27,33,23.8,26.6,86.9,15.95,1,3.349933986,,
2003,3,28,33.4,23.3,27.5,84.1,20.64,1.7,4.281739982,,
2003,3,29,33.6,23.5,27.2,82.5,23.22,1.9,4.76315003,,
2003,3,30,33.3,24,28.1,80.4,20.12,1.5,4.292734178,,
2003,3,31,32.3,24.8,26.9,88.9,10.91,0.9,2.449224053,,
2003,4,1,33.2,24.5,27.7,85.2,22.52,1.8,4.605801577,,
2003,4,2,32.6,24.5,28.5,82.1,24.12,1.9,4.943009719,,
2003,4,3,33.4,25,29.1,80.3,20.73,1.7,4.499985885,,
2003,4,4,33.7,25.2,29.1,77.3,24.66,1.6,5.216667313,,
2003,4,5,33.1,24,28.8,77.5,22.46,1.7,4.773838134,,
2003,4,6,34.6,25,29.1,79.4,24.36,1.6,5.187333514,,
2003,4,7,34,24,28,84.3,22.04,1.3,4.556619962,,
2003,4,8,36,24.4,29.8,73.4,25.12,1.1,5.372316089,,
2003,4,9,34.8,24.2,28.2,78.6,18.91,1.2,4.155035673,,
2003,4,10,36.6,24.4,29.2,74.1,26.69,1.6,5.80753217,,
2003,4,11,33.6,24.6,27.3,85.3,14.86,1.2,3.27636982,,
2003,4,12,34.9,23.2,27.6,84.7,20.23,1,4.222087172,,
2003,4,13,35,25,29,81.2,22.53,1.5,4.85268314,,
2003,4,14,34.8,25,29.1,81.9,22.88,1.6,4.903135554,,
2003,4,15,33.8,25.3,29.1,81.2,19.85,1.3,4.303053753,,
2003,4,16,34.6,23.6,29.2,74.5,25.67,1.5,5.401883192,,
2003,4,17,33.6,24.5,28.6,79.7,22.74,1.3,4.756238036,,
2003,4,18,34.1,24.5,28.9,79.1,21.44,1.3,4.587306467,,
2003,4,19,34.6,24,29,76.9,24.82,1.7,5.280228004,,
2003,4,20,33.1,25.3,29.1,78.9,20.14,1.5,4.389381047,,
2003,4,21,29.5,25.5,26.4,90,4.37,0.7,1.251377087,,
2003,4,22,36.3,24,29.5,75.7,25.3,1.3,5.43953795,,
2003,4,23,34.4,24.8,29.3,80.1,21.77,1.4,4.689427043,,
2003,4,24,33.1,25.9,28.9,82.1,16.98,1.3,3.77444595,,
2003,4,25,35.2,25,29.7,76.6,24.27,1.5,5.264256191,,
2003,4,26,34.8,25.3,29.4,77.2,22.92,1.7,5.045532217,,
2003,4,27,34.3,25.4,29.5,81.2,23.17,1.2,4.911143368,,
2003,4,28,36.1,24.4,29,76.7,24.48,1.4,5.295045581,,
2003,4,29,34.4,25.2,28.3,83.9,18.88,0.9,4.038948239,,
2003,4,30,34.8,24.9,28.9,79.4,20.43,1.5,4.509032507,,
2003,5,1,34.2,24.8,28.6,82.7,24.22,1.4,5.028892313,,
2003,5,2,32.6,24.7,27.5,85.3,16.64,1.6,3.590805927,,
2003,5,3,32.5,24.6,27.7,85.7,15.78,1.7,3.447173094,,
2003,5,4,32,25.2,28.1,85.3,19.69,1.7,4.108018315,,
2003,5,5,33,24.3,28.6,83.3,18.69,1.3,3.982926441,,
2003,5,6,33.5,25.6,29.7,80.5,24.57,1.5,5.163576598,,
2003,5,7,33.6,25.5,29.4,82.3,24.62,2,5.177654015,,
2003,5,8,34.2,24.7,28.3,84.3,21.34,1.4,4.492803691,,
2003,5,9,34.1,24.9,29,80.2,18.06,1.9,4.133382752,,
2003,5,10,34.3,25.2,29,77.3,16.69,1.7,3.967522643,,
2003,5,11,34.1,25.6,28.4,84,20.81,1.3,4.426392573,,
2003,5,12,29.2,23,26.3,87.7,13.88,1.7,2.898457935,,
2003,5,13,30.6,24.4,27.5,82.7,13.88,0.7,2.97482617,,
2003,5,14,28.6,24.2,26.3,88.8,6.94,0.9,1.717128231,,
2003,5,15,33.4,24.1,28.4,80.3,17.25,1.1,3.760122558,,
2003,5,16,33.6,25.1,29.3,80.5,20.92,1.3,4.48506864,,
2003,5,17,34.2,25.9,29.7,80.9,19.2,0.9,4.180774833,,
2003,5,18,33.8,25.5,29.6,82.4,22.28,1.2,4.720471539,,
2003,5,19,34,25.2,29.7,77.8,24.06,1,5.036347146,,
2003,5,20,33.1,24.6,29.1,78.4,18.5,1.1,4.014421906,,
2003,5,21,33.3,25.8,29.3,80.3,19.29,1.1,4.180268905,,
2003,5,22,33.5,26,29.5,80.6,18.15,1.2,4.020490314,,
2003,5,23,32.7,26.5,29.2,82.3,17,1.5,3.815988314,,
2003,5,24,32.2,23.8,27.4,88.9,13.13,0.9,2.830186639,,
2003,5,25,32.1,24.8,28.6,84.8,18.78,1.5,3.963117359,,
2003,5,26,31.9,25.9,28.8,82.6,17.82,1.4,3.866944887,,
2003,5,27,32.1,24.7,28.3,81,21.59,2.2,4.572590099,,
2003,5,28,32.4,24.5,28.3,80.7,19.1,1.6,4.111241089,,
2003,5,29,32.6,25,28.9,81.6,19.13,1.6,4.140793481,,
2003,5,30,31.5,26.1,28.1,88.4,12.38,1,2.755196069,,
2003,5,31,32.5,25.4,28,86.4,12.97,0.9,2.889624541,,
2003,6,1,32.6,25,28.4,84.6,16.38,1,3.527385853,,
2003,6,2,33.3,25.2,28.9,83.3,18.92,1.1,4.048539524,,
2003,6,3,33.2,25,28.9,83.7,18.82,1,4.003725617,,
2003,6,4,33.5,25.6,28.9,83.7,17.47,0.9,3.782068344,,
2003,6,5,33.6,25.5,29.5,78.9,22.26,1.2,4.737336589,,
2003,6,6,32.5,24.2,28.2,83.4,16.26,1.5,3.564554246,,
2003,6,7,30.6,22.7,26.8,86.5,12.42,1.3,2.715655269,,
2003,6,8,33.6,24,28.7,80.8,22.98,1.3,4.768105492,,
2003,6,9,33.7,25.3,29.2,82.3,21.27,1.3,4.529184643,,
2003,6,10,32.7,26,28.7,83.6,17.67,1.5,3.870972304,,
2003,6,11,32.2,22.6,27.5,85.7,20.89,1.8,4.199361009,,
2003,6,12,32.9,25,28.8,82.5,22.76,1.4,4.718573893,,
2003,6,13,32.7,25.3,28.7,83.3,18.87,1.1,4.008306306,,
2003,6,14,31.7,25.5,28,84.3,13.4,1,2.990499386,,
2003,6,15,32.5,24,27.9,84.9,19.31,1.4,4.01132982,,
2003,6,16,30.7,24.2,27.3,85.1,21.05,2.1,4.219096168,,
2003,6,17,30.6,24.3,26.9,85.9,15.9,1.3,3.322058362,,
2003,6,18,32.4,24.4,28.2,82,21.98,1.2,4.499159167,,
2003,6,19,33.4,25.2,28.6,82.9,17.61,1.5,3.881629485,,
2003,6,20,32.9,25.4,29.1,81.4,17.55,1,3.81180473,,
2003,6,21,32.4,26,28.4,84.2,12.7,1.2,2.946041546,,
2003,6,22,30,24.7,26.5,86.5,11.83,1.8,2.691917718,,
2003,6,23,33.4,23.7,28.3,75.8,22.58,1.1,4.677043779,,
2003,6,24,33.8,24.1,27.9,82.2,21.95,1.6,4.59609697,,
2003,6,25,33.1,24,27.5,83.3,21.9,1.6,4.502828824,,
2003,6,26,30.1,22.5,26.2,88.5,15.1,1.7,3.077445623,,
2003,6,27,32.2,24,26.9,83.5,20.03,1.1,4.072242334,,
2003,6,28,32.3,23,27.1,84.2,22.08,1.4,4.403589021,,
2003,6,29,30,23.5,26.3,90.9,9.81,0.7,2.150688223,,
2003,6,30,31.9,23.4,27.4,85.7,18.39,0.9,3.748000927,,
2003,7,1,31.8,24.2,27.4,83.9,13.79,0.8,2.991559032,,
2003,7,2,30.3,24.3,27.2,84.7,12.89,0.9,2.804260753,,
2003,7,3,31.6,24.1,27.3,84.6,19.45,1.1,3.954193091,,
2003,7,4,30.5,23,26.8,82.6,17.07,1.6,3.569909412,,
2003,7,5,31,24,26.6,84.4,11.74,0.8,2.599528955,,
2003,7,6,31.1,23.5,26.8,85.2,17.19,0.9,3.502652654,,
2003,7,7,31.7,23.6,27.4,85.2,21.06,2.1,4.253829477,,
2003,7,8,31.9,22.5,27,85.2,21.89,2.2,4.342487643,,
2003,7,9,33.4,24,28.3,80.5,20.52,1.7,4.4001878,,
2003,7,10,32.2,22.8,27.7,82.3,23.27,1.6,4.654398855,,
2003,7,11,31.8,24.5,26.9,87.1,19.2,2,3.914959768,,
2003,7,12,30.4,23,26.5,87.8,12.21,1,2.620739799,,
2003,7,13,30.7,23.3,26.5,87.8,15.38,1.7,3.187805105,,
2003,7,14,33,24.2,28.1,82.1,22.24,1,4.54055195,,
2003,7,15,32,24,27.5,84.1,14.32,0.7,3.068034933,,
2003,7,16,32.3,23.7,27.8,82.5,21.59,1.3,4.394044954,,
2003,7,17,32.9,23.5,28.1,82.4,22,1.5,4.521544706,,
2003,7,18,31.5,24.7,27.9,86.1,15.99,1.5,3.421839838,,
2003,7,19,30,24.9,25.4,93.2,8.07,1.8,1.844279841,,
2003,7,20,30.2,23,26.9,88.3,18.36,1.5,3.628401766,,
2003,7,21,31.5,23.3,27,87,14.05,1.3,3.00941655,,
2003,7,22,32.5,24.6,26.7,89.8,14.99,1.2,3.149657849,,
2003,7,23,29.2,22.8,25.9,86.6,11.72,1.8,2.600177494,,
2003,7,24,33.1,23.3,28,83.6,19.26,1.5,4.050240276,,
2003,7,25,31.4,23.7,27.7,86,12.73,1.7,2.88240118,,
2003,7,26,33.7,24,28.1,84.3,17.58,1.3,3.785208855,,
2003,7,27,33.5,25.1,28.4,84.7,19.45,1.3,4.130936836,,
2003,7,28,34,24.2,28.6,82.9,21.61,1.7,4.577209536,,
2003,7,29,33.2,25.4,28.6,81.9,20.48,1.5,4.382127705,,
2003,7,30,32.1,22.6,27.4,83.3,20.64,1.8,4.210764364,,
2003,7,31,32.6,24.5,28.5,81.6,18.23,1.4,3.934174284,,
2003,8,1,33.3,24.8,28.9,80.5,21.07,1.5,4.500932341,,
2003,8,2,32.7,23.8,27.7,83.9,18.01,2.2,3.899707459,,
2003,8,3,28.9,23.6,25.7,92,8.21,1.2,1.865396951,,
2003,8,4,31.2,23.1,26.5,89.3,14.65,1.7,3.041856276,,
2003,8,5,33.3,23.5,27.9,82.9,19.25,1.1,4.025608067,,
2003,8,6,32.2,24.8,26.8,89.2,8.01,1.1,1.961963072,,
2003,8,7,32.4,24,27.9,84.7,14.68,1.1,3.203948162,,
2003,8,8,33.7,25.2,28.8,83.3,18.2,1.8,4.03277702,,
2003,8,9,33,23.1,28.5,82.9,20.14,1.8,4.245436944,,
2003,8,10,32.3,25.4,27.3,87.9,10.68,1.3,2.49252056,,
2003,8,11,32.4,24,27.7,83.3,17.88,1.5,3.807887389,,
2003,8,12,32.3,23.9,26.9,87.9,18.47,2.3,3.785349054,,
2003,8,13,30.7,23.7,25.8,91.7,14.66,1.8,2.943837973,,
2003,8,14,31.2,23.8,25.9,89.4,13.28,2.1,2.836731871,,
2003,8,15,31.6,23.8,27,86.7,17.69,1.7,3.647385027,,
2003,8,16,31.4,24,27.4,85.2,19.46,2.3,4.01464844,,
2003,8,17,30.5,23.2,26.4,88.1,13.36,2.8,2.915535935,,
2003,8,18,32.4,24,27.9,81.2,19.04,1.3,4.015469055,,
2003,8,19,33,24.2,28.1,82.3,18.24,1.4,3.920746182,,
2003,8,20,33.4,24.6,28.7,79.7,19.63,1.5,4.270253466,,
2003,8,21,33.9,24.8,29.1,78.1,22.72,1.7,4.899441139,,
2003,8,22,34,25,29,78.6,20.53,1.7,4.540573689,,
2003,8,23,29.5,24.9,26.7,84.2,12.06,1.8,2.796617191,,
2003,8,24,32.6,22.8,27.2,83.7,17.79,1.5,3.744651761,,
2003,8,25,32.7,24.6,28.5,80.7,18.71,1.3,4.020952818,,
2003,8,26,33.1,24.7,27.2,85.6,10.2,0.8,2.386921988,,
2003,8,27,34.3,23.8,27.3,82.4,19.23,1.7,4.158070819,,
2003,8,28,32.9,23,27.8,82.4,18.67,1.5,3.953711589,,
2003,8,29,32.5,24.2,28.1,81.1,16.16,2.1,3.707724808,,
2003,8,30,29.1,23.2,25.3,89.8,9.25,2.3,2.148549905,,
2003,8,31,31.5,22.8,26.9,82.7,21.44,2,4.321584408,,
2003,9,1,30.2,23.4,26.6,85,12.73,1.5,2.821280654,,
2003,9,2,29.6,23.8,26.1,89,12.41,1.3,2.634237105,,
2003,9,3,32.1,23.5,28,82.6,21.19,1.9,4.375527592,,
2003,9,4,32.9,24.1,28.1,82.5,20.24,1.1,4.202488809,,
2003,9,5,32.4,24.5,28.2,83.3,14.06,1.2,3.158287326,,
2003,9,6,33.5,24.3,28.8,81.2,22.99,1.5,4.79820547,,
2003,9,7,32,24.5,27.2,86.7,12.74,1.1,2.820172489,,
2003,9,8,26.7,23.5,24.5,96.1,2.46,2,0.844406422,,
2003,9,9,31.9,23.5,26.7,86.9,19.64,2.2,3.961686978,,
2003,9,10,31.8,23,27.4,85.6,18.21,1.6,3.752675743,,
2003,9,11,32,24.7,27.3,89,13.05,1.1,2.834768306,,
2003,9,12,32.2,24.8,28.2,82.1,15.78,1.2,3.467959278,,
2003,9,13,31.3,23,26.1,84.9,11.41,1.5,2.633222879,,
2003,9,14,29.4,22.5,25.5,90.2,8.93,1.4,2.028246531,,
2003,9,15,32,22.7,26.6,86.6,18.54,1.5,3.74911363,,
2003,9,16,32.6,23.3,27.6,80.3,21.64,1.6,4.473096609,,
2003,9,17,31.8,24,28.1,81.5,17.12,1.7,3.739971686,,
2003,9,18,32.7,24.1,28.1,83.3,20.08,1.4,4.188509439,,
2003,9,19,28.4,23.9,25.9,88.3,9.66,1.8,2.235958285,,
2003,9,20,30.8,23.6,26.9,84.3,13.69,1.8,3.05915264,,
2003,9,21,32,23,27.3,84.5,19.87,1.3,4.026909134,,
2003,9,22,32.3,24,27.3,84.5,19.48,1.8,4.048989074,,
2003,9,23,32.4,23.5,27.4,82.5,21.91,1.7,4.46842635,,
2003,9,24,30.8,24.2,27.4,83.5,17.64,2,3.744880847,,
2003,9,25,30.2,24.1,25.8,91.4,13.91,2.8,2.826271115,,
2003,9,26,31.6,24.7,27.7,82.3,19.64,1.7,4.122035212,,
2003,9,27,31.2,24.5,27.4,84.7,18.33,1.9,3.834800494,,
2003,9,28,30.5,23.4,26.6,86.6,14.14,1.7,3.026979403,,
2003,9,29,31.5,24.1,27.7,84.5,21.29,1.9,4.318456745,,
2003,9,30,32.4,25.1,28.2,84.4,15.85,1.2,3.454339894,,
2003,10,1,32.3,25.2,28.5,83.9,22.01,2.2,4.587160071,,
2003,10,2,27.3,24.1,25.5,93.2,5.24,2.2,1.394820082,,
2003,10,3,28.1,24.4,25.4,95.2,5.33,1.2,1.315432505,,
2003,10,4,28.2,24.5,25.3,93.9,9.22,2.6,1.963299581,,
2003,10,5,29.5,24,25.5,91.1,9.86,2.5,2.212863409,,
2003,10,6,29.3,23.7,25.3,92,6.72,2.2,1.681689875,,
2003,10,7,30.3,23.5,26.1,87.3,14.83,2.3,3.132536351,,
2003,10,8,30.9,23.7,26.5,88.4,13.04,1.6,2.810376056,,
2003,10,9,32.2,23.7,27,84.6,21.7,1.7,4.366115767,,
2003,10,10,30.4,24.1,26.3,88.5,17.98,2.2,3.583625337,,
2003,10,11,31,23.1,26.8,84.9,18.53,1.6,3.766049881,,
2003,10,12,28.7,25.4,26.6,86.4,11.69,2,2.676411015,,
2003,10,13,28.9,24.3,25.9,88.2,11.01,1.4,2.42820377,,
2003,10,14,29.8,23.2,26,87.6,19.15,2.1,3.725648541,,
2003,10,15,31.5,23.5,26.8,85.7,18.66,1.7,3.80769032,,
2003,10,16,31.2,24.4,27.5,82.8,13.76,1.1,3.043202185,,
2003,10,17,31.4,24.1,27.3,84.6,17.53,1.8,3.696715857,,
2003,10,18,30.5,24.8,26.8,88.6,11.74,1.3,2.590271046,,
2003,10,19,29.2,22.8,26,89,11.66,1.8,2.516451282,,
2003,10,20,26.6,23.2,24.8,95.1,3.94,1.8,1.101238841,,
2003,10,21,27.6,24.1,25.1,93.9,5.34,1.8,1.364519915,,
2003,10,22,29.3,23.9,26.5,88.6,14.29,1.6,2.959902484,,
2003,10,23,31.5,24.8,27.6,85.9,17.86,1.6,3.73395751,,
2003,10,24,27.8,24.3,25.9,92.6,6.11,1.4,1.523731261,,
2003,10,25,31.4,23.4,27.2,84.9,19.82,1.6,4.011081468,,
2003,10,26,32.6,24.6,27.6,83.3,20.21,1.6,4.224431383,,
2003,10,27,32.2,24.1,26.7,86.2,13.72,1.2,2.991633606,,
2003,10,28,33.7,24,28.1,74.7,21.82,2.5,4.962315399,,
2003,10,29,25.8,24,24.9,95.4,1.68,0.7,0.711944713,,
2003,10,30,30.8,23.5,26,87.1,12.72,1.7,2.788491477,,
2003,10,31,33.3,23.7,26.7,85.9,19.71,1.5,4.048711576,,
2003,11,1,33.5,23.8,27.7,80.5,17.72,1.6,3.912773015,,
2003,11,2,33.2,24.1,27.1,85,17.11,1.2,3.629418007,,
2003,11,3,31,24.2,26.6,85.1,13.1,1.7,2.944549242,,
2003,11,4,33.2,23.5,26.6,87.2,16.58,1.3,3.474855642,,
2003,11,5,34.4,24.1,27.7,84,19.87,1.1,4.182038623,,
2003,11,6,33.8,23.8,28,79.9,21.08,1.6,4.495995202,,
2003,11,7,33.7,23.9,27.5,84.6,20.58,1.5,4.280097216,,
2003,11,8,33.7,24.3,27.4,84.6,16.4,1.1,3.538633057,,
2003,11,9,32.2,24.2,26.6,90,17.98,1.1,3.63134039,,
2003,11,10,33.4,24.2,26.7,89.1,15.02,1.1,3.185715306,,
2003,11,11,32.7,24,26.8,87.9,15.16,1.1,3.207548681,,
2003,11,12,31.7,24.2,26.5,85.1,14.72,1.5,3.197361494,,
2003,11,13,26.8,24.1,25.2,91.2,3.71,1.3,1.17136362,,
2003,11,14,32.3,23.2,27.1,86,19.86,1,3.997868837,,
2003,11,15,33.7,24.7,28,84.3,15.49,1.3,3.444256305,,
2003,11,16,33.1,24.6,28.3,83.4,17.3,1.1,3.721997432,,
2003,11,17,33.1,24.3,27.9,84.7,20.92,1.3,4.316267322,,
2003,11,18,33.3,24,27.7,83.8,19.34,1.2,4.047490308,,
2003,11,19,32.1,23.7,27.1,85.9,20.82,1.7,4.193164766,,
2003,11,20,32.7,24.2,26.9,88.7,17.42,1.3,3.592497376,,
2003,11,21,32.5,23.9,27.7,86.5,20.6,1.1,4.176336341,,
2003,11,22,34.1,23.3,28.3,75.4,22.08,1.7,4.785001407,,
2003,11,23,27.4,24.3,25.3,88.7,4.91,1.6,1.470754708,,
2003,11,24,29.5,23.9,26.2,85.2,8.16,1.5,2.093816146,,
2003,11,25,32.5,23.9,26.4,88.8,12.82,1,2.766552301,,
2003,11,26,34.1,24,27.2,84.3,18.78,1.1,3.953661426,,
2003,11,27,32.9,23.4,27.6,79.3,21.2,1.8,4.480339552,,
2003,11,28,33.4,24,27.5,76.3,18.47,2.6,4.394518946,,
2003,11,29,30.8,23.1,25.7,83.6,9.66,1.7,2.422902673,,
2003,11,30,32.5,23.1,27.3,75.3,17.75,2.1,4.099169608,,
2003,12,1,30.3,24,26.2,83.3,7.11,1.5,2.008131102,,
2003,12,2,31.8,23.8,26,85.5,11.56,1.9,2.726027371,,
2003,12,3,32.2,24,27.3,77.2,19.09,2.2,4.27270257,,
2003,12,4,32.9,25.3,28.1,70.6,18.01,2.7,4.639913626,,
2003,12,5,33.3,23.6,28.1,67.2,21.61,2.6,5.19724798,,
2003,12,6,32.7,24.1,27.7,71.3,18.28,3.1,4.697249016,,
2003,12,7,32.1,24.3,28,70.2,14.63,2.8,4.106527173,,
2003,12,8,31.3,25.2,27.4,72.4,9.22,2.3,3.051959061,,
2003,12,9,28,24.7,25.8,88.6,6.24,1.4,1.664284545,,
2003,12,10,31,23.9,26.1,89.5,11.55,1.3,2.517440642,,
2003,12,11,31.6,23.5,26.6,80.7,14.58,2.5,3.467630994,,
2003,12,12,32.6,25.2,27.5,75.3,13.58,2.7,3.752280697,,
2003,12,13,30.9,24.8,27.4,76.9,11.08,2,3.001626764,,
2003,12,14,32.2,23.8,27.1,77.9,15.85,1.8,3.657962075,,
2003,12,15,31.4,23.4,26.6,80.2,10.81,2.1,2.840078063,,
2003,12,16,31.8,23.1,26.7,77.8,18.31,1.5,3.912927109,,
2003,12,17,32.5,22.3,26.5,79.4,17.43,1.3,3.706054246,,
2003,12,18,32.3,22.1,26.2,79.5,19.86,1.7,4.129969163,,
2003,12,19,33.1,21,26.7,71.1,20.78,1.7,4.49493421,,
2003,12,20,29.1,23.6,26.1,75.8,7.65,2,2.453753707,,
2003,12,21,30.6,23.6,26.2,75,12.18,2.3,3.276383531,,
2003,12,22,32.2,23.2,26.9,72.7,18.65,2.6,4.448226949,,
2003,12,23,33.3,22.7,27.6,71.7,21.42,2.1,4.796467402,,
2003,12,24,33.7,23,27.4,74.2,18.29,1.8,4.201576674,,
2003,12,25,33.3,22.6,27.2,75.6,16.61,1.8,3.865203778,,
2003,12,26,32.8,22.4,27,72.9,20.32,2.5,4.655458642,,
2003,12,27,31.5,22.1,26.9,68.8,17.56,3,4.494157227,,
2003,12,28,32.8,23.8,27.6,64.3,20.94,2.9,5.315335772,,
2003,12,29,33.4,22.4,27.4,70,19.91,2.6,4.797101758,,
2003,12,30,33.3,25.2,28.3,66.5,19.13,3.2,5.213603866,,
2003,12,31,34.1,23.3,28.2,67.5,20.64,2.7,5.146202803,,
2004,1,1,33.9,22.6,27.8,68.9,21.63,2.3,5.030710079,,
2004,1,2,34.6,22.5,27.9,69.1,21.54,2.2,5.031960834,,
2004,1,3,34.3,22.5,28,68.9,21.93,2.5,5.177162032,,
2004,1,4,34.8,21.9,28.1,67.8,20.67,2.2,4.939873393,,
2004,1,5,34.6,21.9,28.4,63.5,20.61,2.2,5.051188683,,
2004,1,6,35,22.5,28.5,64.9,20.63,2.8,5.342337581,,
2004,1,7,34.7,23.4,28.4,66.2,21.9,2.7,5.441638261,,
2004,1,8,34.6,22.6,28.5,64.3,20.35,2.9,5.336808849,,
2004,1,9,33.8,25,28.6,68.4,18.02,3,4.912509628,,
2004,1,10,34,24.7,28.6,69.6,17.9,2.8,4.761989704,,
2004,1,11,34.8,25.3,29.2,62.5,20.61,3.3,5.819431318,,
2004,1,12,34.6,24.3,28.7,64.4,19.24,2.8,5.228247813,,
2004,1,13,33.2,24.7,28,66.8,16.17,2.6,4.506968448,,
2004,1,14,34.8,22.4,28,68.4,20.5,2.5,5.034487994,,
2004,1,15,34.6,23.4,28.1,70,19.92,2.3,4.842923023,,
2004,1,16,35,23.5,28.5,70.9,20.56,2.2,4.909893093,,
2004,1,17,34.9,23.6,28.6,69,21.49,2.6,5.25902904,,
2004,1,18,35.5,23.2,28.6,70.3,19.03,1.5,4.446482263,,
2004,1,19,34.1,23.8,28.3,74.7,14.5,1.2,3.448687881,,
2004,1,20,36.1,24.4,28.4,73.6,16.79,1.7,4.166533317,,
2004,1,21,35.4,23.2,28.7,63.4,22.02,2.3,5.44298614,,
2004,1,22,34.7,23.1,28.5,61.2,19.44,2.9,5.396893167,,
2004,1,23,34.9,24.8,28.9,59.4,21.54,3.3,6.095795908,,
2004,1,24,33.4,23.8,28.1,59.5,18.76,4,5.845566483,,
2004,1,25,33.7,24.4,27.9,61,18.45,3.3,5.469786982,,
2004,1,26,33.7,23.5,28.1,60.6,22.52,3.1,5.849357707,,
2004,1,27,34.6,21.9,27.7,66.8,22.03,2.6,5.309191888,,
2004,1,28,31.4,24.8,27.5,72,10.22,2.2,3.162671186,,
2004,1,29,32.4,24.1,27.5,75.3,11.76,2.2,3.275122951,,
2004,1,30,35.1,24.1,28.3,75.5,16.49,1.4,3.886445797,,
2004,1,31,34.4,23,27.6,77.9,15.76,1.1,3.54604799,,
2004,2,1,33.9,23.8,27.7,77.9,14.44,1.6,3.476628203,,
2004,2,2,30.5,24.1,25.9,87.4,9.33,1.4,2.215219592,,
2004,2,3,33.1,23.1,27.2,81.1,15.27,0.8,3.284602935,,
2004,2,4,35,24,28.2,76.7,19.55,1.7,4.436365105,,
2004,2,5,33.9,24,26.9,80.9,13.79,1.4,3.229069046,,
2004,2,6,33.8,23.6,27.6,77.6,17.55,1.6,3.967012326,,
2004,2,7,34.2,22.9,27.3,78.2,15.81,1.7,3.697043315,,
2004,2,8,34.3,23.4,27.5,77.7,15.86,1.8,3.770861222,,
2004,2,9,34.3,22.8,27.1,77.6,19.42,2,4.352006368,,
2004,2,10,34.4,23.7,28.4,68,22.48,2.6,5.3989053,,
2004,2,11,34.4,23.6,28.8,61,23.31,2.7,5.818563869,,
2004,2,12,34.2,23.4,28.6,61.4,21.65,3.2,5.783506475,,
2004,2,13,33.6,23.6,28.3,61.4,21.4,3.3,5.747378833,,
2004,2,14,33.4,24.6,28.3,60.3,18.42,3.3,5.468631739,,
2004,2,15,34.7,22.6,28,67.8,20.34,2,4.831325333,,
2004,2,16,34.9,22.3,27.4,70.9,20.16,2.5,4.889201268,,
2004,2,17,35.8,22.2,27.7,69.9,20.24,2,4.826660396,,
2004,2,18,34.9,22.4,28,68.3,19.31,2.1,4.714664865,,
2004,2,19,33.8,23.8,28.2,67,16.43,1.9,4.21905227,,
2004,2,20,33.5,24.4,28.3,69.5,14.06,2,3.833960043,,
2004,2,21,36.7,23.6,28.8,66.7,22.05,1.9,5.300009867,,
2004,2,22,36.1,22.8,28.4,67.7,22.25,2.1,5.295998002,,
2004,2,23,36.2,22.9,28.5,68.2,21.98,1.9,5.169083367,,
2004,2,24,36.3,23.4,28.6,69.4,20.06,2.1,4.954638239,,
2004,2,25,36.5,22.9,28.5,70.9,21.25,1.8,4.968550972,,
2004,2,26,36.3,22.3,28.2,68.3,20.95,1.7,4.901798225,,
2004,2,27,36.3,22.5,28.4,66.7,23.03,2.4,5.579162944,,
2004,2,28,36.2,23.7,28.9,67.1,22.46,2.1,5.400390809,,
2004,2,29,36.4,23.7,28.9,70.5,20.32,2.4,5.09660732,,
2004,3,1,36.4,23.9,29.2,71.1,22.23,2,5.23584117,,
2004,3,2,36.4,23.9,29.1,71.3,21.1,2,5.049636927,,
2004,3,3,35.5,23.8,28.5,72.2,19.99,2.1,4.798285359,,
2004,3,4,34.6,24.7,27.7,81.8,12.69,1.6,3.1275429,,
2004,3,5,36.3,23.5,28.8,73.3,23.24,2,5.300633703,,
2004,3,6,36.2,24.2,29.8,62.6,21.94,2.6,5.735901249,,
2004,3,7,34.7,25.3,29.2,59,17.51,3.9,5.905930666,,
2004,3,8,32.1,26.3,28.3,63.5,10.32,3.8,4.458251055,,
2004,3,9,33.6,26.3,29.2,62.5,15,3.6,5.144159293,,
2004,3,10,33.9,25.2,27.8,76.8,10.68,2.2,3.156024396,,
2004,3,11,35,23.9,26.9,87.3,16.37,1.6,3.556305045,,
2004,3,12,31.1,24.1,27.1,84.7,19.36,1.9,3.968019129,,
2004,3,13,32.3,23.9,26.1,87.8,17.04,1.7,3.513701711,,
2004,3,14,35.9,23.4,29.1,70.5,24.95,1.9,5.574803182,,
2004,3,15,35.8,24.1,28.9,73.9,21.5,1.6,4.865169016,,
2004,3,16,34.2,23.6,28.3,73.2,24.44,2.2,5.356291845,,
2004,3,17,35.7,24.6,29.3,70.7,22.32,1.4,5.006535601,,
2004,3,18,36,25.8,29.5,73.1,23.86,2,5.503267625,,
2004,3,19,35.3,24.7,28.1,77.1,18.37,2,4.361354947,,
2004,3,20,35.5,24.5,28.8,72.1,18.13,1.5,4.312026295,,
2004,3,21,35.2,25.3,27.7,83.1,16.16,1.5,3.697113637,,
2004,3,22,34.3,24.4,28.6,78.3,19.7,1.3,4.306338337,,
2004,3,23,34.6,24.2,29.1,76.7,23.75,1.6,5.099783505,,
2004,3,24,34.1,25.9,29.7,78.2,21.41,1.8,4.777839243,,
2004,3,25,34.2,26.2,28.5,84.3,19.43,1.3,4.209515867,,
2004,3,26,34.1,25.1,29.4,78.5,23.05,2,5.03499925,,
2004,3,27,34.8,23.7,28.6,79.9,25.1,1.9,5.283330837,,
2004,3,28,35.3,24.7,29.3,75.6,21.55,1.6,4.834348393,,
2004,3,29,35.2,24.8,29.6,75.3,24.19,1.9,5.357653243,,
2004,3,30,34.9,25.8,29.3,78.8,18.82,1.4,4.272630429,,
2004,3,31,33.4,25.1,27.7,84.2,13.6,1.8,3.199511679,,
2004,4,1,35.2,24.6,28.6,79.1,25.33,1.7,5.38056816,,
2004,4,2,34.8,25.3,28.5,79.3,19.8,1.6,4.430240004,,
2004,4,3,33.3,24.5,27.4,83.9,19.69,1.5,4.141708091,,
2004,4,4,35.5,24.1,27.9,80.7,23.99,1.5,5.067532387,,
2004,4,5,32.6,23.8,28.3,81,23.27,1.9,4.796921894,,
2004,4,6,34.6,25,28.8,78.4,23.54,1.6,5.057761701,,
2004,4,7,34.7,24.5,29,79.4,22.62,1.9,4.929662983,,
2004,4,8,33.5,26.2,29.6,79,20.93,1.7,4.630739046,,
2004,4,9,34.6,26.2,29.7,77.7,20.71,1.7,4.696504335,,
2004,4,10,35.7,24.4,29.5,71.4,23.74,2.1,5.465152224,,
2004,4,11,35.3,25.6,28.9,80.3,17.59,1.7,4.102682607,,
2004,4,12,35.5,24.8,29.6,79.1,22.45,1.3,4.884495555,,
2004,4,13,34.5,26.6,30.3,78.5,20.4,2.1,4.734237956,,
2004,4,14,34.6,26.5,29.7,76.8,23.15,2.2,5.2537947,,
2004,4,15,34.1,26,29.5,78.8,19.13,1.7,4.359932898,,
2004,4,16,34.2,26.6,29.8,77.5,20.38,1.9,4.685964894,,
2004,4,17,33.9,26.3,29.9,77.2,20.93,1.9,4.753739862,,
2004,4,18,34.2,25.5,28.4,83.4,14.73,1.5,3.419327907,,
2004,4,19,34.1,24.9,28.7,79.6,23.67,2,5.075585971,,
2004,4,20,35.8,24.6,29.3,77.7,23.82,1.3,5.142156597,,
2004,4,21,36.4,25.2,30,70.9,23.12,1.7,5.34487308,,
2004,4,22,34.7,25.1,29.3,75.8,17.47,1.6,4.129935567,,
2004,4,23,31.7,24.3,26.2,90.7,9.86,1.9,2.266991242,,
2004,4,24,32.7,23.7,26.9,85,21.79,1.8,4.400197279,,
2004,4,25,34.5,24.1,27.1,85.6,19,1.2,3.999843421,,
2004,4,26,32.9,24.7,27.4,86.7,21.63,1.7,4.395285117,,
2004,4,27,33.4,24.8,28.2,82.5,22.42,1.8,4.701171535,,
2004,4,28,33.7,24.8,27.3,86.5,17.18,1.5,3.685283079,,
2004,4,29,34.2,24.8,27.3,87.1,18.09,1.7,3.860683598,,
2004,4,30,33.9,24.5,27.9,84,24.15,1.5,4.940007474,,
2004,5,1,31.8,24.3,27.7,86.4,18.85,1.7,3.890221953,,
2004,5,2,33.8,25.3,28.9,83,20.33,1.5,4.375036705,,
2004,5,3,34,25.9,28.7,83.8,22.47,1.7,4.771099395,,
2004,5,4,31.3,25.7,28,86.7,12.05,1.4,2.761024457,,
2004,5,5,34.1,25.8,28.9,82.9,21.7,1.6,4.659425093,,
2004,5,6,33.6,25.5,28.3,83.8,19.53,1.9,4.242150389,,
2004,5,7,32.6,24.6,27.4,87,16.31,1.5,3.477965286,,
2004,5,8,31.9,25,27.7,86.9,13.31,1.4,2.963480275,,
2004,5,9,34.1,25.3,29.4,80.9,21.43,1.4,4.62215594,,
2004,5,10,35,26.7,30.6,78.8,23.62,1.4,5.191837312,,
2004,5,11,32.3,24.7,28.4,85.4,11.82,1.4,2.771329709,,
2004,5,12,34,26.4,29.6,81.6,18.8,1.3,4.177594437,,
2004,5,13,33.2,26.1,29.5,79.8,18.97,1.2,4.16212033,,
2004,5,14,34.8,25.2,29.3,75.3,23.62,1.4,5.115079669,,
2004,5,15,33.1,24.4,28.9,77.3,22.15,1.4,4.685974828,,
2004,5,16,33.1,25.8,29.3,78.6,20.74,1.1,4.436779268,,
2004,5,17,33.6,26.3,29.3,79.3,16.16,1.3,3.731397108,,
2004,5,18,33.6,25.9,29.7,78.1,24.22,1.5,5.158460751,,
2004,5,19,34,24.9,29.2,77.4,24.74,1.6,5.240058913,,
2004,5,20,33.6,25,29.2,81.1,20.33,1.8,4.445039971,,
2004,5,21,34.1,26.4,29.8,80,17.28,1.3,3.949428878,,
2004,5,22,32.8,25.6,28.5,79.4,15.33,1.4,3.542710971,,
2004,5,23,31.9,26.1,28.3,81.9,14.87,1.5,3.402558169,,
2004,5,24,32.6,25.1,27.3,86.5,10.19,1.3,2.448879777,,
2004,5,25,29.9,24.4,26.3,87.4,13.34,1.7,2.87461057,,
2004,5,26,33,24.6,27.5,78.7,21.64,1.8,4.614753683,,
2004,5,27,32.1,23.4,27.7,79.5,24.16,1.7,4.874015967,,
2004,5,28,33.1,25.2,29,78.6,24.03,1.4,5.012781284,,
2004,5,29,33.4,25.4,28.8,81.3,21.78,1.6,4.64393672,,
2004,5,30,32.4,24.9,28.4,81.7,24.3,1.6,4.954185867,,
2004,5,31,31.8,25.1,28,81.2,20.59,1.7,4.334331253,,
2004,6,1,32.9,25.1,27.7,83.7,15.7,1.8,3.538396244,,
2004,6,2,32.1,24.8,28,80.9,19.34,1.6,4.131465678,,
2004,6,3,32.4,25.2,28.1,83.5,15.31,1.3,3.394828547,,
2004,6,4,30.3,24.7,26.5,87.7,13.67,1.7,2.940903201,,
2004,6,5,31.8,24.5,26.6,86.7,15.04,1.5,3.220150405,,
2004,6,6,30.9,23.7,26.7,87.8,19,2.1,3.787890682,,
2004,6,7,28.5,23.5,25.3,93.9,7.62,1.1,1.711687002,,
2004,6,8,32.5,24.8,28.2,82.7,19.1,1.1,4.013367163,,
2004,6,9,32.8,25.1,28.6,82,22.92,1.2,4.721078869,,
2004,6,10,33.2,25.5,28.4,80.3,23.41,1.5,4.896603396,,
2004,6,11,33.5,24.1,28.4,79.1,17.49,1,3.797962234,,
2004,6,12,33,25.1,28.9,82.7,17.89,1.1,3.861148602,,
2004,6,13,32.6,23.5,27.2,88.1,12.13,1.3,2.706991189,,
2004,6,14,32.3,24.6,28.2,86.3,17.41,1.2,3.67093073,,
2004,6,15,31.8,25,28.3,83.6,13,1.6,3.035261017,,
2004,6,16,33.4,26,29.1,82.9,19.5,1.3,4.218423633,,
2004,6,17,32.4,26.8,29.1,84.7,15.34,1.4,3.456272483,,
2004,6,18,33.5,26.3,29.4,81.8,21.2,1.2,4.542958625,,
2004,6,19,32.7,25.7,28.7,79.4,19.69,1.7,4.325497412,,
2004,6,20,32.5,24.5,28.3,84.2,17.21,1.2,3.679697879,,
2004,6,21,32.5,24.8,28.6,82.3,22.84,1.3,4.686022862,,
2004,6,22,33.1,25,27.3,87.2,16.2,1.3,3.466484047,,
2004,6,23,32.2,24.7,27.7,86.5,20.88,1.5,4.246114535,,
2004,6,24,32.8,24.4,28.2,83.9,22.9,1.8,4.692513137,,
2004,6,25,30.7,25.5,27.1,87.8,12.35,1.2,2.725065159,,
2004,6,26,26,22.4,24.4,94.6,2.02,2.5,0.864654216,,
2004,6,27,32,23,27.1,84.9,22.67,2.8,4.518659804,,
2004,6,28,31.2,24.7,27.1,86.3,14.57,1.4,3.142218645,,
2004,6,29,31.4,23.9,26.7,87.5,16.67,1.3,3.427579732,,
2004,6,30,30.9,23.6,26.7,86.7,15.8,2.5,3.35622308,,
2004,7,1,31.7,24.4,28.1,83.2,23.91,2.7,4.84723788,,
2004,7,2,32.2,25.8,28.7,83.4,21.22,1.5,4.441324225,,
2004,7,3,32.3,25.3,27.9,85.1,24.15,1.5,4.85289566,,
2004,7,4,31.7,23.9,27.6,85.5,19.53,1.9,4.012587183,,
2004,7,5,32.3,25,27.9,85.4,23.07,2.1,4.673797801,,
2004,7,6,32.1,24.4,27.6,85.3,21,1.7,4.280442921,,
2004,7,7,30.3,24.8,26.9,85.4,20.54,2.2,4.122133189,,
2004,7,8,31.3,24.2,27.3,82.5,21.24,1.8,4.332071702,,
2004,7,9,31.4,23.9,27.3,83.1,17.86,1.1,3.698457062,,
2004,7,10,31.6,25.2,27.9,83.2,19.88,1.6,4.152576336,,
2004,7,11,32.2,24.3,27.5,83.4,18.16,1.1,3.794662447,,
2004,7,12,32.5,24.2,27.4,84.1,19.4,1.5,4.039127554,,
2004,7,13,31.9,24.5,27.1,83.9,14.94,1.3,3.263977152,,
2004,7,14,32.1,23.6,26.8,84.8,14.48,1,3.106965674,,
2004,7,15,33.3,23.7,26.9,85.5,19.99,1.3,4.097837442,,
2004,7,16,31.8,23.6,25.6,91.5,13.06,1.4,2.716534349,,
2004,7,17,30,23.7,26.5,85.9,17.6,1.8,3.574041409,,
2004,7,18,31.8,24.3,27.9,81.6,23,1.3,4.633624049,,
2004,7,19,32.1,24.4,27.9,82.4,22.16,1.8,4.554674758,,
2004,7,20,26,22.8,24.6,94.4,3.47,1.5,1.044566475,,
2004,7,21,31.8,22.6,25.9,85.8,19.37,1,3.830769155,,
2004,7,22,31.9,24,27.5,84.7,17.28,1.7,3.670115301,,
2004,7,23,32.2,25,27.4,85.7,15.87,1.6,3.442325349,,
2004,7,24,32.1,24.8,28,82.5,19.86,1.6,4.179703159,,
2004,7,25,32.4,25,28.1,82,21.32,2,4.501108278,,
2004,7,26,28.8,23.2,25.6,90.4,7.87,1.1,1.836542572,,
2004,7,27,31.8,23.6,27.3,83.3,16.43,1.4,3.511506812,,
2004,7,28,32.4,24.8,27.7,83.7,20.24,1.7,4.22965022,,
2004,7,29,31.9,23.7,26.8,82.5,18.62,1.8,3.923301813,,
2004,7,30,31.9,24.7,27.5,81.5,18.79,1.5,3.986097595,,
2004,7,31,31.8,24,26.4,88.4,13.2,1.5,2.858796892,,
2004,8,1,25,23.1,24.1,93.6,3.57,1.3,1.069639593,,
2004,8,2,32.8,22.6,27.1,80.7,21.41,1.4,4.370393099,,
2004,8,3,33.2,23.8,27.5,79.8,23.78,1.5,4.861220498,,
2004,8,4,33.3,23.9,28,81.1,22.05,1.2,4.546257535,,
2004,8,5,33.1,25,28.7,81,20.49,1.7,4.41458032,,
2004,8,6,31.7,24.8,27.9,83.7,17.43,1.5,3.723742622,,
2004,8,7,32.6,25.3,28.2,82.1,20.58,1.9,4.395036895,,
2004,8,8,32.7,25,28.6,80.8,21.61,1.7,4.575255883,,
2004,8,9,33.5,25.5,28.5,80.5,18.43,1.4,4.06573975,,
2004,8,10,31.9,25.8,28.5,82.7,12.01,1.3,2.863877251,,
2004,8,11,30,23.5,26.8,88.9,8.86,1.1,2.067461921,,
2004,8,12,32.4,24.8,28.1,83.1,15.61,1.5,3.474305688,,
2004,8,13,33.4,25.7,27.9,83.1,16.69,1.4,3.702199887,,
2004,8,14,34.3,24.3,27.5,82.5,19.98,2.1,4.355985136,,
2004,8,15,32.5,23.7,25.8,89.6,10.85,1.2,2.415502784,,
2004,8,16,33.3,23.1,27.9,80.7,24.92,1.7,5.048013527,,
2004,8,17,33,24,28.1,81.2,18.67,1.8,4.071669492,,
2004,8,18,34.2,24.3,28.5,79.5,19.36,1.6,4.279981133,,
2004,8,19,30.7,23.2,26,92,9.31,1.8,2.088534371,,
2004,8,20,30.4,24.3,26.8,89.7,10.62,1.7,2.395565117,,
2004,8,21,33,24.9,28.7,82.5,22.94,1.6,4.765679769,,
2004,8,22,33.1,25.4,28,82.7,17.32,1.7,3.844382287,,
2004,8,23,32.1,25.2,28.2,82.5,19.91,2.3,4.289362758,,
2004,8,24,32.2,25.2,28.3,81.7,18.97,2.2,4.166164482,,
2004,8,25,31.6,24.4,27.7,85.6,18.39,2.1,3.85577829,,
2004,8,26,31.7,24.5,27,88.8,16.03,2.3,3.361609918,,
2004,8,27,32.6,24.8,28,83.2,23.23,2.5,4.807221285,,
2004,8,28,31,24.3,27.3,87.5,15.72,1.7,3.309105913,,
2004,8,29,32,24.6,27.9,84.5,17.36,1.8,3.732316012,,
2004,8,30,32.4,24.9,28.2,82.3,16.48,1.3,3.608805088,,
2004,8,31,32.9,25.4,28.7,79.1,18.72,1.3,4.090574457,,
2004,9,1,32.7,25.4,28.1,82.3,18.27,1.5,3.963746897,,
2004,9,2,32.6,24.2,27.6,84.2,19.88,1.8,4.154086639,,
2004,9,3,33.3,24.2,27.5,83.6,19.88,1.5,4.173450704,,
2004,9,4,33.3,24.8,28.3,80,21.48,1.6,4.574881141,,
2004,9,5,32.1,24.5,27.6,81.7,18.29,1.5,3.907639111,,
2004,9,6,31.7,24.4,27,81,18.48,2.2,4.025890893,,
2004,9,7,32.3,23.6,27.6,80,18.28,1.3,3.886911005,,
2004,9,8,32.9,24.8,28.1,80.6,21.13,2,4.534731569,,
2004,9,9,32.8,24.8,27.7,82,17.53,1.5,3.823342975,,
2004,9,10,34.3,23.6,27.3,83.1,20.89,1.8,4.415105804,,
2004,9,11,33.1,22.9,27.5,81.4,21.6,1.5,4.443744461,,
2004,9,12,33.4,24.4,27.6,83.5,22.99,2,4.745027022,,
2004,9,13,32.8,24.1,27.1,85.3,18.83,2,3.959694406,,
2004,9,14,30.3,23.9,26.8,85.7,14.82,1.6,3.159248432,,
2004,9,15,30.2,24.7,26.7,86,9.35,1.1,2.225458662,,
2004,9,16,31.1,24.3,27.5,83.7,17.48,1.9,3.723243215,,
2004,9,17,32.2,23,27.7,83,22.98,2.3,4.649039484,,
2004,9,18,32.1,25.1,28.3,81.3,22.48,2,4.697105661,,
2004,9,19,31.1,24.4,27,85.3,16.77,2.3,3.586401532,,
2004,9,20,31.6,24.5,27.9,82,22.33,1.5,4.536003044,,
2004,9,21,32.2,24.6,27.7,81.8,21.26,1.5,4.396484861,,
2004,9,22,34.9,24.1,27.5,82.8,20.88,1.2,4.404992227,,
2004,9,23,32.8,24.6,26.3,88.9,12.16,1.2,2.685434529,,
2004,9,24,33.3,23.5,26.8,86.7,23.93,1.6,4.724634004,,
2004,9,25,34,24.1,26.3,89.4,15.01,1.3,3.192667482,,
2004,9,26,32.5,23.5,25.7,92.1,16.25,0.8,3.271592428,,
2004,9,27,32.7,24.4,26.4,91.9,15.19,1.3,3.130108056,,
2004,9,28,32.8,24,27,85.5,19.9,1.2,4.064260068,,
2004,9,29,31.3,24.8,26.3,90.7,13.73,1.4,2.877547152,,
2004,9,30,32.8,24.2,27.9,80.7,19.57,1,4.084638311,,
2004,10,1,27.3,22.6,25.2,89.9,5.85,1.2,1.519787937,,
2004,10,2,32.5,24,26.9,83.7,18.81,1.1,3.88196835,,
2004,10,3,30.9,24.3,27.2,83.1,12.3,1,2.763659158,,
2004,10,4,26.4,23.5,24.7,93.5,5.2,1,1.315859825,,
2004,10,5,31.9,23.5,27.6,82.5,23.11,1.7,4.636374841,,
2004,10,6,32.4,24.6,27.7,83.8,20.13,1.4,4.173994754,,
2004,10,7,31.4,24.6,27.3,82.3,18.17,1.2,3.793867482,,
2004,10,8,28.2,23.3,25.7,87.8,8.79,1.8,2.106833354,,
2004,10,9,26.6,23.7,25,95,4.11,2.3,1.142681968,,
2004,10,10,30.2,24,26.8,87.1,18.01,2,3.63777389,,
2004,10,11,31.6,25,27.6,84.1,14.66,1.2,3.213013714,,
2004,10,12,33.6,24.6,27.5,83.6,18.85,1.3,4.005907914,,
2004,10,13,31.6,23.8,26.5,87.6,17.04,1.7,3.501826509,,
2004,10,14,32.6,23.8,27.3,84.2,22.22,1.2,4.465063655,,
2004,10,15,32.5,23.8,27.1,84,19.81,1.8,4.112272259,,
2004,10,16,31,24,27.4,83,20.12,1.5,4.097152648,,
2004,10,17,33.1,24.4,27.6,84.2,20.9,0.9,4.27632633,,
2004,10,18,33.8,24.4,27.5,84,21.17,1,4.365327821,,
2004,10,19,33,23.9,26.6,86.6,16.95,1.1,3.534672737,,
2004,10,20,34.3,24.2,27.6,85,20.2,0.8,4.192864507,,
2004,10,21,33.4,24.8,27.8,83.1,18.11,1.2,3.882126692,,
2004,10,22,33.4,24.6,27.4,82.5,16.01,1.3,3.539909655,,
2004,10,23,33.7,25.2,28.4,73.1,20.67,2.1,4.795326996,,
2004,10,24,33.5,24.6,28.3,78.4,20.1,1.2,4.301568004,,
2004,10,25,32.7,24.9,28.1,78.1,18.21,2.3,4.210131596,,
2004,10,26,32.7,24.9,28.3,74.1,19.67,2.6,4.661504653,,
2004,10,27,32.7,24.9,27.6,78.8,15.86,1.9,3.724522538,,
2004,10,28,34.2,24.2,28.8,72.3,22.1,2.3,5.096240441,,
2004,10,29,33.2,24.3,27.3,80.2,15.71,1.7,3.61172455,,
2004,10,30,31.6,24,26.3,87.2,14.45,1.3,3.067894937,,
2004,10,31,29.6,23.9,26.4,85.7,8.95,1.1,2.142268377,,
2004,11,1,29.6,24.4,26.5,87.4,9.11,1.8,2.224522236,,
2004,11,2,32.3,24.4,26.9,85.9,16.19,1,3.403771471,,
2004,11,3,31.8,24.3,26.8,88.8,12.64,0.8,2.720866785,,
2004,11,4,32.4,24.7,26.7,87.4,13.31,1,2.894307789,,
2004,11,5,32,24.1,27.1,84.2,14.51,1.1,3.151642356,,
2004,11,6,31.8,23.7,26.1,88.7,12.24,1.1,2.65015438,,
2004,11,7,32.9,24,27,82.3,17.66,1.8,3.84550945,,
2004,11,8,34.1,24.3,28.7,73.2,25.52,2.3,5.581051582,,
2004,11,9,33.7,24.6,27.3,84.1,18.68,1.6,4.001875097,,
2004,11,10,32.8,23.7,27.3,86,18.29,1.1,3.782686373,,
2004,11,11,34.6,24.3,28.3,78.7,21.05,1.1,4.487070824,,
2004,11,12,34.7,24.3,28.4,79.2,21.18,1.2,4.534225791,,
2004,11,13,34.5,24.9,28.9,77.2,19.42,1.3,4.313711995,,
2004,11,14,35.1,24.9,28.4,79.8,21.54,1.7,4.731015684,,
2004,11,15,33.4,24.7,27.5,86.9,17.58,1,3.699265963,,
2004,11,16,34.8,24.4,28.7,77.3,21.84,1.7,4.807709575,,
2004,11,17,34.3,23.6,28.4,69.2,22.92,2.1,5.224480811,,
2004,11,18,34.3,24.2,28.7,67.5,20.73,2.3,5.063891751,,
2004,11,19,33.9,25.3,28.7,68.1,21.17,2.3,5.131004648,,
2004,11,20,32.2,23.6,27.8,74,16.55,1.9,3.910899629,,
2004,11,21,33.6,25.1,28.5,69.9,20.88,1.8,4.803361383,,
2004,11,22,33,24.2,27.6,72.8,19.3,2,4.461534895,,
2004,11,23,33.8,22.8,27.6,73.6,22.27,2,4.880360034,,
2004,11,24,34.7,22.9,27.9,74.3,20.46,1.5,4.513286514,,
2004,11,25,32,23.6,27.8,80.3,14.83,1.1,3.275669962,,
2004,11,26,34,23.9,27.7,80.3,18.42,1.3,4.00083061,,
2004,11,27,33.8,24.6,28,76.4,18.78,2.3,4.421420323,,
2004,11,28,34.6,25.7,28.4,74.5,17.38,2,4.290340815,,
2004,11,29,33.4,24.9,28.3,70.9,19.18,2.3,4.675217472,,
2004,11,30,33.7,24.1,28.4,72,21.72,2,4.90558676,,
2004,12,1,34,23.8,28.2,72.3,21.14,2,4.81597742,,
2004,12,2,34.4,24,28.3,72.5,22.08,1.4,4.799828467,,
2004,12,3,29.3,24.1,26.5,84.5,6.89,0.8,1.777782726,,
2004,12,4,33.5,24.2,27.5,81.1,13.74,1,3.118563211,,
2004,12,5,34.4,23.7,27.8,74.8,19.93,2.2,4.632455899,,
2004,12,6,30.9,23.6,26.9,75.1,12.12,2.2,3.245799191,,
2004,12,7,33.7,24.4,27.5,73,17.21,2,4.197195252,,
2004,12,8,31.3,24.1,26.5,79.7,11.01,1.6,2.775943071,,
2004,12,9,31.3,24,26.6,81.7,12.07,1.3,2.811315059,,
2004,12,10,29.9,23.2,26.2,82.3,7.87,2.1,2.266720147,,
2004,12,11,25.2,23.1,24,93.9,0.66,1.8,0.665787847,,
2004,12,12,31.9,24.4,27.6,69.4,15.06,2.9,4.238008962,,
2004,12,13,32.9,24,28,67.7,21.17,2.8,5.175208346,,
2004,12,14,33.4,21.8,27.4,67.8,22.16,2.4,5.094439058,,
2004,12,15,33,22.7,27.6,63.9,21.74,2.5,5.223513838,,
2004,12,16,33.8,23.3,28.5,65.7,21.84,2.3,5.19330163,,
2004,12,17,33.7,24.2,28.5,66.2,21.11,2.7,5.27561888,,
2004,12,18,32.5,23.1,27.4,73,17.77,2.1,4.180547316,,
2004,12,19,33.1,22.7,27.3,71.7,17.29,1.9,4.109080564,,
2004,12,20,33.3,22.4,27.1,68.9,19.36,2.2,4.610020564,,
2004,12,21,32.3,23,26.9,75.1,14.38,1.7,3.469885058,,
2004,12,22,34.1,22.6,27.5,71.4,19.48,1.9,4.508563873,,
2004,12,23,34,22.1,27.3,71.6,19.54,2.3,4.618409208,,
2004,12,24,33.6,24,28.1,64.4,19.16,2.7,5.066864995,,
2004,12,25,33.8,22.6,27.5,71.7,19.56,2,4.524002392,,
2004,12,26,33.1,22.9,27.5,70.3,18.46,2.4,4.511383801,,
2004,12,27,33.4,22,27.1,68.9,21.1,2.6,4.98706289,,
2004,12,28,32.5,21.8,26.7,70.3,17.62,2.3,4.266256013,,
2004,12,29,33.8,22.9,27.8,68.1,18.62,2.3,4.635308161,,
2004,12,30,33.4,23.2,27.5,70.8,15.49,2.3,4.067086162,,
2004,12,31,33.1,23.9,28.3,67.5,15.26,3,4.457813355,,
2005,1,1,32.2,25,27.9,64,15.43,3.6,4.924547002,,
2005,1,2,30.7,25.4,27.5,66.9,13.72,3.8,4.503510076,,
2005,1,3,31.9,24.4,27.5,66.1,19.71,3.2,5.137477991,,
2005,1,4,33.2,22,26.8,70.9,19.19,2.3,4.524291336,,
2005,1,5,32.8,22.5,27.4,65.9,18.67,2.7,4.789950844,,
2005,1,6,33,22,27,63,20.18,3,5.24248615,,
2005,1,7,30.8,21,25.1,75.9,11.4,2,2.972672457,,
2005,1,8,30.4,23.2,26.8,72.4,12.57,2.8,3.571557893,,
2005,1,9,32.9,24.2,28.1,65.8,17.08,2.7,4.667511702,,
2005,1,10,32.3,23,27.6,65,16.85,2.5,4.478758027,,
2005,1,11,35.2,22.9,28.5,62.1,20.49,2.5,5.340735874,,
2005,1,12,34.7,24.3,28.8,64.7,20.96,2.8,5.463880998,,
2005,1,13,35.6,23.7,28.5,71,21.14,2.1,5.019299824,,
2005,1,14,35.6,24.3,28.9,67.3,22.05,2.5,5.475609721,,
2005,1,15,34.9,23.2,28.5,66.2,21.18,2.4,5.222173615,,
2005,1,16,34.4,22.5,28.1,64.5,21.28,2.6,5.304737002,,
2005,1,17,35.2,22.7,28.3,64.7,17.59,1.9,4.519679782,,
2005,1,18,33,24.2,28,65.9,14.9,2.2,4.142099267,,
2005,1,19,35.3,22.2,28,65.3,21.68,2.2,5.227834361,,
2005,1,20,33.9,21.8,27.4,61.4,22.34,2.8,5.580478298,,
2005,1,21,35.1,24.4,29.1,55.9,21.95,3.6,6.488548578,,
2005,1,22,34.8,24.7,28.7,64.6,18.85,3.1,5.347484236,,
2005,1,23,34.9,24.6,28.9,58.2,22.33,3.3,6.246820644,,
2005,1,24,35.9,21.9,28.1,55.5,22.71,2.6,5.987142932,,
2005,1,25,36.2,20.3,27.1,66.3,23.06,1.9,5.261114112,,
2005,1,26,35.8,20.6,27,68,22.94,1.9,5.170602857,,
2005,1,27,35.3,21.7,27.3,71.8,21.3,2,4.859502102,,
2005,1,28,35.7,22.2,27.8,71.4,20.78,1.8,4.779779805,,
2005,1,29,36.4,21.8,27.9,66,21.59,1.9,5.139071159,,
2005,1,30,36.2,22,28.2,69.6,19.29,2,4.720661488,,
2005,1,31,37.2,22.1,28.3,70.5,21.84,2.1,5.217378733,,
2005,2,1,36.3,22.9,28.3,68.2,20.9,2.3,5.186273012,,
2005,2,2,36.7,21.2,27.7,66.7,22.86,2.4,5.535351976,,
2005,2,3,36.6,23.9,29.3,69.3,20.55,2.2,5.125512722,,
2005,2,4,36.4,24.6,29.3,70.7,18.56,1.8,4.612553643,,
2005,2,5,35.9,24.2,28.6,67.3,20.82,2.2,5.187469668,,
2005,2,6,36.5,22.3,28.3,62,22.89,2.3,5.689245351,,
2005,2,7,36.9,22.5,28.5,63,21.75,2.7,5.751536214,,
2005,2,8,36.4,24.3,29.4,56.4,24.41,3.6,6.947718412,,
2005,2,9,37.7,21.5,29.1,59.1,22.5,2.7,6.055421658,,
2005,2,10,34.9,25,28.9,67.8,15.83,2.7,4.597504921,,
2005,2,11,35.8,24.7,29.6,62.5,20.14,3,5.672893519,,
2005,2,12,36.4,24.6,30,54.9,23.39,2.9,6.466762581,,
2005,2,13,36.8,22.4,29.1,61.8,20.67,2.3,5.404552159,,
2005,2,14,36.6,23.5,29,68.3,20.66,2.3,5.201958478,,
2005,2,15,36.5,25.4,29.8,68.4,20.13,2.4,5.241721305,,
2005,2,16,36.1,25.3,29.7,69.6,18.8,2.2,4.862268662,,
2005,2,17,34.2,25.6,28,79.6,11.95,1.7,3.114064417,,
2005,2,18,35.9,23.8,28.5,71.9,16.91,1.4,4.075490129,,
2005,2,19,38.3,22.4,29.4,66.4,23.44,1.7,5.533097275,,
2005,2,20,37.4,24.2,30,58.1,23.63,2.8,6.412299208,,
2005,2,21,37,22.4,29.6,56.3,23.85,2.6,6.236824141,,
2005,2,22,36.4,22.9,29.7,57,23.86,2.9,6.336347712,,
2005,2,23,38.1,22.7,29.6,59.5,23.9,2.7,6.345823472,,
2005,2,24,37.5,23.5,29.5,66.2,21.74,1.7,5.237777221,,
2005,2,25,36.3,24.7,29.8,71.2,21.31,2.4,5.263752258,,
2005,2,26,36.4,26.6,30.4,70.8,17.43,2,4.596776408,,
2005,2,27,35.3,26.3,29.6,75.7,17.79,2,4.396510017,,
2005,2,28,36.3,25.7,30,72.2,20.56,1.9,4.979987008,,
2005,3,1,38.1,24.1,29.9,68.1,24.26,2.4,5.997526953,,
2005,3,2,35.7,24.8,29.5,71.6,17.83,1.9,4.465576518,,
2005,3,3,35.8,24.4,29.3,67.3,17.74,2.2,4.717549809,,
2005,3,4,37.1,23.6,30.1,58.3,24.78,2.7,6.426214753,,
2005,3,5,36.5,25.5,30.1,59.5,19.65,3.2,5.986188596,,
2005,3,6,35.5,26.4,29.7,56.9,21.62,3.9,6.752989605,,
2005,3,7,35.8,25.1,29.6,57.4,24.04,3.6,6.809829375,,
2005,3,8,35.5,25,29,57.5,21.29,3.3,6.254646533,,
2005,3,9,37.2,22.5,28.9,61.3,23.69,2.6,6.074525741,,
2005,3,10,36.4,23.1,28.9,67.5,23.06,2.4,5.595293132,,
2005,3,11,37.2,23.6,29.2,67.8,22.8,2.1,5.525920173,,
2005,3,12,37,23.9,29.6,66.8,24.95,2.1,5.885540963,,
2005,3,13,36.7,24.1,29.5,68.4,22.66,2.4,5.585174134,,
2005,3,14,38.6,23.3,28.5,72,22.76,2.6,5.692478116,,
2005,3,15,36.7,24.4,29.2,71,25.22,2.7,6.002821779,,
2005,3,16,37.3,24.1,29.9,61.1,25.05,2.3,6.207028888,,
2005,3,17,37,24.1,29.9,62.5,23.39,2.6,6.036471241,,
2005,3,18,37,25.1,30.3,60.4,19.49,3,5.830222803,,
2005,3,19,35.6,24,30,55.6,21.18,3.4,6.285955779,,
2005,3,20,34.3,24,29.3,62.3,13.71,1.5,3.763309438,,
2005,3,21,37.4,24.8,29.8,68.5,23.39,1.6,5.461004984,,
2005,3,22,35.6,25.1,28.8,75.3,18.4,2.1,4.504834942,,
2005,3,23,34.9,24,28,80.4,16.86,1.2,3.771416399,,
2005,3,24,37.2,23.1,29.7,66.7,25.62,2.3,6.056877454,,
2005,3,25,32.6,25.3,28.5,70.2,13.3,2.3,3.798597544,,
2005,3,26,35.6,25.2,27.4,81.3,13.84,1.7,3.415534992,,
2005,3,27,35.9,24.4,28,81.5,20.63,1.2,4.469115094,,
2005,3,28,34.8,24.2,28.6,77.4,23.3,1.6,5.011665773,,
2005,3,29,34.4,25.5,27.9,84.7,16.67,1.6,3.728203162,,
2005,3,30,33,24.7,27.1,87.6,16.31,1.8,3.490521442,,
2005,3,31,34.3,23.8,28.2,80,24.08,1.6,5.023791087,,
2005,4,1,35.2,24.7,27.8,82.2,20.3,1.9,4.471960812,,
2005,4,2,35.2,24.4,28.1,79.4,22.05,1.8,4.822695848,,
2005,4,3,35.3,25,28.5,78.5,19.72,1.7,4.480680587,,
2005,4,4,32,25.3,28,78.5,14.33,1.6,3.402714557,,
2005,4,5,34.9,24.9,29.7,65.7,24.59,2.4,5.827387585,,
2005,4,6,36.2,25,29.1,71.5,22.73,2.1,5.373039462,,
2005,4,7,34.5,25.2,28.9,76.8,24.24,1.8,5.251599434,,
2005,4,8,32.3,24.7,26.7,85.1,10.66,1.4,2.55914985,,
2005,4,9,33,23.9,28.3,79.1,22.07,2.2,4.732830664,,
2005,4,10,35.1,23.5,28.3,78,21.5,1.8,4.732904499,,
2005,4,11,34.6,24,28.6,76.3,25.77,1.9,5.472581092,,
2005,4,12,35.2,24.1,29.3,71.4,23.65,1.6,5.223557978,,
2005,4,13,35.7,23.6,29.5,64.9,25.43,1.7,5.675726454,,
2005,4,14,35.7,24.8,30,65.5,26.13,1.9,5.929883878,,
2005,4,15,36.3,24.7,29.6,70.3,24.15,2.1,5.633865834,,
2005,4,16,32.9,23.9,27.6,81.6,21.18,1.9,4.449698884,,
2005,4,17,33.6,24.7,28.4,80.1,20.29,1.6,4.395277369,,
2005,4,18,35.9,23.7,29.1,67.3,25.94,1.6,5.689996172,,
2005,4,19,36.7,25.6,30.3,62.4,26.07,2.5,6.441064386,,
2005,4,20,36,25.3,30.4,63.3,25.35,2.3,6.10751586,,
2005,4,21,35.8,25.2,29.7,69.6,24.66,2,5.676760482,,
2005,4,22,35.6,26.1,29.7,72.5,24.38,1.7,5.491359265,,
2005,4,23,34,25.4,29.4,76.5,22.23,1.8,4.916678631,,
2005,4,24,34.1,26.4,29.5,74.8,21.27,1.9,4.883513921,,
2005,4,25,34.5,26,29.7,75.8,20.86,1.8,4.776919595,,
2005,4,26,33.6,26.9,29.7,78.8,15.45,1.6,3.724235451,,
2005,4,27,34.3,26.8,30,75.9,20.25,1.8,4.700766293,,
2005,4,28,34.7,25.2,28.9,77.8,21.25,1.7,4.729770544,,
2005,4,29,32.7,26,29.3,78.2,14.56,1.4,3.462269076,,
2005,4,30,35,26.6,29.8,76.4,19.84,1.8,4.653931005,,
2005,5,1,34.8,26.7,29.9,74.7,21.3,1.6,4.874332076,,
2005,5,2,35.7,23.5,29.2,79.6,21.8,2,4.845267431,,
2005,5,3,35.5,24.5,29.6,74.1,22.75,1.5,5.046572297,,
2005,5,4,34.5,24.1,29.1,75.5,18.47,1.3,4.161393444,,
2005,5,5,34.2,25.4,29.5,76.7,19.59,1.7,4.470332308,,
2005,5,6,33.9,25.7,29.5,79.4,22.6,2.1,4.969012693,,
2005,5,7,33.4,25.5,29.5,77.5,20.03,2,4.544600973,,
2005,5,8,33.1,26.6,29.4,77.4,21.54,2.4,4.901612651,,
2005,5,9,29.1,24.9,26.7,87.8,5.58,1.9,1.677424502,,
2005,5,10,33.4,25.8,29.3,77.6,22.44,2.1,4.958745584,,
2005,5,11,32.3,26.9,28.8,81,10.85,1.4,2.774778432,,
2005,5,12,31.9,25,28.5,81.7,18.48,1.7,3.999940958,,
2005,5,13,31.9,26.5,27.9,86.3,8.73,1.6,2.271898366,,
2005,5,14,32.7,25.4,28,85.5,15.96,1.7,3.521079304,,
2005,5,15,31.4,26.1,27.7,86.4,12.8,1.5,2.911246686,,
2005,5,16,30.6,25.3,27.5,84.6,15.96,2.1,3.488117044,,
2005,5,17,33,24.1,28.2,83.8,22.07,1.8,4.560449823,,
2005,5,18,32.3,25.5,28.8,84.2,17.14,1.8,3.771425836,,
2005,5,19,32.7,24.7,28.3,81.5,23.65,2.1,4.909242616,,
2005,5,20,33.1,25.2,28.8,79.6,24.44,1.7,5.102655135,,
2005,5,21,32.2,24.4,27.8,84,15.91,1.6,3.488470468,,
2005,5,22,32.9,25.5,28.5,81.2,9.22,2,2.638701479,,
2005,5,23,32.7,25.8,28.5,82.4,20.13,1.9,4.348230766,,
2005,5,24,33,25.5,28.3,84.3,22.68,2.2,4.731205877,,
2005,5,25,32.1,24.7,27.9,84.3,22.76,1.8,4.617327844,,
2005,5,26,32.2,25.5,28.6,80.8,5.16,1.3,1.772414425,,
2005,5,27,31.8,24.2,28.2,84.9,17.51,1.9,3.741286851,,
2005,5,28,32.2,26.6,28.8,81.8,17.22,1.4,3.817937367,,
2005,5,29,33.1,25.5,28.9,80,12.86,2,3.281471701,,
2005,5,30,32.1,25.6,27.6,84.6,16.46,2,3.633989759,,
2005,5,31,30.5,25,27.1,86.8,12.27,1.3,2.730105179,,
2005,6,1,33.4,24.7,28.6,81.5,21.7,1.3,4.552891754,,
2005,6,2,32.3,25.4,28.8,83.2,20.68,1.6,4.358621989,,
2005,6,3,33.5,25.7,28.9,83.9,19.07,1.6,4.149565245,,
2005,6,4,32.3,25.2,28.2,80.2,15.71,2,3.674337974,,
2005,6,5,33,25.6,27.2,83.5,12.51,1.5,2.977095184,,
2005,6,6,33.5,24.9,28.6,81.1,22.12,1.4,4.656468897,,
2005,6,7,31.1,24.2,26.4,89.4,8.31,1.7,2.042275868,,
2005,6,8,32.3,24.6,28,83.5,19.47,1.5,4.086900279,,
2005,6,9,33.2,25,28.3,83.9,15.58,1.7,3.521970886,,
2005,6,10,32.5,24.9,28,82.6,17.22,1.6,3.770768212,,
2005,6,11,33,25.7,28.7,81.1,21.19,2,4.591102054,,
2005,6,12,33.4,24.8,28.9,81,24.22,1.6,5.035281399,,
2005,6,13,33.1,26.6,29.1,80.6,20.45,1.8,4.508718534,,
2005,6,14,33.6,25.4,28.8,80.5,19.3,1.6,4.259119508,,
2005,6,15,32.2,23.7,26.4,86.8,12.53,1.7,2.824550177,,
2005,6,16,32.3,24,26.8,85.8,17.93,1.5,3.725094135,,
2005,6,17,32.2,24.7,28.2,85.3,18.79,1.6,3.949597367,,
2005,6,18,33.5,25.1,29.1,79.7,25.37,1.5,5.262830285,,
2005,6,19,33.5,25.8,29.1,77.9,25.04,1.8,5.31781596,,
2005,6,20,31.8,25.4,27.8,84,13.11,1.7,3.058802972,,
2005,6,21,32,25.1,27.9,82.4,20.65,1.6,4.311982447,,
2005,6,22,32.8,25.1,28.4,81.8,20.84,1.8,4.442902747,,
2005,6,23,32.4,25.4,28.6,82.3,18.41,1.4,3.972473733,,
2005,6,24,33,25.7,28.6,81.4,15.75,1.4,3.581346065,,
2005,6,25,32.6,25.3,28.5,82.1,17.33,1.4,3.799246986,,
2005,6,26,33.1,25.7,28.2,80.9,18.11,1.5,4.001436711,,
2005,6,27,32.9,25.3,28.7,78.2,22.74,1.6,4.82370231,,
2005,6,28,32.1,25.9,28.5,79.1,17.06,1.8,3.900622167,,
2005,6,29,32.2,23.2,27.8,80,21.89,2,4.553252729,,
2005,6,30,33.4,25.5,28.8,77.5,22.14,2,4.867173188,,
2005,7,1,30.7,25.9,27.7,85.2,11.2,1.5,2.656811075,,
2005,7,2,31.6,24.5,27.7,82.8,14.94,1.6,3.339576838,,
2005,7,3,32.6,25.4,28.7,78.3,23.72,1.7,4.98259785,,
2005,7,4,31.9,25,28.4,79.8,19.63,1.6,4.210170251,,
2005,7,5,33.1,25.4,28.8,78.1,21.35,1.5,4.598772773,,
2005,7,6,31.6,23.7,27.3,82.8,17.88,2.1,3.835640061,,
2005,7,7,32.7,25.5,28.5,80,18.91,1.3,4.094971117,,
2005,7,8,33.2,24.8,28.8,77.6,22.6,1.6,4.813963424,,
2005,7,9,33.4,25.5,28.8,78.2,16.73,1.4,3.8309819,,
2005,7,10,33.5,24.7,28.8,76.7,24.33,1.5,5.10548556,,
2005,7,11,32.8,25.1,28.5,80.2,22.27,2.2,4.773525996,,
2005,7,12,32.2,24.3,27.6,77.9,19.14,2.2,4.273282385,,
2005,7,13,33.2,24.4,28,80,20.05,1.6,4.312468614,,
2005,7,14,34.1,24.2,27.4,82.2,19.27,1.6,4.159527012,,
2005,7,15,33.1,23.6,26.3,87.1,17.6,1.8,3.66425694,,
2005,7,16,29.4,23.2,26.2,87.3,8.12,0.8,1.920599174,,
2005,7,17,31.9,24.2,27.1,84.3,19.87,1.7,4.08715915,,
2005,7,18,31,23.7,27.2,83.5,17.58,1.5,3.66919343,,
2005,7,19,31.4,25.2,27.6,84.2,18.58,2.2,3.955832448,,
2005,7,20,31.4,24.9,27,82.7,15.62,2,3.500727945,,
2005,7,21,32.1,25.1,28.1,79.7,17.64,1.3,3.83823458,,
2005,7,22,32.4,25,28.3,80,22.73,1.6,4.730477338,,
2005,7,23,32.5,25,28.1,78.8,17.63,1.7,3.958819276,,
2005,7,24,32.7,25.7,28.2,80.3,14.15,1.2,3.271263691,,
2005,7,25,32.6,25.3,28.4,80.5,22,1.6,4.630090897,,
2005,7,26,31.5,24.2,28,80.8,15.86,1.4,3.494126206,,
2005,7,27,32.9,25.4,28.7,77.8,17.44,1.3,3.900839783,,
2005,7,28,33.1,25,28.7,79,21.45,1.5,4.580222459,,
2005,7,29,33,25.1,28.7,79.9,22.13,1.7,4.705332915,,
2005,7,30,32.8,25.2,28.5,81,18.54,1.6,4.063471499,,
2005,7,31,33.9,23.4,28.3,80.4,20.27,2,4.41968924,,
2005,8,1,32.3,23.3,27.1,80.7,15.39,1.3,3.390099197,,
2005,8,2,29.6,23.6,26.1,85.1,9.42,0.9,2.186891753,,
2005,8,3,33.5,24.7,28,80.9,20.19,1.6,4.34296302,,
2005,8,4,31.8,23.8,27.3,82.7,17.48,1.5,3.711904155,,
2005,8,5,32.9,24.4,27.8,83.2,20.25,1.5,4.238735856,,
2005,8,6,33.5,24.2,27.5,84.3,16.38,1.8,3.626896664,,
2005,8,7,33.2,24.6,28.6,79.7,23.89,1.7,4.984412066,,
2005,8,8,33.8,24.9,29,76.1,24.49,1.6,5.199228553,,
2005,8,9,33.6,25.4,28.6,79.8,16.69,1.6,3.838045596,,
2005,8,10,34.1,25,28.7,78.8,20.74,1.8,4.589148003,,
2005,8,11,34.7,25.5,29.4,76.3,21.47,2,4.900926215,,
2005,8,12,34.3,25.7,29.1,75.5,22.17,2.2,5.060786452,,
2005,8,13,34.1,25.9,29.1,74.6,14.05,2.1,3.770898187,,
2005,8,14,33.8,24.4,28.1,75.7,16.92,2,4.070813571,,
2005,8,15,34.7,24.4,27.8,76.5,16.42,1.5,3.863907632,,
2005,8,16,34.9,23.5,28.5,75.2,24.23,2.1,5.30094113,,
2005,8,17,34.3,23.7,28.9,75.8,21.91,2,4.86652211,,
2005,8,18,33.5,25.2,28.6,75.4,15.04,2,3.803162034,,
2005,8,19,34,24.5,28.5,76.3,16.85,1.6,3.94401375,,
2005,8,20,32.8,24.7,27.8,77.4,17.18,1.9,3.976321764,,
2005,8,21,33.6,24,28.1,80.9,21.79,2,4.644201148,,
2005,8,22,32.8,24,27.8,79.9,19.22,2.1,4.22817374,,
2005,8,23,32.4,24.2,26.5,85.7,13.62,1.8,3.066987772,,
2005,8,24,33.3,24,27.9,78.7,21.3,2.2,4.641653017,,
2005,8,25,30.7,23.6,27,83.1,23.36,2.8,4.630632486,,
2005,8,26,32,23.8,27.2,82.3,21.88,2.4,4.51534693,,
2005,8,27,32.2,23.6,27.2,81.1,19.86,2.3,4.24840647,,
2005,8,28,31.1,23.7,26.6,82.6,17.21,2.2,3.711459174,,
2005,8,29,30.3,23.9,26.5,87.3,11.84,1.7,2.649426495,,
2005,8,30,29.9,24.9,26.8,87.6,8.93,1.3,2.146414773,,
2005,8,31,30.9,24.9,27.3,86.5,14.22,1.8,3.117404287,,
2005,9,1,33.8,24.9,28.1,84.3,17.67,1.4,3.842673273,,
2005,9,2,33.6,25.6,29.2,80.2,21.13,1.9,4.639887618,,
2005,9,3,33.1,26.9,29,82.7,13.74,1.7,3.312398104,,
2005,9,4,32.2,25.5,28.3,82.8,2.22,1.7,1.34030566,,
2005,9,5,33.4,25.7,29,80.8,20.39,1.7,4.456107306,,
2005,9,6,30.7,26.1,28,85.7,6.86,1.2,1.877632304,,
2005,9,7,33.9,25.3,27.6,85.3,13.85,1.3,3.152050385,,
2005,9,8,31.9,24.9,28,77.9,13.93,1.4,3.284958248,,
2005,9,9,33.6,24.9,28.5,75.3,17.7,1.2,3.971178362,,
2005,9,10,34.2,24.9,28.9,75,22.11,1.4,4.803683116,,
2005,9,11,34.4,24.5,29,74.8,22.87,1.4,4.931573009,,
2005,9,12,32.9,25.2,28.5,74.4,15.95,1.6,3.813423519,,
2005,9,13,30.8,24.5,27.9,83,9.89,1.2,2.424381856,,
2005,9,14,30.3,24.4,26.8,79.8,14.18,1.7,3.252874647,,
2005,9,15,33.5,24.1,28.6,76.3,24.12,1.9,5.128769948,,
2005,9,16,32.6,24.9,28.5,76.2,19.75,2.1,4.466561371,,
2005,9,17,32.2,24.9,28.4,76.7,17.95,3,4.352666695,,
2005,9,18,28.9,24.5,26.1,86.8,5.45,1.1,1.553138535,,
2005,9,19,32.1,23,26.1,84.5,14.54,2.3,3.26625729,,
2005,9,20,34.3,24.7,27.6,80.1,14.86,1.2,3.420951148,,
2005,9,21,33.4,25.1,28.7,77.5,23.23,1.8,4.980525358,,
2005,9,22,32.4,24.5,27.9,79,16.25,1.9,3.754084919,,
2005,9,23,31.6,24.5,27.1,84.5,12.76,1.6,2.931064609,,
2005,9,24,32.6,24.4,28.3,77.5,25.57,1.9,5.264762786,,
2005,9,25,31.4,24.7,26.9,83.9,19.21,2.5,4.051497162,,
2005,9,26,31.6,24.4,27.5,81.2,17.19,3.1,3.962437901,,
2005,9,27,31.5,24.4,27.8,82.8,16.82,1.8,3.662971667,,
2005,9,28,32.6,25.5,28.4,79.5,20.74,2,4.52387077,,
2005,9,29,32.9,24.5,27.6,80.6,17.46,2.2,3.969023808,,
2005,9,30,32.2,23.7,26.9,84.5,23.11,2,4.60163088,,
2005,10,1,31.7,23.9,25.8,87.7,13.18,1.6,2.863892835,,
2005,10,2,31.9,23.2,27.5,81,22.95,2,4.65923618,,
2005,10,3,31.4,24.3,26.5,86,17.27,2.2,3.624903938,,
2005,10,4,30.6,23.6,26.4,84.2,20.87,2.5,4.182061829,,
2005,10,5,31.7,23.6,27.4,79.3,19.44,1.8,4.139162761,,
2005,10,6,31.9,24.5,27.8,80.6,20.93,1.8,4.392893725,,
2005,10,7,31.1,24.4,27.7,82.7,20.81,2.4,4.324928829,,
2005,10,8,31.8,24.3,27.6,82.8,21.87,2.4,4.517120301,,
2005,10,9,31.8,24.4,27.3,81.8,18.89,1.8,4.017687736,,
2005,10,10,32.9,25,27.7,83.9,19.71,1.3,4.130135835,,
2005,10,11,33.2,24.8,28.4,80.6,20.15,1.7,4.3579522,,
2005,10,12,31.6,24.8,26.8,85.8,13.98,1.9,3.123914448,,
2005,10,13,32.1,24.3,27.5,82.9,19.53,1.7,4.09542028,,
2005,10,14,31.5,24.1,27.2,83.4,17.61,1.9,3.756703378,,
2005,10,15,31.8,24,27.2,82.6,20.09,1.9,4.177667072,,
2005,10,16,30.9,23.7,27,80.7,13.64,1.2,3.04691997,,
2005,10,17,31.6,24,27.2,82,15.82,1.4,3.441837773,,
2005,10,18,31.3,25.2,27,85.8,11.83,1.2,2.689806748,,
2005,10,19,29.5,24,26.4,84.6,11.47,1.1,2.564603183,,
2005,10,20,29.9,24,25.3,89.3,9.33,1.1,2.110383036,,
2005,10,21,30.4,23.8,26.3,85.6,14.46,1.3,3.062358726,,
2005,10,22,28.5,24.4,25.7,90.3,7.42,1,1.766520487,,
2005,10,23,31.1,24,27.1,83.5,21.42,1.5,4.287093465,,
2005,10,24,32.6,24.5,26.4,85.4,14.37,1.3,3.143584502,,
2005,10,25,32.2,24.5,27.5,80.3,20,1.3,4.179162254,,
2005,10,26,31.2,23.7,25.8,88.2,9.77,1.1,2.234671053,,
2005,10,27,30.3,24.2,26.2,87.3,10.68,1.3,2.423308601,,
2005,10,28,30.4,24.3,27,81.8,13.84,1.1,3.035252735,,
2005,10,29,31.9,24.8,27.4,81.5,15.87,1.5,3.518555048,,
2005,10,30,32.1,24.9,28,82.8,19.47,1.3,4.076939847,,
2005,10,31,30,23.7,26.9,84.7,17.06,2.2,3.569982134,,
2005,11,1,29.8,24.8,26.6,86,14.47,1.7,3.105800464,,
2005,11,2,30.6,24.3,27.1,85.2,19.24,1.6,3.899602476,,
2005,11,3,30.5,25.2,27,85.7,18.74,2.2,3.864739604,,
2005,11,4,30.4,24.7,26.9,85,14.77,1.4,3.172924447,,
2005,11,5,31.2,24.6,27.3,82.8,14.51,1.2,3.182892133,,
2005,11,6,31.8,24.9,26.6,84.5,11.35,1.2,2.640291976,,
2005,11,7,32.1,23.7,27.3,83.5,18.81,1.4,3.907126649,,
2005,11,8,29.1,22.6,25,90.1,6.11,1.1,1.55577196,,
2005,11,9,32.7,23.1,26.1,87.6,23.05,1.4,4.479840048,,
2005,11,10,32.4,24.6,27.3,85.9,18.48,1.3,3.837902262,,
2005,11,11,31.3,23.5,26.4,86.6,20.6,1.9,4.069603534,,
2005,11,12,31.2,24.1,25.9,89.3,13.83,2,2.92785829,,
2005,11,13,31.8,24,28.1,81,21.34,1.5,4.394940024,,
2005,11,14,32.9,24.9,27.1,85.9,17.02,1.5,3.634705553,,
2005,11,15,32.1,24.2,27.5,82.6,20.99,1.6,4.321203425,,
2005,11,16,31.4,24.5,27,83.1,16.81,1.4,3.576236678,,
2005,11,17,30.4,24.4,27.2,84.8,13.89,0.8,2.958875166,,
2005,11,18,33.2,24.2,27,86.3,17.39,1,3.63533229,,
2005,11,19,27.9,24,25.6,87.4,2.74,1.5,1.174920531,,
2005,11,20,30.1,24.3,26.2,80.1,11.27,1.5,2.740432701,,
2005,11,21,30.5,23.4,26.4,81.6,12.46,1.4,2.854902124,,
2005,11,22,30.9,24.1,26.3,82.6,10.66,1.3,2.55292481,,
2005,11,23,27,24,24.9,91.8,2.46,1,0.929218619,,
2005,11,24,28.9,23.9,25.4,91,8.45,1.3,1.930697795,,
2005,11,25,32.1,24.5,27,85,15.55,2.1,3.438518968,,
2005,11,26,30.3,23.7,26.5,85.6,10.94,1.3,2.50421804,,
2005,11,27,33.4,24.6,27.2,82.8,16.24,1.2,3.54879862,,
2005,11,28,27.4,23.5,24.8,90.2,7.89,1.3,1.832510736,,
2005,11,29,29.8,23.5,25.9,87.3,10.95,1,2.40570762,,
2005,11,30,29.7,23.3,25.6,87.2,11.59,1.2,2.518823146,,
2005,12,1,30.5,23.8,26.1,83.4,14.9,1.5,3.206172068,,
2005,12,2,29.9,23.2,25.9,84.6,15.72,1.8,3.291475622,,
2005,12,3,31.2,24,26.5,84.8,15.96,1.3,3.355830947,,
2005,12,4,32.3,23.8,26.7,84,18.75,1.3,3.868230873,,
2005,12,5,30.8,23.4,25.9,86.5,14.64,1.3,3.064182621,,
2005,12,6,32.7,23.6,26.3,85.8,14.88,1.2,3.186920761,,
2005,12,7,30.3,24.5,26.9,79.7,13.14,1.7,3.102685632,,
2005,12,8,25,23,24.2,93.9,0.68,1.2,0.627491766,,
2005,12,9,27.4,22.5,24.9,86.1,7.19,1.8,1.897852975,,
2005,12,10,32.5,23.3,25.9,85.6,13.7,1.2,2.974205205,,
2005,12,11,32.3,23.6,27.3,80.2,18.41,1.4,3.914257859,,
2005,12,12,31.7,24,27.2,78.2,16.8,1.6,3.729944347,,
2005,12,13,30.6,23.8,26.4,82.5,8.91,1.4,2.292691986,,
2005,12,14,29.7,24.2,25.9,86.5,9.33,1.4,2.226387356,,
2005,12,15,25.4,23.4,24.2,92.7,3.42,0.9,1.046197323,,
2005,12,16,28.1,23,24.7,90.6,5.15,1.6,1.434686485,,
2005,12,17,26.1,22.7,24.1,92.1,3.06,2,1.091579275,,
2005,12,18,28.9,22.1,24.7,86.1,12.22,1.6,2.622983333,,
2005,12,19,30.45,22.6,25.75,82.2,15.53,1.6,3.307026128,,
2005,12,20,30.45,22.6,25.75,82.2,15.53,1.6,3.307026128,,
2005,12,21,30.45,22.6,25.75,82.2,15.53,1.6,3.307026128,,
2005,12,22,30.45,22.6,25.75,82.2,15.53,1.6,3.307026128,,
2005,12,23,30.45,22.6,25.75,82.2,15.53,1.6,3.307026128,,
2005,12,24,30.45,22.6,25.75,82.2,15.53,1.6,3.307026128,,
2005,12,25,30.45,22.6,25.75,82.2,15.53,1.6,3.307026128,,
2005,12,26,30.45,22.6,25.75,82.2,15.53,1.6,3.307026128,,
2005,12,27,30.45,22.6,25.75,82.2,18.84,1.6,3.801656961,,
2005,12,28,32,23.1,26.8,77.7,16.79,1.6,3.719992583,,
2005,12,29,31.9,23.3,26.8,77.2,15.27,1.4,3.448611085,,
2005,12,30,33.2,22.7,26.8,76.7,18.69,1.5,4.060983336,,
2005,12,31,32.6,23.9,26.7,79,14.97,1.6,3.456344705,,
2006,1,1,33.3,23.5,27.3,75.8,19.35,2,4.362180369,,
2006,1,2,31.5,24.3,27.3,74.1,13.16,1.6,3.286404949,,
2006,1,3,31.7,23.5,26.4,80.2,13.8,1.2,3.093083526,,
2006,1,4,33.4,23.9,27.6,75.7,17.3,1.7,3.993285087,,
2006,1,5,33.7,23.9,27.8,73.3,17.47,2,4.207853284,,
2006,1,6,33.9,23.3,27.1,73.7,19.54,2.4,4.611372184,,
2006,1,7,29.9,25.3,26.8,64.8,8.84,2.9,3.587209904,,
2006,1,8,30.1,24.4,26.9,68.3,15.29,3.2,4.306023138,,
2006,1,9,31.3,25.1,26.8,67.2,17.38,3.7,4.965431124,,
2006,1,10,31.5,24.9,27.3,67.5,17.63,3.1,4.753872476,,
2006,1,11,31.9,22.9,27.1,72.7,20.07,2.9,4.689045262,,
2006,1,12,33.5,23.3,27.8,75.2,22.52,2.1,4.899711144,,
2006,1,13,33.8,22.8,27.7,74.8,21.46,2,4.726003794,,
2006,1,14,34.5,23.3,28,71.7,20.5,1.8,4.682026629,,
2006,1,15,33.6,23.1,27.8,73,23.16,2.3,5.113408907,,
2006,1,16,33.6,22.1,27.5,75.7,22.13,2,4.754143594,,
2006,1,17,33.7,23.3,27.7,76.8,19.7,1.6,4.312422891,,
2006,1,18,34.3,23.6,27.8,75.7,17.29,1.4,3.944104184,,
2006,1,19,34,22.4,27.6,75.4,20.73,1.3,4.40835322,,
2006,1,20,33.3,23.5,27.7,76.4,18.88,1.9,4.253247957,,
2006,1,21,33.3,23.8,27.5,76.8,18.82,1.7,4.188949561,,
2006,1,22,33.1,21.6,26.5,79.1,18.98,1.5,4.005704211,,
2006,1,23,34.4,21.7,27.4,74.3,21.29,1.5,4.569790162,,
2006,1,24,32.2,23.5,27.6,66.1,16.86,1.8,4.142105363,,
2006,1,25,33,22.4,27.3,65.2,20.07,2.4,4.89485814,,
2006,1,26,32.8,22.1,27.4,64.9,20.2,2.6,4.973221541,,
2006,1,27,33.3,22.5,27.4,70.7,20.56,1.8,4.588464031,,
2006,1,28,34,22.1,27.5,72.1,20.57,1.5,4.490454071,,
2006,1,29,35.1,22.2,27.8,70.8,21.41,1.6,4.769421578,,
2006,1,30,34.2,22.4,27.8,67.6,19.85,1.6,4.543240141,,
2006,1,31,34.8,22,28.2,65.4,23.97,2.5,5.616821722,,
2006,2,1,33.8,22.8,27.2,74.4,14.6,1.7,3.59854642,,
2006,2,2,34.6,23.2,28.6,63.8,23.38,2.5,5.633044184,,
2006,2,3,34.2,23.3,28.4,62.3,20.08,3,5.438518355,,
2006,2,4,34.4,25.2,29.2,59.1,23.74,3.6,6.504032473,,
2006,2,5,34.8,25.7,29.3,56.5,22.69,3.6,6.606248129,,
2006,2,6,34.8,21.8,28.2,58.8,23.92,2.7,5.93114624,,
2006,2,7,35,23.1,28.7,59.6,23.72,2.7,5.967422298,,
2006,2,8,34.5,23.2,28.4,62.6,19.97,3.3,5.574669054,,
2006,2,9,33.6,22.8,28.4,64.2,18.05,2.9,4.940667735,,
2006,2,10,33.5,24.5,27.7,70.2,12.22,2.5,3.763515344,,
2006,2,11,30.8,24.6,27,74.3,10.72,2.6,3.239665768,,
2006,2,12,31.5,23.9,25.7,87,11.4,1.7,2.608424896,,
2006,2,13,31,23.9,25.5,87,11.59,2,2.653574927,,
2006,2,14,34.9,23.3,26.5,82,21.74,1.8,4.583662605,,
2006,2,15,33.5,23.4,26.1,85.1,14.91,1.5,3.267819295,,
2006,2,16,34,24,27.3,81.8,17.88,1.4,3.89200587,,
2006,2,17,34.2,23.9,28.3,74.1,23.36,2,5.127060426,,
2006,2,18,34.4,23.9,28.5,68.9,23.57,2.4,5.462398108,,
2006,2,19,34.5,23.6,28.9,66,23.97,2.5,5.651424599,,
2006,2,20,34.7,23.9,29,67.2,21.99,2.4,5.319449578,,
2006,2,21,34.8,25,29.3,62.8,24.48,2.7,6.040538745,,
2006,2,22,33.8,24.4,28.6,65,20.89,2.6,5.271755188,,
2006,2,23,34.5,24.9,29.2,62.7,23,2.7,5.797669601,,
2006,2,24,34.7,24.9,29.3,63,23.67,2.8,5.946415558,,
2006,2,25,34.7,24.3,28.9,64.2,21.07,2.2,5.21962644,,
2006,2,26,34.8,22.9,28.2,70.5,22.88,1.9,5.120115067,,
2006,2,27,35.1,24.3,28.8,71.9,21.04,2,4.928590814,,
2006,2,28,34,24.6,27.6,78.8,16.84,1.7,3.890164017,,
2006,3,1,36.1,23.2,28.7,68.8,25.59,2.2,5.828238954,,
2006,3,2,35.1,24.5,29.4,58,25.65,3,6.538133351,,
2006,3,3,34.7,24.8,29.2,63,23.61,2.4,5.746733116,,
2006,3,4,35.4,23.6,29.1,66,23.98,2.1,5.578460815,,
2006,3,5,35.9,23.7,29.1,64.6,22.81,2.1,5.49768252,,
2006,3,6,35.3,23.4,28.8,67.3,23.71,1.7,5.314749399,,
2006,3,7,36.3,23.1,28.8,65.6,25.45,1.8,5.737260528,,
2006,3,8,36.4,23.2,28.7,67.3,24.02,2.1,5.625237244,,
2006,3,9,36,23.1,29,64.4,24.01,2.1,5.660759366,,
2006,3,10,36.4,24,29.2,68.8,22.85,2,5.403414079,,
2006,3,11,36.8,24.2,29.2,70.4,24.61,1.7,5.572977882,,
2006,3,12,36,23.4,28.9,71.8,24.7,1.8,5.477915478,,
2006,3,13,35.3,23.6,29,71.4,23.37,1.9,5.259892339,,
2006,3,14,36.6,25,29.2,73.9,23.47,1.7,5.331461581,,
2006,3,15,36.3,23.9,29.1,69,23.66,2,5.509108837,,
2006,3,16,36.2,23.5,29,69.3,22.94,2,5.359369573,,
2006,3,17,36.9,24.3,29.7,67.1,23.97,1.9,5.647122616,,
2006,3,18,36.7,22.6,28.7,74,23.31,2,5.286695907,,
2006,3,19,35.7,24.7,28.5,76.3,19.82,1.5,4.512170786,,
2006,3,20,34.8,24.7,28.1,76.1,22.09,1.8,4.899150767,,
2006,3,21,33,24.7,27.6,82.4,20.04,1.7,4.255774541,,
2006,3,22,32.8,24.1,28.1,78.5,21.78,1.5,4.57125129,,
2006,3,23,34,25.6,27.7,80.3,17.57,1.8,4.022508992,,
2006,3,24,28.3,24.9,26,89,6.52,1.1,1.667512247,,
2006,3,25,33.4,24,27.3,82.9,25.31,1.9,5.095996454,,
2006,3,26,31.4,24.6,27.7,81.9,16.32,1.9,3.625104759,,
2006,3,27,31.8,25.6,27.9,79.3,15.36,1.8,3.590334531,,
2006,3,28,33.5,25.3,28.8,75.8,21.05,1.7,4.664684291,,
2006,3,29,34.5,25.3,28.6,76.2,23.28,2,5.153170284,,
2006,3,30,33.8,24.4,27,82.5,17.42,1.5,3.810715222,,
2006,3,31,33.2,24.5,28.6,76.3,19.48,1.3,4.243438606,,
2006,4,1,33.6,24.7,28.4,74.5,18.57,1.6,4.245371775,,
2006,4,2,34.3,25,29,74.2,23.57,1.4,5.06823626,,
2006,4,3,33.7,24.9,28.6,74.9,20.05,1.5,4.460088161,,
2006,4,4,35,25,29.1,74.4,26.16,2,5.701273439,,
2006,4,5,35.4,25,29,74.8,22.69,1.3,4.962969355,,
2006,4,6,34.4,24.8,29.7,72.5,22.57,1.5,4.976932781,,
2006,4,7,34.4,25.4,29.4,75.5,20.28,1.5,4.566816761,,
2006,4,8,34.1,25.4,27.9,82.8,17.67,1.7,3.947963214,,
2006,4,9,31.9,24.8,28.2,79.9,18.93,2.1,4.169777638,,
2006,4,10,33.6,25,27.9,83.1,18.45,2,4.069832712,,
2006,4,11,32.9,23.4,27.3,84,20.87,2.3,4.335636363,,
2006,4,12,32.5,23.5,28.1,78.6,25.8,2,5.233277176,,
2006,4,13,32.8,25,28.7,77.8,23.8,2.2,5.087388885,,
2006,4,14,33.6,25,27.8,81.4,23.62,1.9,4.942005586,,
2006,4,15,32.6,24.5,27,83.7,19.28,1.4,4.017579438,,
2006,4,16,33,24.7,27.2,82.3,16.58,1.4,3.636676881,,
2006,4,17,34.4,24,27.9,76.2,20.77,1.5,4.544126398,,
2006,4,18,33.2,24.2,27.4,80.4,18.58,1.6,4.042766162,,
2006,4,19,32.9,23.1,26.8,84.8,17.81,1.7,3.751514768,,
2006,4,20,33.9,23.6,28.4,73.5,23.4,1.6,5.003852257,,
2006,4,21,33.1,25.4,27.7,80.9,18.42,1.5,4.029038901,,
2006,4,22,33,24.6,28,78,17.51,1.9,4.019894269,,
2006,4,23,32.5,24.5,28.3,78.8,22.38,1.8,4.716671059,,
2006,4,24,35.3,25,29,76.9,23.65,1.7,5.185983333,,
2006,4,25,34.3,25.1,27.8,79.6,17.1,1.4,3.873361941,,
2006,4,26,34.7,24.6,28.3,76.7,22.52,1.3,4.823443551,,
2006,4,27,34.6,24.7,29.2,75.2,23.86,1.4,5.117633318,,
2006,4,28,35,26.1,30,76.2,26.96,1.7,5.81523491,,
2006,4,29,33.8,26.8,30.2,77.5,22.57,1.7,5.000545237,,
2006,4,30,32.8,26.2,28.3,83.5,11.06,1.5,2.756860619,,
2006,5,1,33.1,24.7,26.9,86.5,13.52,1.5,3.033929524,,
2006,5,2,32.9,23.9,28.1,79.1,26.91,1.7,5.407522985,,
2006,5,3,33.6,23.5,27.7,80.9,19.14,1.5,4.111036926,,
2006,5,4,32,24,27.8,83.1,22.49,2.1,4.587329457,,
2006,5,5,31.2,24.5,26.3,88.1,10.98,1.8,2.528472921,,
2006,5,6,30.9,24.7,27.4,83.5,23.94,2,4.740797388,,
2006,5,7,30.4,24.8,27.1,84,13.35,1.4,2.976773158,,
2006,5,8,32.5,24.3,28.6,79,24.15,1.7,4.979731308,,
2006,5,9,33.7,25.6,29.2,77.4,23.42,1.8,5.072582617,,
2006,5,10,33.1,25.3,28.6,78.7,18.36,1.4,4.064667811,,
2006,5,11,33.1,25.3,28,78.6,20.77,1.6,4.487880668,,
2006,5,12,32.4,25,28,80.6,22.55,1.8,4.705873942,,
2006,5,13,32.1,24.7,26.9,85.4,14.89,1.3,3.229654237,,
2006,5,14,32.7,24.3,27,81.8,18.8,1.9,4.054618016,,
2006,5,15,31.9,24.8,27.2,85.9,15.99,1.4,3.414564262,,
2006,5,16,31.2,25.3,26.6,88.8,8.78,1.3,2.113370772,,
2006,5,17,32.8,24.9,28.2,82.4,20.14,1.5,4.262442518,,
2006,5,18,30,23.9,27,86.3,11.62,1.7,2.647446364,,
2006,5,19,32.4,25,28.5,81,22.85,1.4,4.713960469,,
2006,5,20,27.6,24.4,25.8,89.7,6.23,1.5,1.634181459,,
2006,5,21,33,23.5,27.7,79,20.16,1.7,4.319534783,,
2006,5,22,27,23.3,25.2,86.8,6.21,2,1.766315059,,
2006,5,23,31.8,24.1,27.8,80.4,21.25,1.5,4.384455975,,
2006,5,24,31.9,25,27.9,82,14.31,1,3.172785048,,
2006,5,25,32.5,24.9,28.3,79,24.17,1.6,4.982771808,,
2006,5,26,31.2,25.3,26.9,85.3,9.32,1.7,2.373645677,,
2006,5,27,32.7,24.3,27.2,81,20.39,1.6,4.287518861,,
2006,5,28,32.5,23.9,27.7,80,22.53,1.6,4.639585699,,
2006,5,29,32.1,24.7,28.3,81,22.49,1.5,4.630470663,,
2006,5,30,30.2,24,27.1,83.5,14.32,1.3,3.102764627,,
2006,5,31,33.2,24.4,28.7,78.2,22.73,1.2,4.729412395,,
2006,6,1,33.7,25.8,28.9,79,20.44,1.2,4.422208395,,
2006,6,2,32.1,25.4,28.2,78.3,24.4,1.7,5.040090818,,
2006,6,3,32.6,24.1,28.5,77.6,24.42,1.6,5.026373303,,
2006,6,4,31.2,25.4,28,80.4,18.06,1.9,3.966043873,,
2006,6,5,32.7,24.9,28.4,79.8,15.18,1.3,3.459586536,,
2006,6,6,31.5,25.2,27.6,82.2,15.56,1.4,3.433761904,,
2006,6,7,32.7,24.2,28.3,76.9,24.25,1.5,4.995937105,,
2006,6,8,32.1,25.5,28.7,79.5,21.43,1.7,4.56205856,,
2006,6,9,31.5,23.3,27.4,80.6,20.91,1.7,4.296358195,,
2006,6,10,32.8,24.6,28,78.8,23.98,1.9,4.999182983,,
2006,6,11,32,25,28,80.9,20.58,1.6,4.332530121,,
2006,6,12,31.7,24.4,27.5,82.2,17.77,1.8,3.831407171,,
2006,6,13,31.2,24.8,27.3,83.5,21.4,1.8,4.349184981,,
2006,6,14,32.3,24.3,27.2,83.2,21.32,2,4.401344727,,
2006,6,15,32.5,24.9,27.8,81.2,20.44,1.5,4.306094389,,
2006,6,16,31,25.5,27.2,87.5,16.1,1.3,3.375881027,,
2006,6,17,31.2,24.8,27.2,87.2,18.49,1.8,3.785021584,,
2006,6,18,30.3,24.3,26.3,87.9,14.62,2,3.086542944,,
2006,6,19,29.2,24.2,25.5,90.6,10.39,1.8,2.281076554,,
2006,6,20,31.1,23.6,26.9,84.5,18.82,1.9,3.867221603,,
2006,6,21,32,24.5,26.8,84.8,20.47,1.9,4.188098285,,
2006,6,22,31.2,24.2,27.1,84.8,20.57,1.6,4.144464434,,
2006,6,23,32.1,25.2,27,86.9,12.93,1.6,2.916209333,,
2006,6,24,28.9,23.3,24.9,91.3,7.33,1.8,1.764708384,,
2006,6,25,31.6,23.9,26.3,86,17.07,1.5,3.532417341,,
2006,6,26,32.6,24.2,27.8,81.8,21.12,1.4,4.372771245,,
2006,6,27,31.9,25,27.6,83.2,19.59,1.7,4.114583976,,
2006,6,28,32.3,24.8,28.3,78.2,16.27,1.6,3.721646822,,
2006,6,29,33.5,24.2,28.3,79.3,18.53,1.1,3.993071552,,
2006,6,30,33.2,25.6,28.8,80.5,17.71,1.4,3.940810728,,
2006,7,1,33.1,24.7,28.7,78.1,18.95,1.4,4.155138548,,
2006,7,2,33.3,25.3,29,78.4,18.11,1.9,4.163402273,,
2006,7,3,31.4,25.5,27.7,84.3,10.07,1,2.412018214,,
2006,7,4,33.3,25.2,28.6,79.9,18.95,1.4,4.146594376,,
2006,7,5,33.2,26.2,28.7,80.5,18.3,1.6,4.096944327,,
2006,7,6,32.6,23.9,28.1,80.3,20.04,1.5,4.239448333,,
2006,7,7,32.5,25.6,28.6,81.8,20.08,2.2,4.379593481,,
2006,7,8,32.1,25.9,28.3,84.2,12.48,1.4,2.930007573,,
2006,7,9,31.5,25.1,27.4,87.2,16.98,1.5,3.554199621,,
2006,7,10,28.1,24,26.1,88.1,8.28,1.6,2.013140664,,
2006,7,11,30.2,23.2,26.1,86.8,17.78,1.8,3.556753349,,
2006,7,12,31.2,24.1,27.3,81.5,19.48,1.5,4.03542899,,
2006,7,13,32,23.5,27,83,21.2,1.9,4.325125878,,
2006,7,14,31.7,23.6,27.1,85.3,16.63,1.2,3.472031255,,
2006,7,15,33.1,24.9,28.1,82,19.66,1.4,4.189511614,,
2006,7,16,32.4,24.6,28.2,82.9,16.81,1.5,3.67341475,,
2006,7,17,31.8,26.1,28.4,85.2,10.65,0.9,2.505947368,,
2006,7,18,32.2,25.2,28.2,83.9,12.67,1,2.885000911,,
2006,7,19,33,25.5,28.8,80,20.58,1.6,4.451804735,,
2006,7,20,31.9,23.7,27.3,79.4,19.31,2.2,4.198682173,,
2006,7,21,32.6,24.3,27.9,80,21.97,1.3,4.532197635,,
2006,7,22,33.1,24.6,28.2,80.4,19.48,1.1,4.12790148,,
2006,7,23,33.4,25,28.5,78.5,22.5,1.6,4.792367595,,
2006,7,24,33.4,24.8,28.5,78.4,22.46,1.7,4.798422674,,
2006,7,25,33.1,25.7,28.7,79.1,21.05,2,4.633275479,,
2006,7,26,32.2,22.7,27.1,84,10.02,1.4,2.455531909,,
2006,7,27,30.8,23.5,26,86.3,9.08,1.4,2.206412915,,
2006,7,28,30.7,23.9,26.1,85.4,12.19,1.4,2.72700479,,
2006,7,29,32.7,23.1,27.7,80.6,23.53,1.5,4.757144006,,
2006,7,30,32.7,23.2,26,86.9,12.59,2,2.861882859,,
2006,7,31,29.9,23.5,26.5,81,11.21,1.3,2.641659199,,
2006,8,1,33.5,24.4,27.9,78.8,23.12,1.4,4.812638271,,
2006,8,2,30.3,24.1,26.8,83.4,14.99,1.3,3.209025517,,
2006,8,3,32.8,23.8,28,78.1,22.21,1.9,4.706303317,,
2006,8,4,33.1,25.3,28.6,77.5,21.75,2.1,4.79073392,,
2006,8,5,33.6,25.4,28.2,80.5,21.24,1.8,4.596173425,,
2006,8,6,32.7,24.1,28.1,80.9,18.55,2.2,4.11104107,,
2006,8,7,31.9,24.1,27.8,81.5,16.75,2.5,3.806967185,,
2006,8,8,35.5,24.9,29,74.2,25.7,3.2,5.963220123,,
2006,8,9,34.6,24.7,29,74.4,26.97,2.7,5.930361924,,
2006,8,10,34.2,25,29.2,71.7,25.29,1.8,5.500827382,,
2006,8,11,34.5,24.5,28.9,71.7,24.87,2.1,5.519805953,,
2006,8,12,34.3,24.8,28.4,76.8,18.5,1.8,4.279606691,,
2006,8,13,34,24.1,28.4,74.9,18.5,2.3,4.432688739,,
2006,8,14,34.3,25.6,29.1,74.3,18.5,2.2,4.517570728,,
2006,8,15,33.4,26.3,29,76.5,12.13,1.7,3.236261922,,
2006,8,16,30.1,22.9,26.8,82.2,10.51,1.4,2.52439243,,
2006,8,17,33.9,24.4,27,79.6,17.13,1.9,3.935702199,,
2006,8,18,33,23.6,28.2,75.3,22.99,1.7,4.861369343,,
2006,8,19,32.7,24.1,28.4,79.1,22.55,1.9,4.751970951,,
2006,8,20,33.2,25.2,28.8,76.3,20.91,1.7,4.607269032,,
2006,8,21,33,25.3,28.6,78,21.16,1.9,4.636155294,,
2006,8,22,33.5,24.8,28.6,76.9,21.59,1.8,4.72343306,,
2006,8,23,33.9,24.3,28.7,73.5,22.71,1.6,4.932168139,,
2006,8,24,34,24,28.7,74.4,24.04,1.6,5.121716949,,
2006,8,25,34,24.3,28.8,74.3,24.12,1.8,5.203558962,,
2006,8,26,32.4,25.5,27.6,80,16.14,1.8,3.712488188,,
2006,8,27,32.2,23.9,26.7,82.1,18.81,1.7,3.969347312,,
2006,8,28,33.1,24.3,28,76.4,20.58,1.7,4.491186446,,
2006,8,29,31.8,24.1,27.1,83,13.95,1.4,3.127297269,,
2006,8,30,29.4,23.9,25.5,88.5,9.45,1.9,2.220713449,,
2006,8,31,28.4,23,25.2,87.8,10.8,1.6,2.378024152,,
2006,9,1,33.5,23.8,28.1,74.8,26.25,1.2,5.305217124,,
2006,9,2,31.7,24.8,27.7,78.1,18.82,1.7,4.105344361,,
2006,9,3,32.6,24.4,28,78.7,19.17,1.4,4.124831467,,
2006,9,4,31.2,23.8,27.8,81,22.21,2.5,4.588648713,,
2006,9,5,31.4,24.5,27.7,78.7,19.05,2,4.156643338,,
2006,9,6,32.4,24.4,27.6,79.5,22.88,2.1,4.789697636,,
2006,9,7,32.2,24.1,26.6,85.5,14.43,2,3.21761536,,
2006,9,8,32,24,27.6,82.6,23.38,2.1,4.732413961,,
2006,9,9,31.6,24.4,27.7,81.8,21.46,2.3,4.475336554,,
2006,9,10,31.2,24,27.5,82.4,21.86,2.1,4.45149012,,
2006,9,11,31.3,25.5,28,79.8,18.1,2.2,4.052390808,,
2006,9,12,30.1,24,26.4,84.5,12.45,2.1,2.880169243,,
2006,9,13,29.4,23.7,26.1,84.8,12.25,1.8,2.765280553,,
2006,9,14,31.6,24.8,27.6,80.8,21.27,2.1,4.468902152,,
2006,9,15,32.3,25,26.9,80.4,17.63,1.9,3.917544285,,
2006,9,16,28.9,23.9,26.2,81.4,12.88,1.2,2.842734214,,
2006,9,17,32.8,23.8,28,75.9,23.52,1.9,4.962815563,,
2006,9,18,31.3,25.5,28,79,11.19,1.4,2.813908444,,
2006,9,19,32.9,25,28.5,76.8,21.75,1.6,4.672603808,,
2006,9,20,33.9,25.2,28,78.5,16.7,1.4,3.819013924,,
2006,9,21,33.3,24.7,28.6,76.1,25.02,1.9,5.287258211,,
2006,9,22,32.6,25.4,28.4,78.7,18.29,2.1,4.177848463,,
2006,9,23,31.7,24.3,26.7,85.6,8.5,1,2.097418163,,
2006,9,24,30.6,23.8,26,87.5,12.58,1.8,2.762882682,,
2006,9,25,29.1,23.9,25.2,88.8,8.14,1.9,2.002764649,,
2006,9,26,29.9,23.8,26.5,85,12.23,1.8,2.780340583,,
2006,9,27,32.8,24.3,27.7,79.7,20.16,2.1,4.389368935,,
2006,9,28,33.8,24.5,28.3,76.9,22.29,1.5,4.767116432,,
2006,9,29,31.7,24.4,27.4,82.6,15.26,2.2,3.484774863,,
2006,9,30,29.1,23.8,25.8,86.3,12.03,2.5,2.741342926,,
2006,10,1,28.9,23.5,25.6,85.9,10.45,2.5,2.518445434,,
2006,10,2,29.3,23.8,26.3,85.6,11.14,2.6,2.669673959,,
2006,10,3,32.6,23.2,27.7,79.5,23.56,1.6,4.791434521,,
2006,10,4,32.5,24.9,28.3,81,19.6,1.9,4.250592127,,
2006,10,5,31,24.6,27.1,82.7,14.62,1.9,3.306568607,,
2006,10,6,32.1,23.3,27.5,81.2,18.81,2.7,4.130687303,,
2006,10,7,32.4,23.3,27.6,77.1,24.68,1.8,5.03062914,,
2006,10,8,33.5,23.6,28.4,73.5,24.78,1.6,5.189711268,,
2006,10,9,32.9,24.5,28.6,75,24.97,1.7,5.21973244,,
2006,10,10,32,24.3,27.8,77.8,16.33,1.6,3.702167352,,
2006,10,11,31.6,25.2,27.6,80.8,15.94,1.5,3.550190643,,
2006,10,12,32.6,24.8,28.1,76,23.67,2.1,5.059332341,,
2006,10,13,27.4,24.8,26,84.2,8.6,1.6,2.17910183,,
2006,10,14,32,23.8,27.5,78.3,20.85,1.4,4.331573576,,
2006,10,15,32,24.8,28,79.1,19.45,1.5,4.164543862,,
2006,10,16,32.2,25,27.8,82.3,17.43,1.7,3.811442289,,
2006,10,17,33.3,25,27.4,85.1,17.33,1.4,3.725368542,,
2006,10,18,32.5,24.7,27,86.6,16.4,0.9,3.438248065,,
2006,10,19,33.6,23.9,27.1,83.2,22.88,1.4,4.656876003,,
2006,10,20,31.2,24.4,25.9,89.7,9.79,1,2.205479278,,
2006,10,21,32.3,24.5,26.6,87.2,18.95,1.4,3.86164006,,
2006,10,22,31.3,24.3,25.9,89.4,11.4,1,2.481024991,,
2006,10,23,32.6,24.1,26.7,85.7,17.31,1.5,3.639255826,,
2006,10,24,32.8,24.7,26.5,87.8,14.69,1.2,3.14607624,,
2006,10,25,33.2,24.4,27.4,81,19.73,1.5,4.20302634,,
2006,10,26,33.6,24.4,28.1,78.3,21.56,1.5,4.600123286,,
2006,10,27,33.7,24.1,27.3,81.7,20.51,1.3,4.299320281,,
2006,10,28,31.7,24,26.8,85.7,17.82,1,3.64423573,,
2006,10,29,33.5,23.6,28.1,81.1,21.99,1.6,4.596101181,,
2006,10,30,33,25.2,27.6,82.8,17.75,1.5,3.859980392,,
2006,10,31,33,25.2,27.2,83.7,14.06,1.2,3.163952154,,
2006,11,1,32.2,24,26.9,84.9,14.39,1.1,3.118473839,,
2006,11,2,32.8,24.3,27.1,83.3,15.56,1.1,3.374531908,,
2006,11,3,34.1,24.1,28.1,79.1,22.48,1,4.661253922,,
2006,11,4,32.7,23.4,27.5,83,17.08,1.3,3.64756262,,
2006,11,5,31.4,23.7,26.8,84.7,14.87,1.3,3.191328917,,
2006,11,6,32.6,23.7,26.7,86.5,17.75,1,3.646491958,,
2006,11,7,32.3,24.2,26.2,86.9,17.18,1.5,3.561183899,,
2006,11,8,32.7,24.2,26.8,83.4,17.68,1,3.695313234,,
2006,11,9,32.6,23.8,27,83.8,20,1.2,4.090881649,,
2006,11,10,30.7,24.1,26.6,85.4,18.18,1.2,3.679206868,,
2006,11,11,33.2,23.9,26.7,83.7,17.43,1.3,3.702253785,,
2006,11,12,32.1,23.6,27.8,74,18.83,1.8,4.216240824,,
2006,11,13,32.3,24.9,27.9,71.3,18.91,2.1,4.470109214,,
2006,11,14,32,24.4,27.6,74.8,16.36,1.6,3.782526152,,
2006,11,15,32.4,24.1,27,82.8,15.59,1.2,3.382845047,,
2006,11,16,32.7,23.8,26.6,85.1,15.98,1.8,3.466116501,,
2006,11,17,33.3,24.1,27.6,81.1,18.99,1.6,4.099233946,,
2006,11,18,33.2,24.9,27.2,83.6,15.54,1.3,3.43197139,,
2006,11,19,32,24.6,27.1,85,15.19,1.3,3.287376569,,
2006,11,20,32.6,24.1,26.6,86.5,16.06,1,3.366868675,,
2006,11,21,31.4,23.7,26.7,86.1,18.22,1.2,3.695413542,,
2006,11,22,32.9,23.4,26.7,85,19.71,1.3,4.023797086,,
2006,11,23,33.3,23.9,27.3,83.5,22.13,1.2,4.50081092,,
2006,11,24,33.7,23.5,27.3,81.8,18.89,1.3,4.011386608,,
2006,11,25,33.1,23.5,27.9,77.6,20.62,1.3,4.349092367,,
2006,11,26,34.2,24.6,27.8,80,19.84,1.8,4.377610053,,
2006,11,27,34.2,24.3,28.7,75.9,22.1,1.4,4.759056794,,
2006,11,28,33.6,23.8,28.4,72.7,22.11,1.9,4.894635527,,
2006,11,29,32.7,24.2,27.6,77.3,17.09,2.1,3.988544774,,
2006,11,30,33.1,25,27.7,79,16.55,1.4,3.731753818,,
2006,12,1,33.3,24.1,28,75.3,20.29,1.7,4.476930303,,
2006,12,2,33.5,23.4,27.9,69,17.31,2,4.29156196,,
2006,12,3,33.9,22.7,27.7,72.1,20.7,1.6,4.562849627,,
2006,12,4,33.7,22.4,27.7,72.5,20.48,1.7,4.528435879,,
2006,12,5,33.5,23.9,27.5,80.6,18.53,1.2,3.962443224,,
2006,12,6,33.3,24.6,27.5,81.1,20.22,1.5,4.296250774,,
2006,12,7,34.8,23.2,28.4,75.5,21.8,1.5,4.734286549,,
2006,12,8,33.5,23.4,26.6,84.5,12.63,1.5,2.925992202,,
2006,12,9,33.9,23.5,27.4,78.2,21.28,1.5,4.521101856,,
2006,12,10,33.8,23.8,28.1,73.1,20.87,1.9,4.704550477,,
2006,12,11,33,25.3,28.1,79.2,16.13,1.3,3.646600686,,
2006,12,12,33.7,24.2,28,73.4,18.71,1.5,4.240589601,,
2006,12,13,34.3,23.6,28.3,72.2,19.67,1.5,4.437326206,,
2006,12,14,34.3,24.2,27.6,79.5,19.49,1.4,4.237196471,,
2006,12,15,33.6,24,28.8,68.8,21.46,2,4.946190066,,
2006,12,16,32.7,25.5,27.8,76.5,14.33,2.1,3.647155127,,
2006,12,17,32.3,25.2,27.5,77.7,12.9,2.3,3.405239559,,
2006,12,18,31.5,25.7,27.8,70.6,14.58,2.9,4.146213683,,
2006,12,19,31,24.7,27.8,69.3,14.83,2.2,3.895521129,,
2006,12,20,30.3,24,26.2,83.8,14.6,1.3,3.121571598,,
2006,12,21,30,24.4,26.5,79.8,14.4,2.3,3.392501234,,
2006,12,22,31,24.8,27.3,67.5,14.28,2.7,4.106554968,,
2006,12,23,30.4,23.2,26.1,72.8,17.11,2.8,4.160005179,,
2006,12,24,31.7,23.1,27.1,67.1,19.93,2.6,4.807373222,,
2006,12,25,32.6,22.9,27.5,67.5,26.98,2.5,5.783917435,,
2006,12,26,32.7,23.6,27.5,72,26.88,2.5,5.674929379,,
2006,12,27,31.3,23.9,26.8,79.2,12.47,1.7,3.037551164,,
2006,12,28,32.7,23.3,27.4,72.3,23.11,2.7,5.164337523,,
2006,12,29,32.7,24.2,28,65.9,17.42,2.5,4.607846308,,
2006,12,30,32,23.9,27.4,69.3,15.4,2.1,3.967942022,,
2006,12,31,32.7,22.4,26.9,74.9,20.31,1.4,4.281907453,,
2007,1,1,32.6,22.5,26.9,75.8,19.03,1.1,3.984577609,,
2007,1,2,31.3,22.2,26.1,77.6,13.77,1.2,3.091708305,,
2007,1,3,30.5,24,26.6,76.6,13.59,1.1,3.07485195,,
2007,1,4,31.6,24.2,26.8,78.1,15.39,1.4,3.458775776,,
2007,1,5,30.1,23.6,25.8,82.6,10.1,1.1,2.386333964,,
2007,1,6,30.9,23.5,26.2,84.5,11.97,1.3,2.699869517,,
2007,1,7,24.9,23,23.9,94.7,1.22,1.3,0.690515731,,
2007,1,8,29.9,23.2,26.7,75.6,12.89,2.6,3.380283363,,
2007,1,9,31,25.4,27.7,70.3,17.52,4,4.852417295,,
2007,1,10,31.4,25.5,27.6,67.8,15.36,3,4.41990803,,
2007,1,11,32.6,23,27.4,68.6,17.09,2.1,4.234191914,,
2007,1,12,32.7,24.2,28.1,66.3,16.39,2.5,4.447249325,,
2007,1,13,32,24.3,28,66.8,15.44,2.4,4.204922374,,
2007,1,14,32.7,24.7,28.2,65.4,19.5,2.3,4.85275722,,
2007,1,15,33.3,23.8,28.4,66.1,21.72,2.4,5.185064683,,
2007,1,16,33.2,24.3,28.3,65.8,17.26,2.2,4.495871931,,
2007,1,17,33.5,24.3,28.6,67.5,20.72,2.9,5.227695761,,
2007,1,18,33.1,23.8,28.4,69,18.55,2.4,4.613515108,,
2007,1,19,33.3,24.2,27.8,75.4,18.95,2.1,4.377036703,,
2007,1,20,33.5,24.7,28.4,70.8,20.11,2.3,4.814594543,,
2007,1,21,32.8,24.2,28.1,75.2,16.64,2,3.976072525,,
2007,1,22,33.8,25.3,28.9,65,24.22,2.3,5.667592419,,
2007,1,23,34.7,22.5,28.2,67,23.24,2.6,5.510943733,,
2007,1,24,34.2,23.2,28.7,62.5,24.95,2.8,5.983399105,,
2007,1,25,33,23.3,27.9,62.7,24.72,2.8,5.824862211,,
2007,1,26,32.9,24.7,28,61.3,21.55,3.2,5.731907091,,
2007,1,27,33.6,24,27.9,61.3,20.27,3,5.503425242,,
2007,1,28,32.6,24.6,27.7,57.3,21.42,3.2,5.880793679,,
2007,1,29,32.8,23.9,27.6,55,24.82,3.2,6.377091637,,
2007,1,30,32.2,23.4,27,56.1,24.46,3,6.083430107,,
2007,1,31,32.3,20.8,26,57,23.09,3,5.740086044,,
2007,2,1,32.3,20.3,26.1,58.8,23.21,2.9,5.596438178,,
2007,2,2,32.4,20.6,26.2,60.7,23.38,3.1,5.651777303,,
2007,2,3,32.3,20.7,26.6,58.5,22.39,2.9,5.524561446,,
2007,2,4,32.5,20.9,26.5,60.8,21.51,2.4,5.123649758,,
2007,2,5,33.4,21,26.7,62.5,23.44,2.4,5.407899372,,
2007,2,6,33.8,21.1,27.3,68.9,20.64,2.2,4.776077744,,
2007,2,7,33.9,22.8,28,67.3,20.73,2.7,5.122846996,,
2007,2,8,34.7,24.5,28.5,66.3,22.3,2.6,5.515641043,,
2007,2,9,33.9,22.9,27.7,69.2,23.45,2.6,5.396498932,,
2007,2,10,34.2,21.6,28,64.3,22.98,2.7,5.518576099,,
2007,2,11,35.2,22.1,28.6,61.3,23.14,2.4,5.641537973,,
2007,2,12,34.1,24.3,28.5,69.9,20.18,2.5,4.958843835,,
2007,2,13,35.2,23.4,28.5,67.8,23.52,2.4,5.544529546,,
2007,2,14,36.3,22.9,28.6,66.7,25.33,2.5,5.978811197,,
2007,2,15,35.6,23.9,28.5,72.4,18.26,2.1,4.53513402,,
2007,2,16,34.9,24.5,28.8,70.9,18.1,1.9,4.457256497,,
2007,2,17,35.7,23.4,27.6,79.3,17.19,2.4,4.159100899,,
2007,2,18,33.6,23.9,26.9,83,17.77,1.5,3.82790945,,
2007,2,19,33,23.5,27,82.6,22.49,2,4.607324104,,
2007,2,20,33.9,23.7,27.8,79.1,21.18,1.7,4.545102584,,
2007,2,21,33.9,23.7,27.2,80.4,16.54,1.4,3.687694934,,
2007,2,22,33.6,24.4,27,84.9,15.79,1.1,3.415501501,,
2007,2,23,32.8,23.6,26.7,83.3,18.33,1.3,3.83064508,,
2007,2,24,35.4,23.1,28.3,72.3,25.16,1.9,5.48879802,,
2007,2,25,34.9,23.9,27.9,78.1,22.7,1.5,4.850645885,,
2007,2,26,34.3,23.8,28.4,71.5,23.08,1.8,5.095086558,,
2007,2,27,35,23,28.6,70.5,22.95,2.2,5.260654993,,
2007,2,28,36,24.2,29.3,66.5,24.16,2,5.639763582,,
2007,3,1,34.6,24.2,28,76.4,20.04,1.5,4.444735748,,
2007,3,2,35.4,23.2,28.6,70.8,21.89,1.7,4.956831983,,
2007,3,3,35.4,23.7,28.5,72.6,23.86,2,5.341475425,,
2007,3,4,34.3,22.9,28.1,67.5,20,1.6,4.596892224,,
2007,3,5,34.9,21.6,27.5,69.7,21.88,1.7,4.859562174,,
2007,3,6,33.7,22.9,27.4,75.3,19.59,1.5,4.28064024,,
2007,3,7,36,20.9,27.2,71.1,25.24,1.8,5.430972773,,
2007,3,8,35.6,22.4,28,71.4,24.42,1.9,5.37651939,,
2007,3,9,36.2,23.7,29.2,69.7,23.47,1.5,5.248213781,,
2007,3,10,35.6,24.5,29.8,63.5,22.63,2.1,5.512009872,,
2007,3,11,36.1,24,29.4,62.8,22.21,2.3,5.599178813,,
2007,3,12,36,23.6,28.1,74.4,21.5,1.5,4.800198567,,
2007,3,13,34.3,23.5,27,81.7,16.69,1.1,3.630152406,,
2007,3,14,34.9,23.8,28.5,78.4,24.29,1.9,5.196981841,,
2007,3,15,34.6,24.5,28.2,78,21.97,2.2,4.89387658,,
2007,3,16,33.7,23.9,27.4,81.9,22.25,1.8,4.643333948,,
2007,3,17,32.7,24.4,28.1,80.8,17.73,1.8,3.929853162,,
2007,3,18,33.3,25.1,28.7,78.5,18.38,1.4,4.077934413,,
2007,3,19,33.5,21.8,26.5,84.5,12.63,1.5,2.892814517,,
2007,3,20,30.6,23.5,26.9,81.7,13.21,1.4,2.982594473,,
2007,3,21,33.8,24.2,27.9,74,21.95,2.2,4.943226149,,
2007,3,22,32.6,24.3,26.4,84.6,13.31,1.3,2.984497632,,
2007,3,23,32.4,23.7,27.6,79,17.15,1.5,3.775841617,,
2007,3,24,33.7,24.7,27.4,80,19.62,1.6,4.265502875,,
2007,3,25,31.6,23.7,27.4,82.6,21.7,2,4.420928253,,
2007,3,26,32.8,25.3,28.5,78.9,23.99,2.1,5.077919187,,
2007,3,27,33.6,24.3,28.8,77,25.31,1.7,5.287482029,,
2007,3,28,33.9,24.9,28.4,81.7,24.2,1.9,5.068708809,,
2007,3,29,33.5,23.5,27,84.2,21.18,1.7,4.360037887,,
2007,3,30,34.8,23.8,28.3,77.6,22.92,1.6,4.919882784,,
2007,3,31,34.5,25,27.9,80.3,23.37,2,5.014518844,,
2007,4,1,32.2,24.4,27.7,82.2,21.78,1.8,4.497687261,,
2007,4,2,32.6,24.9,28.2,78.4,20.49,1.7,4.427742756,,
2007,4,3,33.4,24.6,27.6,80.6,21.53,1.6,4.54534341,,
2007,4,4,35.1,24.1,29.1,69.3,26.6,2.4,5.985004386,,
2007,4,5,35,25.5,29.8,57.5,25.07,3.1,6.586542765,,
2007,4,6,34.9,24.7,29.4,65,23.04,1.9,5.384262746,,
2007,4,7,35.6,24.7,29.5,68.9,24.99,1.9,5.660080698,,
2007,4,8,35.3,25.2,29.2,72.2,26.56,2.2,5.916726371,,
2007,4,9,33.4,25.7,28.6,77.2,20.85,1.5,4.558171134,,
2007,4,10,33.7,25.4,28.3,79.7,22.93,1.5,4.851909311,,
2007,4,11,32.1,24.2,27,85.4,17.25,1.5,3.627664883,,
2007,4,12,32.8,24,27.9,79.3,25.75,1.4,5.169628268,,
2007,4,13,32.2,25.7,28.1,81.2,19.59,2,4.266643507,,
2007,4,14,34.2,25.6,28,83.9,21.41,1.6,4.552242108,,
2007,4,15,35.4,24.7,29.4,77.1,24.08,2.1,5.344375842,,
2007,4,16,30.8,25,27.8,84,15.61,1.9,3.437051065,,
2007,4,17,33,25.5,28.9,81.1,20.94,1.8,4.520112962,,
2007,4,18,34.6,24.3,29.7,78.3,26.14,2.1,5.571152164,,
2007,4,19,33.4,24.9,28.4,81.9,23.11,1.9,4.850949617,,
2007,4,20,34.9,24.2,29.1,73.7,23.51,1.2,5.018067961,,
2007,4,21,34.4,24.8,28.6,79.8,22.65,1.9,4.902683532,,
2007,4,22,33.7,25.2,28.3,82.7,22.79,1.9,4.80639504,,
2007,4,23,33.6,24.2,26.9,84.5,20.69,1.3,4.263324582,,
2007,4,24,33,23.9,27.4,82.7,20.41,1.5,4.249658326,,
2007,4,25,33.8,24.8,27.6,83.7,20.13,1.5,4.263456176,,
2007,4,26,35.2,24.6,29.3,73.7,25.16,1.9,5.534391996,,
2007,4,27,34,25.4,28.9,74,22.75,1.5,4.95992651,,
2007,4,28,31.3,25.5,27.3,81.8,12.54,1.2,2.906058496,,
2007,4,29,29.5,24.6,26.1,89.9,7.72,1.3,1.869907706,,
2007,4,30,31.9,24.5,26.5,87,19.81,1.9,4.000912072,,
2007,5,1,32.5,24.5,28.3,79.9,20.35,1.8,4.368630268,,
2007,5,2,33.3,25.9,28.2,82.8,20.8,1.5,4.428138846,,
2007,5,3,33.6,25.1,28.9,79.4,18.86,1.3,4.140467383,,
2007,5,4,32,25.6,28.6,80.6,17.19,2,3.900974747,,
2007,5,5,33.6,25.7,29.1,79.6,18.64,1.4,4.146491185,,
2007,5,6,32.7,26.2,29.2,80.4,22.06,2.1,4.78402619,,
2007,5,7,32.6,26.1,28.8,83.6,13.43,1.4,3.136111537,,
2007,5,8,33.2,26.7,29.8,79.2,24.02,2,5.199445092,,
2007,5,9,32,24.2,27.5,82.2,19.18,2.3,4.123847502,,
2007,5,10,32.2,23.8,26.8,84.8,20.21,2.5,4.173444829,,
2007,5,11,33.3,24.7,28.7,80.3,20.17,1.7,4.379178018,,
2007,5,12,34.7,26.3,30,78.2,25.46,1.3,5.441084735,,
2007,5,13,31.7,25.9,28.8,81,16.03,1.3,3.57313186,,
2007,5,14,34.7,25.9,29.7,78.5,22.11,1.8,4.929261603,,
2007,5,15,33,25.3,28.2,81.8,16.49,2,3.782437787,,
2007,5,16,33.8,24.6,28.2,81.3,20.56,1.3,4.36840392,,
2007,5,17,33,24.8,27.9,82.3,19.65,2,4.247615378,,
2007,5,18,31.1,25.1,27.4,83.8,18.28,1.9,3.86893085,,
2007,5,19,33.7,25.4,28.7,78.3,25.48,1.9,5.378608185,,
2007,5,20,33.3,25.4,28.8,81.5,22.91,1.7,4.834391667,,
2007,5,21,32.6,25.6,28.5,82,22.2,1.7,4.659964048,,
2007,5,22,33,25.3,28.6,82,21.64,1.8,4.595046708,,
2007,5,23,33.4,25.2,29.1,79.1,23.76,1.7,5.032612562,,
2007,5,24,33.2,25.3,29.4,80.5,21.87,2,4.735283056,,
2007,5,25,33.5,25.1,29,79.7,22.96,1.8,4.903258283,,
2007,5,26,32.3,24.8,28.6,80.9,19.75,2.5,4.354458188,,
2007,5,27,32.6,24.8,28.7,81.3,22.04,1.9,4.647777531,,
2007,5,28,32.5,24.8,27.8,83.8,14.91,1.8,3.38313517,,
2007,5,29,30.1,24.4,26.5,85.8,13.68,1.8,2.997090633,,
2007,5,30,32.2,24.7,28.3,81.5,20.44,1.7,4.320051116,,
2007,5,31,32.5,24.4,28.6,80.3,25.01,1.5,5.075841801,,
2007,6,1,33.7,25,28.9,79.3,21.41,1.6,4.629283732,,
2007,6,2,32.5,25.6,28.7,81.8,22.95,1.5,4.767474234,,
2007,6,3,33.8,23.7,28.9,80.9,22.33,1.7,4.720011901,,
2007,6,4,31.4,23.9,26.1,87.5,15.82,1.6,3.287141134,,
2007,6,5,31.7,24.4,28.1,83,17.31,1,3.646516371,,
2007,6,6,32.6,25.1,28.6,81.5,23.22,1.8,4.831437384,,
2007,6,7,33.7,25.4,28,81.9,19.1,1.3,4.12618397,,
2007,6,8,33.5,24.9,28.5,78.8,23.46,1.5,4.92822925,,
2007,6,9,32.4,24.9,28.4,81.6,20.05,1.7,4.276174866,,
2007,6,10,33.5,25.4,28.1,84.1,21.09,1.8,4.466440817,,
2007,6,11,32.5,24.8,28.3,81,22.22,1.5,4.613743563,,
2007,6,12,33,24.6,29,80.1,22.88,1.8,4.826810671,,
2007,6,13,33.2,24.4,28.2,81.5,23.08,1.7,4.792352837,,
2007,6,14,31.1,25.3,27.4,86.5,14.25,1.7,3.132295888,,
2007,6,15,30.9,24.9,27.6,85,17.58,1.9,3.713047349,,
2007,6,16,30.6,24.6,26.8,88,13.49,1.6,2.910909662,,
2007,6,17,32,25.4,27,85.1,13.21,1.4,2.988678755,,
2007,6,18,32,23.6,26.2,88.1,9.06,1.4,2.178939692,,
2007,6,19,29.4,23.5,24.7,91,6.36,1.9,1.643527321,,
2007,6,20,33.1,24.1,28.1,81.7,20.39,1.3,4.275337185,,
2007,6,21,33.9,25.8,28.8,79.7,19.24,1.1,4.193408424,,
2007,6,22,32.2,25,27.7,80.9,12.04,1.1,2.841696861,,
2007,6,23,31.7,25.8,28.2,84,12.81,0.9,2.887464838,,
2007,6,24,32.3,26,28.8,83.2,21.28,1.8,4.50018618,,
2007,6,25,30.9,24,27.2,86.3,18.46,1.7,3.762849086,,
2007,6,26,32.8,24.2,27.9,83.4,20.68,1.8,4.325775318,,
2007,6,27,31.7,24.5,27.1,81.3,12.96,1.9,3.12394521,,
2007,6,28,33.9,23.9,28.2,77.5,20.01,1.4,4.343888647,,
2007,6,29,30.8,25.8,28.1,82.3,7.86,0.6,1.972848043,,
2007,6,30,34,24.8,28.7,80,21.55,1.1,4.555447171,,
2007,7,1,33.7,24.9,28.9,79.7,22.34,1.2,4.704271173,,
2007,7,2,33.1,25.4,28.9,82.2,17.74,0.9,3.821531723,,
2007,7,3,33.5,25.9,29.4,79.5,20,1.3,4.368782925,,
2007,7,4,33,25.5,29.1,81,18.67,1.3,4.070275737,,
2007,7,5,33.4,25.8,29.6,79.6,21.89,1.8,4.77144177,,
2007,7,6,32.4,24.7,28.3,79,13.48,1.9,3.331709662,,
2007,7,7,32.9,24,26.9,83,17.36,1.5,3.730446757,,
2007,7,8,26.8,23.3,25,88.6,6.71,1.4,1.701722419,,
2007,7,9,31.6,22,26.8,82.7,18.15,1.7,3.766904141,,
2007,7,10,32.2,21.7,26.6,85.1,18.51,1.8,3.782385973,,
2007,7,11,32.8,24.7,28.2,82.2,20.08,1.3,4.22327702,,
2007,7,12,33,25.1,28.1,83.1,18.39,1.3,3.943617747,,
2007,7,13,32.2,23.8,26.7,89,11.87,1,2.600563796,,
2007,7,14,33.1,24.7,28.2,82.5,21.17,1.4,4.428972583,,
2007,7,15,30.7,23.9,26.4,87.3,10.74,1.6,2.474917245,,
2007,7,16,33,24.2,28.1,81.9,19.09,1,4.00827534,,
2007,7,17,33.4,25.2,28.6,79.5,20.05,1.3,4.322713166,,
2007,7,18,32.9,24.9,27.8,83.2,20.8,1.9,4.38838084,,
2007,7,19,32.7,24,28,80.6,22.55,1.4,4.631326707,,
2007,7,20,32.1,24.6,26.7,87.5,16.07,1.3,3.371024974,,
2007,7,21,33,23.7,26.9,84.8,18.53,1.2,3.844026323,,
2007,7,22,30.4,23.9,25.5,90.4,10.15,1,2.22328394,,
2007,7,23,30,24.2,25.7,90,10.42,1.6,2.315478192,,
2007,7,24,30.9,23.7,26.7,85.6,14.09,1.3,3.027589836,,
2007,7,25,31.3,23.6,27.1,80.1,14.93,1.1,3.253801757,,
2007,7,26,31.6,24.2,26.4,86.4,14.03,1.4,3.035405808,,
2007,7,27,31.2,23.8,26.7,84.2,21.54,1.8,4.293145404,,
2007,7,28,30.6,24,26.1,87,11.74,1.4,2.613050876,,
2007,7,29,30.8,23.3,26.7,84.2,19.28,1.5,3.884304439,,
2007,7,30,32.7,25.1,27.8,79.6,20.21,1.6,4.338388867,,
2007,7,31,30.5,24.1,26.9,82.4,12.87,1.4,2.922913369,,
2007,8,1,33.2,24.4,27.5,80.5,17.03,1.5,3.779626968,,
2007,8,2,31.3,24.7,27.5,80.3,12.8,1.2,2.965300215,,
2007,8,3,32,24.2,27.8,79,20.38,1.2,4.23087186,,
2007,8,4,32.5,23.6,27.9,78.4,22.39,1.8,4.678512258,,
2007,8,5,32.7,24,27.9,79.7,19.02,1.8,4.146244603,,
2007,8,6,33,24.9,28.2,79.9,17,1.2,3.745082212,,
2007,8,7,33,25.1,28.3,76.8,19.51,1.4,4.268539618,,
2007,8,8,32.8,24.1,27.7,77.5,18.05,2.4,4.199431079,,
2007,8,9,34,24.2,28.6,73.2,20.56,2.4,4.843112181,,
2007,8,10,34.4,24.3,29.1,71.3,20.21,2.1,4.799858668,,
2007,8,11,34.6,24.6,29,75.3,19.69,1.9,4.562829572,,
2007,8,12,31.6,25.9,28.1,81.9,11.35,1.5,2.805860218,,
2007,8,13,33.5,23.6,28,76.5,23.86,1.9,5.043461211,,
2007,8,14,30.9,24.4,26.8,82,15.07,2.2,3.432031633,,
2007,8,15,31.9,23.9,27.2,82.1,19.97,2.4,4.233458743,,
2007,8,16,29.7,23.8,26.1,87.1,10.13,1.5,2.344048632,,
2007,8,17,29.6,23.8,26,85.5,10.01,2.2,2.466782763,,
2007,8,18,30.9,23.6,26.2,84,13.43,1.4,2.959243357,,
2007,8,19,29.2,23.5,25.4,89.3,11.44,1.7,2.46617413,,
2007,8,20,30.5,23,25.5,88.7,11.89,1.2,2.544197432,,
2007,8,21,29.8,23.4,26.2,84.6,14.73,2,3.173747032,,
2007,8,22,32.8,24.3,28,79,22.09,1.3,4.580656696,,
2007,8,23,33,24.4,28.2,78.6,20.9,1.4,4.434287741,,
2007,8,24,33.8,24.8,28,78.4,23.47,1.8,4.991097481,,
2007,8,25,32.6,23.6,27.7,79.9,22.47,1.6,4.626877619,,
2007,8,26,33.4,23.9,27.6,77,19.96,2.1,4.468520353,,
2007,8,27,34,24.6,28.6,77.1,20.83,2.1,4.690909003,,
2007,8,28,29.9,24.3,25.5,90.6,9.15,1.4,2.079198475,,
2007,8,29,29.7,23.8,25.8,88.8,14.98,2.2,3.069158041,,
2007,8,30,31.8,24.2,27.4,82.3,18.4,1.5,3.882538092,,
2007,8,31,32.6,25.4,28.4,78.7,22.13,1.7,4.709069249,,
2007,9,1,32.7,25.2,28.6,79.5,22.99,2,4.880049366,,
2007,9,2,31.4,25,27.2,82.8,21.04,2.5,4.39198462,,
2007,9,3,31.8,24,26.6,80.7,13.54,2,3.239696824,,
2007,9,4,30.3,24.2,26.6,82.3,14.82,1.6,3.252453753,,
2007,9,5,33.2,24.4,28.4,75.9,23.79,1.6,5.006126321,,
2007,9,6,33.2,25.4,29.1,78.4,19.58,1.6,4.337292011,,
2007,9,7,31.9,24,26.1,87,9.86,1.5,2.357248368,,
2007,9,8,31.5,23.1,27.3,80.4,24.79,1.6,4.876879523,,
2007,9,9,32.9,25,28.6,79.9,19.66,1.5,4.254722312,,
2007,9,10,32.3,25,28,80.7,21.81,2,4.60654981,,
2007,9,11,32,24.7,28,80,18.34,1.9,4.037732093,,
2007,9,12,32.6,24.3,28,80,18.68,1.8,4.091833373,,
2007,9,13,33.1,25.5,28,82,18.19,2.2,4.088003431,,
2007,9,14,30,23.9,25.8,90.7,7.5,1.5,1.823506877,,
2007,9,15,32.2,23.9,26.2,88.6,14.03,2.4,3.046137938,,
2007,9,16,29.1,23.9,24.9,93,5.06,1.7,1.356219827,,
2007,9,17,31,23.8,25.8,87.2,12.7,0.9,2.708548815,,
2007,9,18,33,23.3,27.6,82.3,17.32,1.2,3.697853976,,
2007,9,19,33.5,25,28.8,80.3,22.14,1.5,4.698922087,,
2007,9,20,32.9,26.6,29.1,81.1,17.94,2,4.101507278,,
2007,9,21,33.8,26.1,29.1,82.3,17.37,1.7,3.949140127,,
2007,9,22,31.3,25.4,27.8,86.5,9.12,1.1,2.221608829,,
2007,9,23,33.1,24.2,28.4,79.1,21.04,2,4.561091893,,
2007,9,24,32.1,25.5,27.6,83.7,18.51,1.8,3.966055651,,
2007,9,25,31.9,24.8,27.9,81.4,21.7,2.1,4.544773015,,
2007,9,26,31.5,24.1,27.2,83.4,17.61,2.1,3.779508346,,
2007,9,27,31.6,25.7,28.4,81.6,16.68,1.7,3.718495092,,
2007,9,28,33.3,25.9,29,78.6,19.95,1.9,4.479247743,,
2007,9,29,29.8,23.9,26.6,86.3,12.88,1.8,2.839236741,,
2007,9,30,31.6,23.5,25.6,86.7,12.2,1.9,2.759489476,,
2007,10,1,25.1,23.3,24.1,93.8,4.38,1.9,1.204802102,,
2007,10,2,28.1,23.2,25.2,94.1,9.26,1.8,1.950912545,,
2007,10,3,32.6,23.5,27.9,84.3,20.53,1.7,4.235974306,,
2007,10,4,33.4,25.5,28.9,81.3,20.48,1.9,4.477752565,,
2007,10,5,34,25.7,29.3,78.6,21.52,1.8,4.760619302,,
2007,10,6,31.5,24.8,27.5,80.4,15.58,2.1,3.603560912,,
2007,10,7,31.7,24.5,26.7,83.7,13.7,2.5,3.238549933,,
2007,10,8,31.4,24,27.3,81.4,16.78,1.6,3.635203025,,
2007,10,9,32.7,24.4,28.1,79.4,21.35,1.7,4.525275945,,
2007,10,10,32.7,25.4,28.9,79,20.85,1.8,4.534920092,,
2007,10,11,30.4,24.7,26.6,84.8,11.43,1.8,2.700872874,,
2007,10,12,32.7,24,27.4,81.4,22.32,1.8,4.607053419,,
2007,10,13,33.4,24.1,27.3,82,23.01,1.4,4.702061868,,
2007,10,14,32.6,24.7,26.6,87.8,15.11,1.4,3.228332599,,
2007,10,15,31.7,23.8,26,88.3,15.5,1.4,3.209127332,,
2007,10,16,32.4,23.8,27,82.9,21.84,1.4,4.41481522,,
2007,10,17,32.2,23.9,26.4,85.8,15.66,1.4,3.328183377,,
2007,10,18,32.3,23.1,26.7,84.3,22.47,1.9,4.478009551,,
2007,10,19,30.6,23.8,26.6,81.1,14.89,1.2,3.219258337,,
2007,10,20,28.9,24.7,26.4,82,9.3,1.4,2.342744612,,
2007,10,21,32.1,24.3,27.3,77.3,18.36,1.8,4.073538666,,
2007,10,22,29.5,24.3,26,83.9,13.08,1.9,2.94857533,,
2007,10,23,29.6,24.3,26.4,86.1,12.54,1.9,2.80279803,,
2007,10,24,27,23.8,25,91.8,5.67,1.8,1.484492742,,
2007,10,25,29.3,23.1,26,86.8,15.7,1.9,3.207499491,,
2007,10,26,30,24.2,26.6,81.1,12.68,1.1,2.841698454,,
2007,10,27,31.3,24.1,27.5,80.5,22.55,1.7,4.574121744,,
2007,10,28,31.1,24.8,27.5,82.1,15.29,1.9,3.447396465,,
2007,10,29,31.7,24.8,26.9,83.8,14.48,1.6,3.233141364,,
2007,10,30,29.5,23.9,26.3,86.2,12.22,2.2,2.767598373,,
2007,10,31,30.8,23.9,27.2,82.7,17.68,1.6,3.712127564,,
2007,11,1,30.8,24.4,27.1,83.5,12.4,1.1,2.788428931,,
2007,11,2,31.6,23.2,26.3,84.1,14.04,1.3,3.054771755,,
2007,11,3,30.2,23.1,24.7,89.8,9.53,1,2.105172094,,
2007,11,4,29.2,23.7,26,86.4,11.58,0.9,2.503515503,,
2007,11,5,28,23.4,25.2,89.5,7.62,1.1,1.803728137,,
2007,11,6,29.8,23.4,25.7,88.8,14.02,1.3,2.880299665,,
2007,11,7,30.5,24.5,26.5,87.5,14.13,1.1,2.976501834,,
2007,11,8,30.6,23.9,26.4,85.8,15.54,1.4,3.250774562,,
2007,11,9,29.9,23.8,26.4,84.1,15.03,1.4,3.18258354,,
2007,11,10,31.7,23.9,26.2,86.2,13.88,1.4,3.007913065,,
2007,11,11,32.3,22.9,26.5,83.7,21.4,1.6,4.290582255,,
2007,11,12,31.5,23.9,27.2,81.9,19.86,1.6,4.10492339,,
2007,11,13,32.2,24.3,27.2,82.7,16.92,1.3,3.621035542,,
2007,11,14,33,23.9,27.3,80.8,19.4,1.6,4.140430857,,
2007,11,15,32.6,23.8,27,82,20.46,1.5,4.232852871,,
2007,11,16,30.8,23.9,26.9,82,13.91,1.4,3.100797598,,
2007,11,17,33,24.6,28.1,74.5,20.34,1.6,4.477500557,,
2007,11,18,33.4,23.6,27.5,79.3,19.53,1.3,4.153628483,,
2007,11,19,33.6,24.1,27.4,81.9,20.89,1.5,4.385243719,,
2007,11,20,29.8,22.8,25.4,90.7,8.42,1.1,1.921912884,,
2007,11,21,30.7,23.1,26,85.3,15.03,1.3,3.144725507,,
2007,11,22,32.5,22.9,27.1,80.9,19.36,1,3.968747516,,
2007,11,23,32.7,24.4,27.4,78.8,19.04,1.5,4.112728627,,
2007,11,24,32.6,24.1,27.4,73.8,20.44,1,4.260596747,,
2007,11,25,33,23.1,27.4,77.5,20.29,1.2,4.240809459,,
2007,11,26,32.9,23.5,27.4,79.5,19.53,1.3,4.117407934,,
2007,11,27,32.6,23.8,26.8,82.2,18.39,1.4,3.876173121,,
2007,11,28,31.6,23.5,26.8,74.5,17.29,1.4,3.805899085,,
2007,11,29,32.8,22.3,26.9,71.3,20.1,2.3,4.619694692,,
2007,11,30,30.7,23.6,26.9,68.6,19.1,2.9,4.684026555,,
2007,12,1,31.4,23.4,26.9,60.8,18.31,3,5.036796191,,
2007,12,2,32,22.6,26.9,62.1,20.3,3.3,5.361816335,,
2007,12,3,32.4,23.4,27.5,61.2,21.92,2.9,5.513797515,,
2007,12,4,32.8,23,27.4,64,21.91,3.1,5.49079323,,
2007,12,5,31.6,22.6,26.3,76.5,13.44,2.1,3.35337076,,
2007,12,6,29.6,24.4,26.3,83.3,9.51,1.5,2.369209659,,
2007,12,7,29.5,25,26.2,83.6,9.8,1.7,2.450835774,,
2007,12,8,31.7,24.7,27.2,77.5,17.33,2.5,4.064901923,,
2007,12,9,29.7,25.2,26.8,80.7,11.02,1.7,2.746834115,,
2007,12,10,31.3,24.8,27.3,75.8,11.34,1.7,3.001134844,,
2007,12,11,26.6,24.1,25.1,91.1,4.41,0.8,1.232827936,,
2007,12,12,33.3,23.9,27.9,73.8,18.56,1.9,4.299482397,,
2007,12,13,32.7,24.6,28,71.5,16.66,1.9,4.073086909,,
2007,12,14,26.8,24.4,25.4,89.2,4.72,1.2,1.372809582,,
2007,12,15,31.4,23.9,26.1,85.7,10.37,1.2,2.416865473,,
2007,12,16,29.3,23.9,25.9,84,9.22,2.2,2.407259627,,
2007,12,17,26.2,22.9,24.2,91.8,4.99,2,1.377839207,,
2007,12,18,32.1,23.4,26.9,81,15.79,1.5,3.476523808,,
2007,12,19,31.6,25.6,27.6,73.9,13.32,2.5,3.674584129,,
2007,12,20,32,24.9,27.5,75,16.88,1.8,3.934101296,,
2007,12,21,30.4,24.2,26.6,81.6,8.73,1.3,2.26891518,,
2007,12,22,33.3,23.1,27.5,76.5,20.38,1.4,4.339272885,,
2007,12,23,33.4,23,27.3,80.3,21.39,1.6,4.461211766,,
2007,12,24,33.3,23,27.2,78.9,19.59,1.3,4.13695499,,
2007,12,25,33.2,22.5,26.8,80.2,20.19,1.2,4.159521373,,
2007,12,26,33,24,26.4,81.6,17.37,1.2,3.701094277,,
2007,12,27,31.8,23.7,26.8,81.5,16.3,0.9,3.426207963,,
2007,12,28,31.4,22.4,26.7,80.2,17.48,1.1,3.619883256,,
2007,12,29,33.1,23.4,27.2,78.1,22.11,1.3,4.553562074,,
2007,12,30,33.2,21.6,26.8,76,19.78,0.9,4.047120659,,
2007,12,31,30.9,23.5,26.7,77.5,11.66,1.3,2.824989712,,
2008,1,1,30.4,24.2,26.4,70.9,12.68,2.5,3.602904485,,
2008,1,2,31.4,22.7,26.5,74.2,17.73,2.2,4.068200975,,
2008,1,3,31.1,23.9,27.1,71.5,15.03,2.1,3.783083687,,
2008,1,4,31.6,24.5,27.7,68.2,18.39,2.2,4.466276468,,
2008,1,5,32.9,23.8,28,70.2,17.82,2,4.302748978,,
2008,1,6,32.5,24.4,27.5,71.5,12.98,1.9,3.507998733,,
2008,1,7,32.7,23,26.9,73.4,13.74,2,3.553938104,,
2008,1,8,32.2,24,26.8,77.2,14.15,1.9,3.45342498,,
2008,1,9,34.1,23.5,27.4,78,20.44,1.8,4.471511538,,
2008,1,10,32.5,24.4,27,84.3,17.2,1.1,3.619690041,,
2008,1,11,33.5,23.5,27.6,79.5,22.34,1.2,4.595553479,,
2008,1,12,33.9,23.5,27.8,78.6,23.05,1.5,4.811086287,,
2008,1,13,34.5,22.4,27.6,74.3,22.72,1.4,4.801037349,,
2008,1,14,33.5,21.9,27,75.4,20.11,1.3,4.248746611,,
2008,1,15,34.3,22.4,27.5,73.2,20.95,1.3,4.492759389,,
2008,1,16,34.2,22.2,27.7,71.3,21.55,1.7,4.745956343,,
2008,1,17,32,24,26.8,78.8,13.53,1.5,3.190509569,,
2008,1,18,32,24,27.2,73.5,15.86,2.3,3.952013812,,
2008,1,19,33.6,24.4,28.2,66.8,19.82,2.5,4.992654591,,
2008,1,20,34.4,24.1,28.4,65.9,23.05,2,5.328665131,,
2008,1,21,34.2,22.7,28.4,68.6,21.74,2.1,5.016823291,,
2008,1,22,33.6,23.5,28.4,65.3,22.16,2.8,5.448216037,,
2008,1,23,32.6,23.7,27.9,65,20.79,3,5.273522203,,
2008,1,24,34.4,24.1,28.9,63.8,21.51,2.5,5.398088418,,
2008,1,25,35.1,23.5,29,69.5,20.94,2,4.948919918,,
2008,1,26,35,24.1,29.1,67,21.95,2.2,5.276782767,,
2008,1,27,35.1,23.5,28.7,67.6,22.38,2.4,5.380240294,,
2008,1,28,33.2,25.6,28.7,71.3,15.76,1.8,3.975862821,,
2008,1,29,34.8,23.7,28.3,70.2,22.37,1.8,5.05058019,,
2008,1,30,34.2,22.8,27.7,70.3,20.03,1.7,4.563543877,,
2008,1,31,35.8,23,28.6,68.4,21.38,1.8,4.998997283,,
2008,2,1,33.6,23.7,26.6,82,13.13,1.7,3.135070398,,
2008,2,2,33.8,24.4,26.9,81.4,17.32,1.2,3.759145536,,
2008,2,3,34.4,22.9,27.7,76.8,21.97,1.8,4.749130167,,
2008,2,4,33.7,22.9,27.9,70.9,20.98,2.3,4.866114002,,
2008,2,5,33.9,24,28.7,66.9,21.86,2.8,5.396822706,,
2008,2,6,34.4,22.8,28.5,62.4,23.66,2.8,5.813152328,,
2008,2,7,34.3,21.9,28.3,61,23.9,2.2,5.552863762,,
2008,2,8,34.7,21.9,28.4,65.4,22.94,2.5,5.456547398,,
2008,2,9,34.3,22.4,28.5,60.3,23.53,2.7,5.79495375,,
2008,2,10,32.4,23.4,27.5,61,20.72,2.7,5.274774788,,
2008,2,11,33.8,22.9,27.8,59,22.86,2.6,5.691159177,,
2008,2,12,32.2,21.6,27,63.5,14.74,2.4,4.150764447,,
2008,2,13,34.4,21.5,27.9,61.1,21.89,2.5,5.419120943,,
2008,2,14,33.9,22.6,28.2,58.9,21.29,2.8,5.579113596,,
2008,2,15,34.4,22.1,28.3,60.3,21.27,2.5,5.390776985,,
2008,2,16,33.9,22.3,28.3,60.1,23.5,2.5,5.653435218,,
2008,2,17,34.6,21.8,28.1,61,24.16,2.5,5.762492326,,
2008,2,18,34.3,22.6,28.4,56.3,22.4,3.3,6.1432007,,
2008,2,19,34.4,23.5,28.4,57.3,22.39,2.8,5.898476362,,
2008,2,20,34.3,22.5,27.9,60,23.47,2.5,5.713375997,,
2008,2,21,35.2,21.5,27.6,62.2,22.88,2,5.350857099,,
2008,2,22,35.3,20.8,27.7,62.5,23.6,1.7,5.268865107,,
2008,2,23,34.8,21.4,27.5,68.4,17.23,1.4,4.047733263,,
2008,2,24,35.2,23.8,27.5,75.5,16.91,1.4,3.939107746,,
2008,2,25,32.6,23.6,26.9,77.9,14.47,1.5,3.376649466,,
2008,2,26,34.1,23.8,28,73.6,17.04,1.4,3.947498935,,
2008,2,27,36,23.9,29.2,64,23.28,3,6.026659117,,
2008,2,28,26.4,22.8,24.6,90.7,2.3,1.3,0.967055211,,
2008,2,29,30,23.2,25.1,88.3,8.88,0.8,2.014493046,,
2008,3,1,33.4,24.2,26.7,79,16.04,2,3.771221291,,
2008,3,2,33.5,23,27.8,74.4,22.98,2.1,4.979250941,,
2008,3,3,32.9,23.2,27.1,76.6,14.32,1.7,3.453303954,,
2008,3,4,31.9,22.9,27.1,72.9,15.02,1.4,3.499914139,,
2008,3,5,33.6,24.1,28.6,64.8,23.71,2.3,5.511093713,,
2008,3,6,33.1,23.6,28.3,68.3,17.04,2.7,4.532611151,,
2008,3,7,30.3,25.1,26.6,82.7,19.62,1.9,4.044878713,,
2008,3,8,33.9,24,26.5,84.2,19.62,1.7,4.128737613,,
2008,3,9,33.2,23.7,27.4,80.8,19.62,2,4.248005838,,
2008,3,10,33.9,25,28.6,74.5,22.22,2.4,5.078127459,,
2008,3,11,33.4,23.9,27.3,78.8,20.26,2.1,4.448020213,,
2008,3,12,34.3,24.1,28.4,73.7,20.66,2.1,4.76971609,,
2008,3,13,34.3,24.2,28.3,77.9,18.23,1.4,4.080043124,,
2008,3,14,35.3,23.6,28.7,73.4,23.91,2.3,5.402092742,,
2008,3,15,34.9,24.5,29,73.3,22.13,2.1,5.08462758,,
2008,3,16,35,23.7,28.7,71.5,25.65,2.2,5.675575831,,
2008,3,17,35.1,23.5,29,70.6,22.41,2.2,5.212514715,,
2008,3,18,34.1,24.1,27.2,82.8,16.66,1.5,3.68925336,,
2008,3,19,33.3,23.6,27,83.7,20.69,1.6,4.275886117,,
2008,3,20,34,23.3,27.7,80.9,20.93,1.5,4.419214378,,
2008,3,21,33.5,23.9,27.2,85,17.95,1.7,3.833519015,,
2008,3,22,32.5,23.3,26.5,85.7,17.66,1.6,3.671413951,,
2008,3,23,33,23.3,26.8,85.4,19.3,1.5,3.969947929,,
2008,3,24,34.5,24,27.4,84,20.13,1.8,4.294561171,,
2008,3,25,34.4,24.2,27,84.9,20.14,1.5,4.22915908,,
2008,3,26,32.9,24.1,27.2,85.3,23.64,2,4.735117566,,
2008,3,27,33.6,23.8,27.2,80.7,21.8,1.9,4.600557507,,
2008,3,28,35.1,23.4,28.6,77.9,24.93,1.7,5.278653586,,
2008,3,29,35.5,25.2,28.3,81.1,18.28,1.4,4.119772935,,
2008,3,30,33.9,24.5,28.6,81.9,25.28,2,5.239969367,,
2008,3,31,33.2,25.7,28.4,79.5,22.01,1.7,4.722671693,,
2008,4,1,33.3,24.1,27.9,82.5,20.69,1.9,4.387984711,,
2008,4,2,34.4,24,28,81.4,25.18,1.8,5.207132742,,
2008,4,3,34.6,24.3,28.1,79.4,21.27,1.9,4.668056529,,
2008,4,4,34.7,24.6,29,73.8,23.17,1.9,5.165400911,,
2008,4,5,35.2,24.4,27.9,80.5,22.24,1.7,4.801422365,,
2008,4,6,33.6,24.5,28.4,81.4,23.97,1.9,5.000099815,,
2008,4,7,34.6,23.8,27.4,84,17.14,2,3.828512446,,
2008,4,8,34.3,23.7,27.8,82.5,25.29,1.5,5.147234785,,
2008,4,9,33.5,24.8,28.3,82,22.56,1.9,4.757617399,,
2008,4,10,34.3,24.4,27.9,82,18.53,1.7,4.091176622,,
2008,4,11,31.5,24.4,26.6,87.9,14.49,1.9,3.112807858,,
2008,4,12,33.9,23.3,27.1,83.5,23.34,1.3,4.71710332,,
2008,4,13,33.1,24.3,27.7,80.9,21.82,1.5,4.545189074,,
2008,4,14,34.9,24,29,74.3,24.3,1.6,5.242632653,,
2008,4,15,32.9,25.2,28.8,78.2,21.66,1.9,4.704895907,,
2008,4,16,33.8,24.3,27.6,80.6,25.32,2.2,5.245514728,,
2008,4,17,33.1,24.5,28.5,79.6,24.55,2.3,5.156509434,,
2008,4,18,33,24.8,28.6,80,22.98,2.2,4.894990157,,
2008,4,19,33.5,24.5,28,82.8,23.12,2.2,4.829919384,,
2008,4,20,32.3,24.8,28.2,84.2,12.09,1.7,2.895559089,,
2008,4,21,34.1,25.3,28.9,81.9,12.09,1.1,2.91348585,,
2008,4,22,33.6,23.8,27.8,85.5,12.09,1.8,2.884747669,,
2008,4,23,32.5,23.8,27.8,78.9,12.09,2.1,3.145333872,,
2008,4,24,30.2,24.1,26.1,88.2,12.09,1.1,2.604525257,,
2008,4,25,33.6,23.8,28.1,79.1,12.09,1.2,2.9408341,,
2008,4,26,34.1,25.1,28.3,81.3,12.09,1.6,3.039633982,,
2008,4,27,34.2,24.6,28.8,78.6,12.09,2.2,3.289535414,,
2008,4,28,34,24.8,27.2,85.1,12.09,1.5,2.875206626,,
2008,4,29,33.6,24.4,27,85.9,12.09,1.4,2.810718341,,
2008,4,30,33.3,24.5,27.3,85,12.09,1.5,2.850538563,,
2008,5,1,34.1,24.4,28.5,80.9,12.09,2.1,3.157365078,,
2008,5,2,34.2,26.1,29.7,78.6,12.09,1.5,3.132625503,,
2008,5,3,34.4,26.2,29.4,77.6,12.09,1.5,3.170033248,,
2008,5,4,34.7,25.9,29.4,77.9,12.09,1.7,3.2302124,,
2008,5,5,33.4,25.3,27.7,83.2,12.09,1.3,2.888513224,,
2008,5,6,31.9,25.1,26.9,85.8,12.09,1.5,2.788497817,,
2008,5,7,30.4,23,26.7,86.3,12.09,1.8,2.719107127,,
2008,5,8,30.6,25,26.4,87.7,12.09,1,2.635839977,,
2008,5,9,32.4,24.4,27,85.2,12.09,1.5,2.8086798,,
2008,5,10,31.6,24.6,26.3,87.8,12.09,1.5,2.699196491,,
2008,5,11,31.5,23.1,26.8,87.8,12.09,1.3,2.662801831,,
2008,5,12,32.5,24.5,27.8,83.9,12.09,1.6,2.882075216,,
2008,5,13,31.5,25.4,27.7,85.8,12.09,0.9,2.71356792,,
2008,5,14,30.9,24.9,27.1,87,12.09,0.9,2.659088835,,
2008,5,15,32.9,24.5,28.3,83.1,12.09,1.4,2.888070875,,
2008,5,16,33.2,25.3,29,81.5,12.09,1.4,2.965872831,,
2008,5,17,33.8,25.6,29.3,80.6,12.09,1.5,3.045750181,,
2008,5,18,33.5,25.9,29.2,80.3,12.09,1.7,3.100844759,,
2008,5,19,33,26.8,29.4,79.9,12.09,1.5,3.066955101,,
2008,5,20,33.4,25.3,29.3,79.4,12.09,1.5,3.056703271,,
2008,5,21,33.7,25.9,29.4,79.4,12.09,1.8,3.166039187,,
2008,5,22,32.3,24.3,28,82.6,12.09,1.7,2.931809256,,
2008,5,23,31.6,24.3,26.3,85,12.09,1.7,2.805842616,,
2008,5,24,31.6,24.1,27.5,81,12.09,1.9,2.989578181,,
2008,5,25,30.1,24.2,26,86.8,12.09,1.7,2.694311642,,
2008,5,26,32.9,23.5,28,77.3,12.09,1.8,3.1313101,,
2008,5,27,32.2,25.1,28.1,81.4,12.09,1.8,3.008328722,,
2008,5,28,32,25.2,28.3,82.6,12.09,2.1,3.021850494,,
2008,5,29,30.6,22.7,26.7,84.7,12.09,2.3,2.835225071,,
2008,5,30,32.1,24.7,27.9,81.5,12.09,2,3.031314007,,
2008,5,31,32.7,24.7,28.6,79.5,12.09,1.6,3.033431969,,
2008,6,1,31.7,24.2,27.9,83,12.09,1.9,2.930387003,,
2008,6,2,31.5,25.7,28,81.8,12.09,1.9,3.004549044,,
2008,6,3,32.3,24.9,28.1,80.5,12.09,1.7,3.013528523,,
2008,6,4,32,24.5,27.9,82.8,12.09,1.7,2.918404359,,
2008,6,5,32.8,24.4,27.9,83.2,12.09,1.6,2.91258485,,
2008,6,6,32.3,24.7,28.3,81.6,12.09,1.5,2.932872737,,
2008,6,7,32.9,23.6,27.6,82.4,12.09,1.7,2.939024442,,
2008,6,8,31.2,25.3,27.8,80.1,12.09,1.7,2.993091888,,
2008,6,9,31.8,24.8,26.9,80.9,12.09,1.1,2.820938382,,
2008,6,10,28.7,24,25.7,88.4,12.09,1.3,2.57030097,,
2008,6,11,30.7,22.4,26.7,84.9,12.09,1.3,2.694479537,,
2008,6,12,31.8,25,27.2,83.4,12.09,1.7,2.8947947,,
2008,6,13,32.2,24.6,27.6,82.4,12.09,1,2.789053344,,
2008,6,14,32.8,24.9,28.6,80.5,12.09,1.3,2.938786194,,
2008,6,15,32.8,26,29,81.8,12.09,1,2.867874287,,
2008,6,16,33.6,25.6,29.1,81.3,12.09,1.4,2.992765013,,
2008,6,17,33.1,25.7,29,79.8,12.09,1.1,2.932785965,,
2008,6,18,33.2,25.8,28.8,81.3,12.09,1.5,3.004008417,,
2008,6,19,32.1,22.6,27.7,82.1,12.09,1.7,2.89862821,,
2008,6,20,32.3,24.9,28.1,79.5,12.09,1.5,2.992850605,,
2008,6,21,32.1,25.2,28.2,80.8,12.09,1.9,3.050881665,,
2008,6,22,32.4,24.8,28,82,12.09,1.7,2.966150577,,
2008,6,23,31.6,24.7,27.6,84.3,12.09,1.4,2.80970468,,
2008,6,24,28.4,24,25.9,89.7,12.09,1.3,2.53949293,,
2008,6,25,32.4,23.4,27.5,81.6,12.09,2,3.002609662,,
2008,6,26,31.8,23.9,26.4,84.6,12.09,1.5,2.786476039,,
2008,6,27,32.5,24.3,28,81.5,12.09,1.3,2.884661098,,
2008,6,28,31.9,25.9,28.5,82,12.09,1.4,2.917520907,,
2008,6,29,32.5,25.3,28.5,81.4,12.09,1.4,2.938550988,,
2008,6,30,32,24.3,27.8,81.2,12.09,1.8,2.984339675,,
2008,7,1,32.1,23.8,28,81.4,12.09,1.4,2.885985739,,
2008,7,2,33,25.5,28.6,81,12.09,1.5,2.995936946,,
2008,7,3,28.7,23.1,25.5,87,12.09,2,2.643482178,,
2008,7,4,32.6,23.7,27.9,78,12.09,1.4,2.985215297,,
2008,7,5,32.1,24.6,28,83.1,12.09,1.3,2.84090255,,
2008,7,6,33,25.4,28.4,82.1,12.09,1.5,2.960275888,,
2008,7,7,31.9,25.4,28.4,81.9,12.09,1.6,2.949766497,,
2008,7,8,31.2,25,27.1,85.1,12.09,1.5,2.789426393,,
2008,7,9,31.5,24,26.8,83.6,12.09,1.8,2.866623216,,
2008,7,10,28.2,23.9,25.3,88.1,12.09,1.5,2.568759707,,
2008,7,11,32.5,23.4,27.6,79.5,12.09,1.2,2.88048349,,
2008,7,12,32,24.7,28.1,81,12.09,1.6,2.959243199,,
2008,7,13,32.2,25.2,28,79.2,12.09,1.6,3.031158039,,
2008,7,14,31.6,24.7,27.1,84.7,12.09,1.3,2.774229939,,
2008,7,15,31.4,24.5,27.5,83.1,12.09,2,2.936090214,,
2008,7,16,30.2,24.3,26.8,86.4,12.09,1.9,2.749121084,,
2008,7,17,29.7,24.1,26.1,88.4,12.09,2.1,2.660459562,,
2008,7,18,31.7,24.4,27.4,84,12.09,1.9,2.893794968,,
2008,7,19,31.8,24,27.4,84,12.09,1.6,2.839271833,,
2008,7,20,30.4,24,25.6,89.2,12.09,2,2.630031297,,
2008,7,21,31.8,23.3,27.5,79.5,12.09,1.3,2.880401748,,
2008,7,22,33.1,24.5,27.9,81.6,12.09,1.6,2.974107078,,
2008,7,23,30.8,23.7,26.3,84.9,12.09,1.4,2.727178539,,
2008,7,24,32.7,23,26.4,82.3,12.09,1.4,2.842847919,,
2008,7,25,31.8,24.5,27.4,79.7,12.09,1.1,2.846548388,,
2008,7,26,30.5,22.6,24.7,89.2,12.09,1.2,2.537554719,,
2008,7,27,29.2,22.6,25.9,83.8,12.09,0.7,2.570990718,,
2008,7,28,33.3,24.6,27.7,81.7,12.09,1.2,2.883899665,,
2008,7,29,32.8,23.6,28,81,12.09,1.3,2.891846892,,
2008,7,30,32.8,24.4,28.3,82.2,12.09,1.6,2.947661644,,
2008,7,31,32.7,26.1,28.9,81.3,12.09,1.5,2.994856326,,
2008,8,1,33.4,25,29,81,12.09,1.6,3.026608336,,
2008,8,2,33.2,26.2,28.9,79.3,12.09,1.6,3.09952903,,
2008,8,3,32.2,25.5,28,84.9,12.09,1.3,2.819365562,,
2008,8,4,32.6,23.3,27.6,84.4,12.09,1.6,2.842334111,,
2008,8,5,31.2,24.7,26.7,87.8,12.09,1.3,2.679962317,,
2008,8,6,29.5,23.8,26,89.2,12.09,1.5,2.584803959,,
2008,8,7,30,23,26.3,87.3,12.09,1.2,2.614338725,,
2008,8,8,33.1,23.7,27.8,81.6,12.09,1.5,2.93234844,,
2008,8,9,32.7,23.9,27.7,83.1,12.09,1.5,2.879378532,,
2008,8,10,33.4,24.8,28.6,84.2,12.09,1.5,2.9042292,,
2008,8,11,32.2,25.1,28.1,84.8,12.09,1.6,2.863070816,,
2008,8,12,33.1,24.8,28.4,81.1,12.09,1.5,2.978050207,,
2008,8,13,33.1,25.6,28.2,83.6,12.09,1.4,2.90317865,,
2008,8,14,33.5,24.5,28.1,82.7,12.09,1.5,2.936537796,,
2008,8,15,32.9,24.4,28.4,81.5,12.09,1.6,2.973087389,,
2008,8,16,31.8,23.7,26.3,87.4,12.09,1.5,2.699770245,,
2008,8,17,32.9,23.7,27.7,81.2,12.09,1.6,2.958192633,,
2008,8,18,29.9,24.1,26.3,85.9,12.09,1.8,2.732525919,,
2008,8,19,33.5,23.9,28,78,12.09,1.6,3.085585876,,
2008,8,20,33.3,23.8,28.3,80,12.09,2,3.116126175,,
2008,8,21,31.7,24.9,26.8,85.4,12.09,1.5,2.78812387,,
2008,8,22,27.7,23.8,25.3,89.5,12.09,1.9,2.53451144,,
2008,8,23,32.7,23.5,27.6,79.9,12.09,1.6,2.983872245,,
2008,8,24,31.1,25,27.5,82.6,12.09,2.1,2.974717349,,
2008,8,25,32.2,24.3,27.9,79.2,12.09,1.6,3.00749097,,
2008,8,26,32.8,24.2,27.3,81.7,12.09,1.9,3.012441069,,
2008,8,27,31.9,23.5,26.5,85.2,12.09,2.1,2.85150691,,
2008,8,28,31.6,23.2,27,84.2,12.09,2.1,2.880064857,,
2008,8,29,30.7,24.7,27.1,85.9,12.09,1.4,2.734069808,,
2008,8,30,32.5,24.5,28.1,80.3,12.09,1.7,3.017353137,,
2008,8,31,32.9,23.2,27.9,79.6,12.09,2.1,3.119788318,,
2008,9,1,32.2,24,26.6,87,12.09,1.6,2.746237624,,
2008,9,2,32.3,24,26.8,83.9,12.09,1.6,2.849324226,,
2008,9,3,31.4,23.7,27.4,83.8,12.09,1.6,2.825970643,,
2008,9,4,32.9,24.2,27.8,81.6,12.09,2.1,3.067056265,,
2008,9,5,30,24.1,26.1,87.9,12.09,1.8,2.664906718,,
2008,9,6,29.7,23.7,25.8,88.8,12.09,2.3,2.64190167,,
2008,9,7,29.1,23.4,25.5,86.6,12.09,1.1,2.584594526,,
2008,9,8,30,23.1,25.1,85.5,12.09,2,2.730387908,,
2008,9,9,30.3,23.1,25.9,86,12.09,1.5,2.677768859,,
2008,9,10,29.8,22.7,25.8,88.2,12.09,1.5,2.595548517,,
2008,9,11,32.2,22.9,26.8,83.2,12.09,1.7,2.8622793,,
2008,9,12,32.1,24.8,27.9,82.8,12.09,1.5,2.890127264,,
2008,9,13,32.6,24.4,26.9,83.4,12.09,1.5,2.865957664,,
2008,9,14,33.4,24.4,28.2,79,12.09,1.2,2.949849025,,
2008,9,15,33.1,25.4,28.5,79.7,12.09,1.6,3.059598246,,
2008,9,16,32.2,23.6,27.5,81.5,12.09,1.1,2.807948861,,
2008,9,17,32.8,25.6,28.5,81.3,12.09,1.2,2.909688284,,
2008,9,18,33.2,25.3,28.5,81.5,12.09,1.6,3.006369166,,
2008,9,19,30.5,25.8,27.6,87.2,12.09,1.3,2.717366089,,
2008,9,20,30.2,25,27.3,85.8,12.09,1.7,2.770286077,,
2008,9,21,33.6,24.6,28.1,79.6,12.09,1.8,3.113046602,,
2008,9,22,32.4,22.6,26.9,81,12.09,2.3,3.063381786,,
2008,9,23,32.6,23.9,28,78.5,12.09,1.9,3.11603935,,
2008,9,24,32,23.8,27.7,79.6,12.09,1.9,3.048000852,,
2008,9,25,33.5,24.1,28.5,77.1,12.09,1.7,3.151493533,,
2008,9,26,32.9,23.9,27.3,82.8,12.09,2,2.987647473,,
2008,9,27,32.7,24.4,28.3,80.9,12.09,2.1,3.094842923,,
2008,9,28,31.5,24.4,26.7,85.4,12.09,1.7,2.798509414,,
2008,9,29,30.8,24.3,25.5,90.3,12.09,1.7,2.588902215,,
2008,9,30,27,23.7,24.9,91.5,12.09,2,2.439982481,,
2008,10,1,30.8,23.8,27,83.2,12.09,2.2,2.919874966,,
2008,10,2,31.5,24.4,27.7,82.8,12.09,1.1,2.781660875,,
2008,10,3,32.7,25.2,28.2,81,12.09,1.6,2.997603992,,
2008,10,4,31.4,24.5,27.1,84.3,12.09,1.4,2.790850971,,
2008,10,5,32.8,24.3,28.7,78.9,12.09,1.8,3.098487531,,
2008,10,6,32.1,24.5,27.5,82.7,12.09,2.6,3.08572021,,
2008,10,7,32.5,23.8,27.5,81.2,12.09,2.2,3.074485486,,
2008,10,8,33.2,22.9,27,84.6,12.09,1.5,2.822275642,,
2008,10,9,34,24.3,27.3,83.5,12.09,1.3,2.873572869,,
2008,10,10,32.3,24.3,27.1,83.9,12.09,1.6,2.860446041,,
2008,10,11,33.6,24.3,27.4,82.4,12.09,1.7,2.979093378,,
2008,10,12,31.9,24.1,26.5,86.6,12.09,1.4,2.725152261,,
2008,10,13,32.1,24.1,27.7,82.5,12.09,1.9,2.957855842,,
2008,10,14,34,24.7,28.4,80.4,12.09,1.7,3.080901668,,
2008,10,15,32.9,25,27.5,86.3,12.09,2.1,2.891966834,,
2008,10,16,32.6,24.5,27.9,83.4,12.09,2,2.974063609,,
2008,10,17,32.8,24.3,27.7,83.2,12.09,2.2,3.018262195,,
2008,10,18,33.4,24.4,27.5,83.9,12.09,1.7,2.924658525,,
2008,10,19,33.4,24.8,27.6,87.5,12.09,1.6,2.802422501,,
2008,10,20,32.6,24.3,26.3,91,12.09,1.4,2.621257607,,
2008,10,21,32.7,24.1,26.6,88.4,12.09,1.4,2.700587541,,
2008,10,22,28.3,24.3,25.9,91.5,12.09,1.9,2.505019118,,
2008,10,23,31.1,24.4,26.4,90.5,12.09,1.8,2.618161142,,
2008,10,24,28,23.9,25.2,91.3,12.09,1.8,2.478547847,,
2008,10,25,31.8,23.6,27.2,82.9,12.09,2.2,2.967585276,,
2008,10,26,33.4,24.8,28.5,81.3,12.09,1.4,2.960572231,,
2008,10,27,33.6,25.1,28.5,83.2,12.09,1.8,3.003558895,,
2008,10,28,31.6,24.3,27.5,83,12.09,1.4,2.832868967,,
2008,10,29,31,24.5,26.9,87.7,12.09,1.5,2.697194623,,
2008,10,30,30.9,24,26.1,90.4,12.09,1.9,2.605618053,,
2008,10,31,32.7,24.2,27,87.4,12.09,1.7,2.771441694,,
2008,11,1,33.4,24.7,27.9,84,12.09,1.7,2.933543763,,
2008,11,2,32.9,24.6,27,85.5,12.09,1.3,2.788329151,,
2008,11,3,33.9,24.2,28.4,81.5,12.09,1.3,2.934777586,,
2008,11,4,34.6,24.3,28.7,79.5,12.09,1.5,3.071590849,,
2008,11,5,33,24.2,26.9,85.3,12.09,1.4,2.802979713,,
2008,11,6,33.7,24.1,27.3,84.6,12.09,1.5,2.867555604,,
2008,11,7,30.6,24.3,27.2,86.1,12.09,1.1,2.684039962,,
2008,11,8,32.9,24.3,27.1,86.8,12.09,1.3,2.752064091,,
2008,11,9,31.6,24.9,27.4,87.1,12.09,1.6,2.759336948,,
2008,11,10,31.8,24.4,26.7,90.4,12.09,1,2.612249749,,
2008,11,11,31,24.3,26.8,87.8,12.09,1.3,2.67023061,,
2008,11,12,33.7,24.3,28.1,82.6,12.09,1.9,3.025233501,,
2008,11,13,33,23.8,27.4,83.6,12.09,1.5,2.868672071,,
2008,11,14,32.4,24.5,27.7,81.5,12.09,1.8,2.9934659,,
2008,11,15,32.8,24.8,28.3,79.4,12.09,1.3,2.958677373,,
2008,11,16,34.1,23.3,28,81.6,12.09,1.3,2.915711929,,
2008,11,17,33.9,25.1,27.7,85.2,12.09,1.1,2.814319109,,
2008,11,18,34.4,24.1,28.1,82.9,12.09,1.5,2.954306352,,
2008,11,19,30.7,25,27.1,86.8,12.09,1.6,2.738931895,,
2008,11,20,27,24.3,25.6,90.5,12.09,0.9,2.482578639,,
2008,11,21,29.5,24.1,26.3,86.5,12.09,1.3,2.648574489,,
2008,11,22,32.1,24.6,27.8,80.8,12.09,2,3.054051646,,
2008,11,23,30.8,24.8,27.2,84,12.09,1.9,2.86981642,,
2008,11,24,25.9,24.1,25,94.4,12.09,1,2.383109895,,
2008,11,25,32.1,23.6,25.6,91.9,12.09,1.3,2.552305722,,
2008,11,26,30.4,23.9,26.5,84.8,12.09,1.5,2.740790776,,
2008,11,27,30.1,24.4,26.7,86.5,12.09,1.5,2.700074413,,
2008,11,28,30.1,24.5,26.5,84.5,12.09,2.1,2.840214709,,
2008,11,29,29.8,25,26.6,84.8,12.09,1.3,2.719013465,,
2008,11,30,31.8,24,27.3,81,12.09,1.8,2.97114629,,
2008,12,1,29.9,24.6,26.7,83.7,12.09,1.9,2.838588882,,
2008,12,2,33.2,23.8,27.8,79.4,12.09,2.2,3.182761796,,
2008,12,3,32.9,24.3,27.8,81.5,12.09,1.8,3.00873959,,
2008,12,4,33.3,24.2,27.9,80.5,12.09,1.6,3.008139584,,
2008,12,5,33.2,23.4,27.6,80.3,12.09,1.6,2.988787616,,
2008,12,6,30,24,26.5,85.6,12.09,1.3,2.684338087,,
2008,12,7,28.4,24.5,25.7,89.5,12.09,1.2,2.542163712,,
2008,12,8,26.4,23.8,24.8,90.2,12.09,1.3,2.456077085,,
2008,12,9,31.5,22.4,26.6,81,12.09,1.7,2.892921491,,
2008,12,10,32.3,22.7,26.8,81,12.09,1.4,2.863420665,,
2008,12,11,31.4,23.8,26.8,81.5,12.09,1.6,2.886976833,,
2008,12,12,33.1,23.3,27.6,78.3,12.09,1.2,2.924490957,,
2008,12,13,30.6,23.7,26.9,83.2,12.09,1.8,2.843809128,,
2008,12,14,32.8,24.5,27.2,82.5,12.09,1.6,2.926972991,,
2008,12,15,32.3,24,26.8,82.4,12.09,1.9,2.95695664,,
2008,12,16,30.9,23.5,26.7,80.9,12.09,1.9,2.943557206,,
2008,12,17,31,23.6,26.6,78,12.09,2.1,3.103790173,,
2008,12,18,32.7,23.1,27.3,74.5,12.09,2.4,3.406960798,,
2008,12,19,33,22.5,27.1,76.8,12.09,2.1,3.2140055,,
2008,12,20,32.2,23.3,27.3,75.5,12.09,2.5,3.371104526,,
2008,12,21,32.6,23.2,27.6,72.4,12.09,2.6,3.566401315,,
2008,12,22,33.6,22.8,27.9,74.5,12.09,2.4,3.44400886,,
2008,12,23,31.6,23.8,27.5,76,12.09,2.5,3.33167857,,
2008,12,24,31.7,23.4,26.9,78.7,12.09,1.8,3.025605267,,
2008,12,25,26.9,23.7,25,87.7,12.09,1.5,2.539090545,,
2008,12,26,32.5,23.2,26.5,83.7,12.09,1.5,2.822552013,,
2008,12,27,30.3,23.6,26.1,85,12.09,1.6,2.732813518,,
2008,12,28,29,23.8,25.7,87.9,12.09,1.3,2.585143885,,
2008,12,29,27.8,23.8,25,93.5,12.09,0.8,2.430093533,,
2008,12,30,29.8,23,26,86.7,12.09,1.4,2.63551668,,
2008,12,31,29.9,24.1,26,88.7,12.09,1.3,2.599601498,,
2009,1,1,30.2,23.9,26.5,83.3,12.09,1.9,2.842642239,,
2009,1,2,30.2,24.2,27.1,79.6,12.09,1.9,2.983617017,,
2009,1,3,28,24,25.3,88.9,12.09,1,2.516318956,,
2009,1,4,31.4,23.3,26.8,79.3,12.09,1.8,2.990241313,,
2009,1,5,32,23.3,27.3,75.6,12.09,2,3.203732179,,
2009,1,6,32.8,23.2,27.7,73.3,12.09,1.7,3.213648136,,
2009,1,7,33.6,22.6,27.2,72.8,12.09,2.1,3.409747826,,
2009,1,8,32.4,23,27.1,74.3,12.09,2,3.263017405,,
2009,1,9,31.8,22.5,26.6,70.1,12.09,2.5,3.573961502,,
2009,1,10,31,20.5,25.6,68.9,12.09,2.3,3.436055115,,
2009,1,11,31.4,20.3,25.3,72.7,12.09,1.6,3.0501961,,
2009,1,12,31.2,21.2,25.7,72.8,12.09,2.4,3.343210856,,
2009,1,13,31.8,23.4,26.8,69.1,12.09,2.9,3.81492902,,
2009,1,14,29.9,23.3,26,68.5,12.09,3.5,3.94482183,,
2009,1,15,31.2,24.1,26.4,66,12.09,3.1,4.071148333,,
2009,1,16,30.8,20.9,25.8,68.6,12.09,2.6,3.564978603,,
2009,1,17,32.7,21.9,26.9,70.6,12.09,2.5,3.5820824,,
2009,1,18,33.1,21.8,27.1,68.6,12.09,2.2,3.565117083,,
2009,1,19,33.5,21.5,26.8,69.9,12.09,1.9,3.401346057,,
2009,1,20,33.6,21.6,26.7,71.7,12.09,1.8,3.304171026,,
2009,1,21,33.1,21.5,26.4,74.9,12.09,1.7,3.130796643,,
2009,1,22,33.7,21.4,26.9,68.8,12.09,2.2,3.585653138,,
2009,1,23,34.5,22.3,28.2,67.4,12.09,2.1,3.65848287,,
2009,1,24,34,23,28.2,69.2,12.09,2.3,3.66815126,,
2009,1,25,31.6,25.7,28.1,69.1,12.09,2.7,3.799879545,,
2009,1,26,34.2,22.7,28,67.5,12.09,2,3.603693148,,
2009,1,27,33.8,23.2,28,67.1,12.09,2.4,3.805106837,,
2009,1,28,35.3,21.8,27.3,69.6,12.09,1.8,3.477848558,,
2009,1,29,33.5,21.6,26.9,71.7,12.09,1.8,3.297686304,,
2009,1,30,34.5,21.6,27.2,71.8,12.09,1.9,3.389843434,,
2009,1,31,33.3,23.1,27.5,71.1,12.09,2.1,3.474193339,,
2009,2,1,34,21.9,27.2,69.1,12.09,2.3,3.65033584,,
2009,2,2,33.5,22.3,26.9,68.6,12.09,2.3,3.658542965,,
2009,2,3,33.2,21.9,26.8,70.3,12.09,1.9,3.381982923,,
2009,2,4,34.8,21.5,27.4,72.7,12.09,1.6,3.246304598,,
2009,2,5,34.4,22.5,27.5,74.8,12.09,1.6,3.186744636,,
2009,2,6,34.5,21.7,27.6,70.4,12.09,1.9,3.440633057,,
2009,2,7,34.2,22.4,27.8,67.1,12.09,1.7,3.459158665,,
2009,2,8,35.4,22.4,27.7,70.3,12.09,2,3.566390181,,
2009,2,9,35.7,22.3,27.9,70.9,12.09,2.4,3.732517008,,
2009,2,10,35.7,22.2,27.7,73.1,12.09,1.8,3.382981972,,
2009,2,11,34.7,24,27.8,78.9,12.09,1.8,3.16954451,,
2009,2,12,34.8,24.3,28.2,79.8,12.09,1.7,3.123294388,,
2009,2,13,33.5,25.4,28.5,79.6,12.09,2,3.185634908,,
2009,2,14,33.5,24,28,79.7,12.09,2,3.140447235,,
2009,2,15,34.3,22.9,28.2,77.1,12.09,1.5,3.091412362,,
2009,2,16,35.4,23.4,28.3,76.6,12.09,1.8,3.271372243,,
2009,2,17,36.3,23.7,28.7,74.4,12.09,1.3,3.197951182,,
2009,2,18,36.5,22.8,29.2,68.3,12.09,2.1,3.757919863,,
2009,2,19,36.1,22.6,29.2,66.3,12.09,2.5,4.0110035,,
2009,2,20,36.3,23.5,29.1,71.4,12.09,2.2,3.684931927,,
2009,2,21,35.2,23.5,28.6,73.9,12.09,1.7,3.319447425,,
2009,2,22,35.6,25,28.2,75.3,12.09,2.4,3.60269976,,
2009,2,23,35.3,23.5,28.5,76.3,12.09,1.5,3.173821958,,
2009,2,24,34.9,23.1,28.3,77.9,12.09,1.8,3.192835899,,
2009,2,25,35.4,24.6,28.1,81.1,12.09,1.6,3.084504492,,
2009,2,26,35.7,23.3,28.4,79.2,12.09,1.3,3.039616488,,
2009,2,27,34.9,23.1,28.1,78.5,12.09,2.2,3.28651615,,
2009,2,28,32.1,23.6,26.3,88.5,12.09,1,2.63140101,,
2009,3,1,32.6,24.8,27.3,84,12.09,1.9,2.934342249,,
2009,3,2,31.9,24.9,26.2,90,12.09,1.1,2.621609098,,
2009,3,3,34.1,24.4,27,85,12.09,1.5,2.870075099,,
2009,3,4,33.8,24.8,27.3,86,12.09,1.1,2.780755974,,
2009,3,5,32.7,24.4,27.6,85,12.09,1.6,2.850030019,,
2009,3,6,33.6,24.1,27.2,86,12.09,1.4,2.806101083,,
2009,3,7,34.4,24.3,27.3,86,12.09,1.4,2.837117433,,
2009,3,8,33.3,24.4,27.5,84,12.09,1.8,2.935642727,,
2009,3,9,33.4,22.3,26.2,88,12.09,1.8,2.731061179,,
2009,3,10,34.5,22.9,27.7,83,12.09,1.1,2.839664466,,
2009,3,11,34.4,24.3,28.4,78,12.09,1.7,3.167038709,,
2009,3,12,33.8,24.2,28.1,83,12.09,1.8,2.992396124,,
2009,3,13,33.8,24.3,28.3,81,12.09,1.3,2.944144132,,
2009,3,14,34.8,23.7,28.7,74,12.09,2.1,3.452955974,,
2009,3,15,32.6,24.4,28.3,73,12.09,2.4,3.505041702,,
2009,3,16,33.1,24.4,28.6,72,12.09,2.3,3.537470193,,
2009,3,17,33.8,23.4,27.1,81,12.09,2.1,3.105768994,,
2009,3,18,32.7,23.7,27.3,83,12.09,1.6,2.891565305,,
2009,3,19,33.2,24.5,27.3,84,12.09,1.3,2.839007334,,
2009,3,20,33.2,24.5,26.9,88,12.09,1,2.696606602,,
2009,3,21,31.2,23,26.7,85,12.09,1.5,2.744868561,,
2009,3,22,33.5,24.3,28.6,79,12.09,1.3,2.984903707,,
2009,3,23,34.4,23.5,29,80,12.09,1.8,3.110973797,,
2009,3,24,32.8,23.6,25.8,90,12.09,1.5,2.636285404,,
2009,3,25,34.5,23.2,26.4,87,12.09,1.3,2.760005073,,
2009,3,26,33.2,23.5,26.8,85,12.09,1.6,2.834788493,,
2009,3,27,31.8,24,26.5,88,12.09,1.2,2.664082183,,
2009,3,28,33.9,24.1,27,85,12.09,1.4,2.839900095,,
2009,3,29,34.4,23.5,26.3,88,12.09,1.6,2.766462168,,
2009,3,30,34,23.8,28.1,79,12.09,1.5,3.045352005,,
2009,3,31,33.8,24.5,28.9,72,12.09,1.4,3.210351235,,
2009,4,1,34.7,25.2,29.3,75.2,12.09,2.3,3.512499459,,
2009,4,2,34.1,24.7,27.3,84.1,12.09,1.9,2.985098388,,
2009,4,3,34.1,24.7,27.1,86.7,12.09,1.9,2.8796042,,
2009,4,4,34.1,23.8,26.9,87.4,12.09,1.3,2.758381643,,
2009,4,5,34.1,24.4,27.6,85.7,12.09,1.2,2.811436017,,
2009,4,6,33.8,25,27.8,85.6,12.09,1.7,2.898918872,,
2009,4,7,33.1,24.3,26.2,90.5,12.09,1.3,2.640361606,,
2009,4,8,33.8,24.2,27.5,85.5,12.09,1.8,2.89568222,,
2009,4,9,27.5,23.2,25.9,92.8,12.09,1.5,2.437425801,,
2009,4,10,32.9,23.9,26.8,88.4,12.09,1.8,2.742794863,,
2009,4,11,33.4,24.4,27.9,85.5,12.09,1.8,2.892045979,,
2009,4,12,33.7,25,28.1,82.4,12.09,1.3,2.918257544,,
2009,4,13,33.8,25.1,28.4,83.2,12.09,1.4,2.929242714,,
2009,4,14,33.7,25.4,28.7,82.8,12.09,1.6,2.989527858,,
2009,4,15,30.9,25.8,27.7,84.6,12.09,1.6,2.837976231,,
2009,4,16,33.6,25.4,29,79.1,12.09,1.7,3.12880719,,
2009,4,17,35.6,26,30.1,77.8,12.09,1.6,3.245512437,,
2009,4,18,34.1,27.1,30.1,79.2,12.09,1.7,3.198441875,,
2009,4,19,33.2,26.2,29.4,80.7,12.09,1.7,3.085885169,,
2009,4,20,33.9,24.8,29.2,78.7,12.09,2.5,3.354680602,,
2009,4,21,30.3,23.9,27,86,12.09,2.2,2.793443486,,
2009,4,22,32.5,24.5,28.4,84.1,12.09,2.4,3.011482695,,
2009,4,23,34,25.3,29.3,80.2,12.09,2.3,3.257549832,,
2009,4,24,31.7,25.5,27.8,87.3,12.09,1.4,2.75499309,,
2009,4,25,32.5,25.2,27.6,87.2,12.09,2.1,2.847158013,,
2009,4,26,33.3,24.4,28.3,83.6,12.09,1.8,2.959760657,,
2009,4,27,33.9,25.1,28.6,84.1,12.09,2.1,3.036956182,,
2009,4,28,33.9,25.7,29.4,81.1,12.09,1.8,3.110950086,,
2009,4,29,33.7,26,29.6,80.9,12.09,2,3.166125269,,
2009,4,30,33.9,26.3,29.5,79.8,12.09,2,3.225067196,,
2009,5,1,33.2,25.7,28.8,83.9,12.09,1.9,3.000268298,,
2009,5,2,32.2,26.1,28.1,87.2,12.09,2.4,2.897595107,,
2009,5,3,29.3,24.1,26.4,90.3,12.09,2.4,2.592530448,,
2009,5,4,30.1,24.1,26.8,88.6,12.09,1.5,2.640018998,,
2009,5,5,33.6,24.9,27.9,85.6,12.09,2,2.935716275,,
2009,5,6,32.4,24.9,27.9,85.8,12.09,1.8,2.858785976,,
2009,5,7,32.5,25.5,28.6,84.6,12.09,1.8,2.926992663,,
2009,5,8,32.6,25.8,28.4,86.2,12.09,1.5,2.840236861,,
2009,5,9,33.1,25.8,28.1,86.2,12.09,2,2.918059147,,
2009,5,10,29.6,25.8,27.3,87.3,12.09,1.6,2.715521612,,
2009,5,11,33.4,24.6,27.1,86.9,12.09,1.4,2.782323614,,
2009,5,12,34.1,24.9,28.8,81.1,12.09,1.5,3.021301132,,
2009,5,13,33.6,25.3,29.2,79.5,12.09,1.4,3.033191529,,
2009,5,14,32.2,24,27.9,85.6,12.09,1.8,2.83962473,,
2009,5,15,33.1,24.4,28.3,83.5,12.09,2.3,3.042942646,,
2009,5,16,32.8,25.7,28,85.2,12.09,1.5,2.865788637,,
2009,5,17,32,24.8,27,88.9,12.09,1.2,2.674194078,,
2009,5,18,33.2,24.5,28.3,84.3,12.09,1.5,2.883941908,,
2009,5,19,34.3,26.1,29.4,78.7,12.09,2,3.279669812,,
2009,5,20,33.5,24.9,28.2,83.3,12.09,1.7,2.968776554,,
2009,5,21,31.9,25.6,27.9,86.4,12.09,1.1,2.748779104,,
2009,5,22,33.5,25,29.1,80.8,12.09,1.4,2.988556058,,
2009,5,23,33.5,26.3,29.2,82.5,12.09,1,2.885109877,,
2009,5,24,34.2,26.1,29.6,78.7,12.09,1.3,3.068355995,,
2009,5,25,33.6,26.4,29.2,80.8,12.09,1.4,3.025714315,,
2009,5,26,31.8,25.5,28.5,81.8,12.09,1.1,2.844305671,,
2009,5,27,33.5,26.1,29.1,80.4,12.09,1.6,3.076580805,,
2009,5,28,29.5,25.8,27.4,87.7,12.09,1.5,2.694989663,,
2009,5,29,34.4,24.6,29,80.2,12.09,1.3,2.999591226,,
2009,5,30,28.8,24,26.6,86.1,12.09,1.5,2.667098409,,
2009,5,31,33.1,24.5,28.3,78.8,12.09,1.1,2.917610049,,
2009,6,1,33.6,25.1,28.8,81.1,12.09,1.4,2.983089903,,
2009,6,2,32.7,25.6,29,83.3,12.09,1.7,2.96666618,,
2009,6,3,31.9,26.1,28.5,86.3,12.09,1.5,2.825091763,,
2009,6,4,32.9,25.9,29.1,81.9,12.09,1.7,3.026307876,,
2009,6,5,34.3,25.6,29.1,78.3,12.09,1.6,3.15957389,,
2009,6,6,34.4,25.6,29.7,78.5,12.09,1.5,3.130603733,,
2009,6,7,34,25.6,29.3,79.7,12.09,1.1,2.965492825,,
2009,6,8,33.6,25.3,29.1,79.3,12.09,1.6,3.093006151,,
2009,6,9,33.5,25.4,29.2,79.9,12.09,1.7,3.100488312,,
2009,6,10,33.7,25.2,29,79.8,12.09,1.7,3.105183213,,
2009,6,11,33.5,25.2,29,79.1,12.09,1.3,3.00687358,,
2009,6,12,34.2,24.8,29,79.8,12.09,1.4,3.03409763,,
2009,6,13,33.9,25.4,29.6,79.2,12.09,1.5,3.085992158,,
2009,6,14,33.3,25.7,28.4,84.1,12.09,1.6,2.93839168,,
2009,6,15,31.7,24.1,27.3,87.1,12.09,2,2.785226084,,
2009,6,16,31.3,24.6,27.4,84.6,12.09,1.5,2.803241452,,
2009,6,17,34.3,25,29.1,79.5,12.09,1.3,3.022611389,,
2009,6,18,33.6,25.1,28.9,79.7,12.09,1.4,3.020446506,,
2009,6,19,34.2,25.5,29.3,81.6,12.09,0.9,2.882271331,,
2009,6,20,34.3,25.8,29.5,80.5,12.09,1.4,3.047592073,,
2009,6,21,32.6,25.5,28.8,83.5,12.09,1.4,2.897001977,,
2009,6,22,33.1,25.3,28.1,84.8,12.09,1.6,2.896591724,,
2009,6,23,34.1,25.8,29.3,80.5,12.09,1.4,3.038249561,,
2009,6,24,33.3,25.8,28.5,81.7,12.09,1.6,3.016149264,,
2009,6,25,33.9,24.8,28.7,81.9,12.09,1.4,2.964872058,,
2009,6,26,33,24.3,28.3,81.4,12.09,1.7,2.998605588,,
2009,6,27,32.7,25.3,27.9,84.7,12.09,1.5,2.866796789,,
2009,6,28,32.7,24.7,27.4,85.9,12.09,1.5,2.810999089,,
2009,6,29,33.9,24.7,28.7,81.5,12.09,1.3,2.949194695,,
2009,6,30,33.3,25.2,28.8,81.5,12.09,1.1,2.893007492,,
2009,7,1,32.3,24.3,28.3,84.1,12.09,1.9,2.92093493,,
2009,7,2,33.4,25.1,28.4,84.9,12.09,1.4,2.870959826,,
2009,7,3,32.8,26,28.6,82.5,12.09,1.5,2.958688967,,
2009,7,4,33,24.4,28.2,82.9,12.09,2.2,3.045976711,,
2009,7,5,32.1,24,27.2,82.9,12.09,2,2.953940684,,
2009,7,6,33.1,24.2,28.2,80.5,12.09,1.6,3.003413976,,
2009,7,7,33.5,24.5,27.8,84.5,12.09,1.5,2.880128078,,
2009,7,8,33,23.4,27.9,83.4,12.09,1.4,2.855361749,,
2009,7,9,33.1,24.9,28.5,82.5,12.09,1.6,2.963192329,,
2009,7,10,31.9,24.9,27.7,86.4,12.09,1.7,2.807007922,,
2009,7,11,31.6,23.4,25.7,91.4,12.09,2.1,2.57021996,,
2009,7,12,27.2,22.8,24.8,94.3,12.09,1.8,2.339039397,,
2009,7,13,32,24.1,27.7,84.7,12.09,1.6,2.831978951,,
2009,7,14,32.9,25.8,28.7,83.2,12.09,1.3,2.899142786,,
2009,7,15,32.7,23.8,27.8,85.2,12.09,1.5,2.820426863,,
2009,7,16,31.5,25.6,28.1,85.4,12.09,2,2.8892707,,
2009,7,17,31.9,25.3,28,86.1,12.09,2,2.867720296,,
2009,7,18,33,25.5,28.9,82.4,12.09,1.2,2.8961762,,
2009,7,19,33,24.8,28.2,84.4,12.09,1.2,2.827165221,,
2009,7,20,33.3,25.5,28.7,83.7,12.09,1.4,2.912540716,,
2009,7,21,33.5,25,28.1,84.1,12.09,1.8,2.961146298,,
2009,7,22,29.6,23.9,25.1,90.8,12.09,1.3,2.515166364,,
2009,7,23,32.1,23.5,27.1,86.1,12.09,1.3,2.732543684,,
2009,7,24,32.3,25.1,28,84.6,12.09,1.6,2.87064708,,
2009,7,25,33.4,25,28.7,82.2,12.09,1.4,2.944167558,,
2009,7,26,33.1,25.2,28.7,82.4,12.09,1.4,2.933294831,,
2009,7,27,33,24,28,86.5,12.09,1.3,2.775799833,,
2009,7,28,30.3,22.9,24.6,93.6,12.09,1.4,2.427962145,,
2009,7,29,32.3,22.3,27.2,85.7,12.09,1.7,2.781093911,,
2009,7,30,32.8,24.8,28.4,84.7,12.09,1.7,2.899418513,,
2009,7,31,33.1,25,28.4,83.1,12.09,1.5,2.926473875,,
2009,8,1,32.7,24.5,27.1,87.7,12.09,1.7,2.769281135,,
2009,8,2,33.3,23.6,27.7,85.5,12.09,1.7,2.854305206,,
2009,8,3,32.9,25.4,28.6,84.1,12.09,1.4,2.885732682,,
2009,8,4,32.7,25.1,28.3,84.9,12.09,1.5,2.863545147,,
2009,8,5,31.7,23.9,26.6,90.1,12.09,2.1,2.657185794,,
2009,8,6,33.2,23.9,28.1,83.4,12.09,2.3,3.036779367,,
2009,8,7,28.7,22.9,25.8,93.3,12.09,2.2,2.419378588,,
2009,8,8,32,25.1,28.2,86.6,12.09,2,2.850875871,,
2009,8,9,32.5,24.7,28.1,87.1,12.09,1.6,2.795403191,,
2009,8,10,33.3,24.6,28.5,83.1,12.09,1.8,2.983834466,,
2009,8,11,33.4,24.8,28.7,81.5,12.09,1.7,3.026552853,,
2009,8,12,33.5,24.5,28.8,81.8,12.09,1.4,2.94847123,,
2009,8,13,31.5,25.2,28,86.2,12.09,1.5,2.788483339,,
2009,8,14,33.7,25.4,28.2,84.8,12.09,1.5,2.90329009,,
2009,8,15,34.5,24.6,28,83.5,12.09,1.5,2.949359353,,
2009,8,16,32.8,23.9,26.7,87.2,12.09,1.3,2.723424643,,
2009,8,17,33.6,23.6,27.9,83.3,12.09,1.3,2.861873997,,
2009,8,18,33.7,23.9,26.9,86.5,12.09,1.5,2.799410871,,
2009,8,19,32.4,23.9,27.7,84.3,12.09,1.8,2.884597729,,
2009,8,20,33.3,24.7,28.1,84.3,12.09,1.6,2.905666907,,
2009,8,21,32.1,24.3,27.6,84.2,12.09,2.2,2.947789221,,
2009,8,22,31.3,23.7,26,89.2,12.09,1.9,2.652626877,,
2009,8,23,26.5,23.8,24.6,94.3,12.09,2,2.324788484,,
2009,8,24,31.5,23.1,25.3,89.6,12.09,1.7,2.604845286,,
2009,8,25,30.4,23.6,26.4,84.6,12.09,1.1,2.677934663,,
2009,8,26,32.2,23.1,26.8,85.5,12.09,1.8,2.806070808,,
2009,8,27,30.9,24,26.1,89.2,12.09,2,2.655320345,,
2009,8,28,28.5,24,25.7,92.6,12.09,1.9,2.461188737,,
2009,8,29,32,24.3,27.2,87.3,12.09,2.3,2.818860139,,
2009,8,30,30.1,23.5,26.5,90.1,12.09,1.5,2.582204407,,
2009,8,31,33.3,24.7,27.6,84.4,12.09,1.2,2.822977772,,
2009,9,1,31,23.5,26.9,84.3,12.09,1.6,2.786586154,,
2009,9,2,33.9,24.8,28.4,82.1,12.09,1.3,2.932546716,,
2009,9,3,31,25.3,27.7,87.8,12.09,0.9,2.670516513,,
2009,9,4,33.4,24.8,28.4,83.7,12.09,1.6,2.933937854,,
2009,9,5,28.2,24.4,25.6,93.7,12.09,1.1,2.449055169,,
2009,9,6,31.8,24.1,27.2,87.1,12.09,1.2,2.702083515,,
2009,9,7,33.6,25.7,28.7,82.6,12.09,1.3,2.933737758,,
2009,9,8,34.2,25.7,29,82.2,12.09,1.2,2.944071868,,
2009,9,9,32.8,26.1,28.7,82.1,12.09,1.7,3.017291222,,
2009,9,10,31.4,25.1,27,85.4,12.09,1.6,2.801561833,,
2009,9,11,33.1,24.1,27.6,84.9,12.09,1.8,2.891460935,,
2009,9,12,31.2,25.5,27.3,88.9,12.09,1.7,2.710818414,,
2009,9,13,31,25.3,27.3,87.9,12.09,1.7,2.733458372,,
2009,9,14,32.8,24.8,28,84.6,12.09,1.5,2.863921754,,
2009,9,15,31.3,25.2,27.5,87.1,12.09,2,2.80019912,,
2009,9,16,32.2,25,27.5,86.2,12.09,1.7,2.821270653,,
2009,9,17,33,25.2,28,83.5,12.09,1.9,2.985963562,,
2009,9,18,32.1,23.6,27.2,86.1,12.09,1.7,2.787171761,,
2009,9,19,29.1,23.1,25.9,87.5,12.09,1.8,2.629832212,,
2009,9,20,32.3,23.6,27.5,81.6,12.09,1.6,2.919867909,,
2009,9,21,33.5,24.6,28.3,81.3,12.09,1.5,2.981147768,,
2009,9,22,33.2,24.4,28.1,80.9,12.09,1.6,2.998895183,,
2009,9,23,33.6,24.7,28.6,78.1,12.09,2.1,3.255979552,,
2009,9,24,33,24.7,28.3,81.5,12.09,2.4,3.15468312,,
2009,9,25,33,25,27.8,85.1,12.09,2.1,2.94939585,,
2009,9,26,34.2,24.7,29,80.1,12.09,1.7,3.103224594,,
2009,9,27,32.6,24,28,79.9,12.09,1.8,3.045119838,,
2009,9,28,31,24.4,26.7,90.1,12.09,1.2,2.609810726,,
2009,9,29,32.6,25.6,28,84.6,12.09,2.3,3.00351956,,
2009,9,30,31.3,24.3,25.8,90.3,12.09,1.3,2.591019504,,
2009,10,1,34,24.1,28.2,83.8,12.09,2.2,3.041925873,,
2009,10,2,33.8,25.2,29.1,81.1,12.09,1.3,2.971209166,,
2009,10,3,33,24.2,26.2,84.1,12.09,1.7,2.880425317,,
2009,10,4,33.9,24.2,28.3,80.3,12.09,1.6,3.041329469,,
2009,10,5,32,24.1,26.2,90.2,12.09,1.2,2.612611316,,
2009,10,6,28.6,23.6,25.7,89.7,12.09,1.9,2.555275132,,
2009,10,7,32.2,23.5,27.1,85.6,12.09,1.4,2.761403237,,
2009,10,8,31.5,24.5,26.9,87.3,12.09,1.7,2.742637655,,
2009,10,9,32.5,24.5,27.6,85.3,12.09,1.5,2.821669085,,
2009,10,10,30.4,24.2,26.2,89.1,12.09,1.1,2.59537711,,
2009,10,11,32.7,23.8,27.2,84.3,12.09,1.7,2.869229579,,
2009,10,12,30.3,23.8,27,85.4,12.09,1.7,2.754538834,,
2009,10,13,33.4,25,28.4,81.1,12.09,1.7,3.041568373,,
2009,10,14,31.3,25.5,27.5,83.7,12.09,1.6,2.867044638,,
2009,10,15,33.8,24.2,26.8,84.7,12.09,1.3,2.825170828,,
2009,10,16,33.5,23.4,28.2,80.6,12.09,1.8,3.04492235,,
2009,10,17,32.9,25,28.5,80.8,12.09,1.8,3.056339576,,
2009,10,18,32.3,23.1,27.2,85.3,12.09,2.2,2.876140364,,
2009,10,19,32.9,24.3,27.2,86.3,12.09,1.5,2.793835329,,
2009,10,20,32.2,24.8,27.1,85.8,12.09,1.8,2.836874758,,
2009,10,21,32.1,23.8,27.5,84.1,12.09,1.9,2.891760947,,
2009,10,22,32.7,25,28,83.1,12.09,1.7,2.946353751,,
2009,10,23,33.2,24.5,28.5,81.9,12.09,1.4,2.931691973,,
2009,10,24,33.4,25.8,28.8,80.2,12.09,1.3,2.988731136,,
2009,10,25,33.6,24.7,28.5,80.1,12.09,2.2,3.199790072,,
2009,10,26,34,24.7,27.6,82.4,12.09,2.1,3.093300911,,
2009,10,27,33.3,23.6,28,80.1,12.09,1.7,3.032190212,,
2009,10,28,33,24.4,27.1,85.3,12.09,1.9,2.887884069,,
2009,10,29,32.2,23.6,27.6,78.1,12.09,2.1,3.156530837,,
2009,10,30,33.7,23.9,27.7,80.1,12.09,1.8,3.079175371,,
2009,10,31,33.1,24.9,28.3,76.1,12.09,1.8,3.220705368,,
2009,11,1,34.4,24.8,28.6,75.1,12.09,1.7,3.27700863,,
2009,11,2,33.9,25.1,28.8,73.1,12.09,2.5,3.63550231,,
2009,11,3,34.1,24.4,28.6,74.8,12.09,1.9,3.333792939,,
2009,11,4,33.5,24.5,27.7,80.3,12.09,1.8,3.079095205,,
2009,11,5,31.9,24.8,26.5,89.1,12.09,1.8,2.698953873,,
2009,11,6,24.8,23,24,95.7,12.09,1.2,2.283600178,,
2009,11,7,33.3,23.3,26.4,88.2,12.09,1.2,2.684918949,,
2009,11,8,35,24.8,28.1,84.5,12.09,1.4,2.923527739,,
2009,11,9,33.8,25,27.9,84.8,12.09,1.2,2.840148592,,
2009,11,10,33.2,24.4,27.4,85.9,12.09,1.6,2.834933335,,
2009,11,11,33.1,24.5,27.4,85.2,12.09,1.5,2.839912049,,
2009,11,12,34.8,24.4,27.5,85.2,12.09,1.8,2.947865285,,
2009,11,13,33.4,24.5,27,87.1,12.09,1.4,2.772791058,,
2009,11,14,32,24.3,26.7,89.5,12.09,1.2,2.644923015,,
2009,11,15,32.7,24.1,26.7,86.8,12.09,1.8,2.795798816,,
2009,11,16,31.9,23.9,26.8,86.6,12.09,1.9,2.786342456,,
2009,11,17,32.6,23.9,26.6,87.4,12.09,1.2,2.699219695,,
2009,11,18,27.4,24.1,25.5,89.1,12.09,1.4,2.528450647,,
2009,11,19,30.5,23.8,26.9,79.8,12.09,1.9,2.975845999,,
2009,11,20,29.7,24.1,26,85.5,12.09,1.7,2.721871352,,
2009,11,21,27.7,23.9,25.3,91.8,12.09,1,2.460627535,,
2009,11,22,25.9,23.7,24.5,94.6,12.09,1,2.358322781,,
2009,11,23,29.2,23.4,25.1,92.3,12.09,1.3,2.463525015,,
2009,11,24,31.1,23.6,26.6,85.1,12.09,1.4,2.734525051,,
2009,11,25,33.5,23.9,27,85.3,12.09,0.9,2.730876603,,
2009,11,26,34.3,23.9,28.2,80.3,12.09,1.3,2.969316137,,
2009,11,27,32.5,25.1,28,80.7,12.09,1.2,2.895370149,,
2009,11,28,33.2,24.7,27.9,82.3,12.09,1.2,2.872453318,,
2009,11,29,33.8,24.4,27.6,81.6,12.09,1.4,2.946477963,,
2009,11,30,33,24.7,27.7,78.3,12.09,2,3.190876809,,
2009,12,1,29.7,24.5,26.6,81.1,12.09,1.7,2.876692745,,
2009,12,2,27.8,24.4,25.9,83.8,12.09,1.6,2.709955295,,
2009,12,3,31.9,24.1,27.5,78.7,12.09,2.5,3.233540278,,
2009,12,4,32.6,24.8,27.8,76.3,12.09,2.7,3.464887531,,
2009,12,5,32.5,24.5,28,75.4,12.09,2,3.271309804,,
2009,12,6,32.7,24.9,28.1,71.3,12.09,1.8,3.364777188,,
2009,12,7,33.5,23.5,27.1,80.1,12.09,1.5,2.97768238,,
2009,12,8,33.4,23.4,28.3,72.1,12.09,1.9,3.364346998,,
2009,12,9,33.2,23.4,27.8,73.1,12.09,1.9,3.321426654,,
2009,12,10,33.8,22.9,27.6,74.8,12.09,1.7,3.205390105,,
2009,12,11,33.1,23.4,27.7,72.1,12.09,2.1,3.431067079,,
2009,12,12,33.1,22.1,27.5,67.1,12.09,2.6,3.811541316,,
2009,12,13,33.6,22.7,28,72.7,12.09,2,3.372419062,,
2009,12,14,34.3,23.9,28.5,73.6,12.09,2.1,3.448836005,,
2009,12,15,35,24,28.8,73.7,12.09,1.9,3.408365211,,
2009,12,16,34.9,24.3,28.7,73.5,12.09,2.6,3.687570411,,
2009,12,17,33.6,24.4,28,76.4,12.09,2.2,3.348290588,,
2009,12,18,29,24.5,26,86.5,12.09,1.5,2.658670399,,
2009,12,19,31.5,25,27.6,73.1,12.09,3,3.671101593,,
2009,12,20,33.1,24.7,28.3,69.7,12.09,3.1,3.981092617,,
2009,12,21,32.6,25,28,67.2,12.09,3.2,4.154048077,,
2009,12,22,32.5,23.3,27.7,70.1,12.09,2.8,3.748862894,,
2009,12,23,31.7,24.5,27.8,69.8,12.09,2.8,3.760551984,,
2009,12,24,33.2,24,28.4,69.3,12.09,2.8,3.854806716,,
2009,12,25,34.4,25.7,29.2,68.1,12.09,2.7,4.02127662,,
2009,12,26,34.1,24.8,28.2,76.4,12.09,1.8,3.254076201,,
2009,12,27,34,23.9,28.4,75.1,12.09,1.8,3.268167008,,
2009,12,28,34,23.6,27.6,80.5,12.09,1.7,3.044334528,,
2009,12,29,33.9,23.2,27.7,72.3,12.09,1.7,3.299849187,,
2009,12,30,33.4,22.5,27.5,75.1,12.09,1.8,3.200526915,,
2009,12,31,32.9,22.8,27.5,69.5,12.09,2.4,3.62944797,,
2010,1,1,32.7,24.1,27.8,71.3,12.09,2.5,3.620729914,,
2010,1,2,31,25.2,27.7,79.1,12.09,2,3.088810061,,
2010,1,3,28.9,25.8,27.1,82.8,12.09,1.7,2.839041172,,
2010,1,4,33.8,23.8,27,84.5,12.09,1.4,2.844835446,,
2010,1,5,32.3,23.4,26.4,87.5,12.09,1.4,2.697439971,,
2010,1,6,33.7,24.1,26.6,86.8,12.09,1.5,2.788104737,,
2010,1,7,30.6,24,26.7,86.5,12.09,1.2,2.671620429,,
2010,1,8,33,24.6,27.4,81.2,12.09,1.8,3.027066931,,
2010,1,9,32.9,23.5,27.7,74.5,12.09,1.9,3.259739738,,
2010,1,10,33.5,22.9,27.5,76.3,12.09,1.4,3.042183637,,
2010,1,11,33.9,22.6,27.4,74.4,12.09,1.4,3.101361807,,
2010,1,12,33.7,22.9,27.6,73.4,12.09,1.8,3.284512334,,
2010,1,13,33.2,22.5,27.7,69.4,12.09,2,3.468305121,,
2010,1,14,33,24.9,28,67.2,12.09,2.5,3.865268403,,
2010,1,15,32.7,22.6,27.5,66.5,12.09,2.6,3.831566305,,
2010,1,16,32.8,23.2,27.7,65.7,12.09,2.6,3.898583349,,
2010,1,17,32.8,22.4,27,72.2,12.09,1.9,3.305871085,,
2010,1,18,33.7,24.1,27.9,69.9,12.09,1.8,3.440580205,,
2010,1,19,32,23.3,27.2,75.5,12.09,1.4,3.010558596,,
2010,1,20,33.8,23.7,27.9,76.1,12.09,1.4,3.081055391,,
2010,1,21,32.9,23.4,28,78.6,12.09,1.2,2.918156218,,
2010,1,22,34.2,24.7,28,80.4,12.09,1.1,2.921561978,,
2010,1,23,34.3,24.4,28.6,74.7,12.09,1.8,3.310975448,,
2010,1,24,34.4,24.4,28.7,71.9,12.09,1.9,3.45496746,,
2010,1,25,34.5,23.4,28.4,70.4,12.09,2.1,3.574034794,,
2010,1,26,33.4,23.5,27.9,72.5,12.09,2.3,3.509718861,,
2010,1,27,33.6,25.9,29,66.7,12.09,2.7,4.049032892,,
2010,1,28,34.1,23.3,28.5,66.8,12.09,2.2,3.735362595,,
2010,1,29,34.7,22.6,28.1,70.1,12.09,2.2,3.619646917,,
2010,1,30,35.3,23.3,28.7,70.5,12.09,1.9,3.522627154,,
2010,1,31,35.7,23.5,28.8,65.9,12.09,2.3,3.942698908,,
2010,2,1,34.6,22.3,28,66.6,12.09,2.4,3.850601303,,
2010,2,2,35.6,22.2,28,73.3,12.09,1.8,3.368392893,,
2010,2,3,35.8,24.1,28.8,75.5,12.09,1.5,3.236055552,,
2010,2,4,35.4,24.8,28.3,76.8,12.09,1.6,3.231787059,,
2010,2,5,35,24.1,28.6,68.6,12.09,2,3.652618463,,
2010,2,6,36.2,23.3,28.1,76.7,12.09,1.7,3.270461953,,
2010,2,7,35.8,25.3,28.2,79.2,12.09,1.8,3.246550254,,
2010,2,8,35.3,24.7,29.4,66.6,12.09,2.3,3.914489416,,
2010,2,9,36.3,24.4,29.2,72.7,12.09,1.8,3.485398184,,
2010,2,10,35.4,25.1,29.5,71.6,12.09,2.2,3.668364267,,
2010,2,11,36.6,24.9,29.4,70.6,12.09,1.9,3.642470602,,
2010,2,12,37.3,24.1,29.4,68.4,12.09,2.1,3.853453162,,
2010,2,13,35.7,24.4,29.5,63.4,12.09,2.7,4.299513638,,
2010,2,14,36.7,23.8,29.6,63.4,12.09,2.3,4.123965478,,
2010,2,15,36.6,22.3,29,65.1,12.09,2.4,4.051611938,,
2010,2,16,36.6,22.9,29.6,63.4,12.09,2.5,4.192859522,,
2010,2,17,35.1,24.1,28.2,75.7,12.09,2.2,3.450898428,,
2010,2,18,36.6,24.4,29.9,66.3,12.09,3.2,4.460488849,,
2010,2,19,35.3,22.9,29.4,61.1,12.09,2.5,4.195141929,,
2010,2,20,36.7,22.1,28.4,68.1,12.09,2,3.721533109,,
2010,2,21,35.9,23.8,28.9,73.8,12.09,1.8,3.407527972,,
2010,2,22,36.7,24.7,29.4,73.7,12.09,1.8,3.479176312,,
2010,2,23,36.3,25.6,29.7,72.1,12.09,1.8,3.540689698,,
2010,2,24,36.8,25.5,29.5,73.8,12.09,1.9,3.548188532,,
2010,2,25,37.1,24.8,29,76.3,12.09,1.6,3.331602428,,
2010,2,26,37.8,24.9,30,72.3,12.09,1.9,3.642736852,,
2010,2,27,36.7,24.7,29.6,71.3,12.09,1.7,3.517132614,,
2010,2,28,37.8,24.8,30.1,69.8,12.09,2.1,3.838644357,,
2010,3,1,37.6,25,29.6,73.7,12.09,2.2,3.71191199,,
2010,3,2,36,25.3,29.6,74.5,12.09,1.5,3.306990291,,
2010,3,3,37.1,22.6,28.8,72.9,12.09,1.6,3.386253541,,
2010,3,4,37.8,24.5,29.9,71.8,12.09,2,3.698020811,,
2010,3,5,37.3,24.9,29.6,75.5,12.09,2.2,3.605552634,,
2010,3,6,37.1,22.8,29.1,74.1,12.09,1.8,3.434580895,,
2010,3,7,36.4,23.8,29.4,72.5,12.09,1.9,3.521725789,,
2010,3,8,37.9,24.6,29.8,69.7,12.09,2.2,3.900494216,,
2010,3,9,37,23.9,29.4,72.5,12.09,2,3.605097258,,
2010,3,10,36.5,24.2,30.4,62.8,12.09,2.6,4.297929253,,
2010,3,11,36.4,23.9,30.1,63.1,12.09,2.6,4.27222584,,
2010,3,12,33.2,25.1,27.9,77.3,12.09,1.8,3.189229383,,
2010,3,13,34.7,24.3,27.7,82.3,12.09,1.7,3.029057316,,
2010,3,14,35.4,24.5,28.2,83.1,12.09,1.4,2.972779259,,
2010,3,15,35.2,23.9,29,71.8,12.09,1.8,3.441635337,,
2010,3,16,36,23,29,66.1,12.09,2.4,3.983500824,,
2010,3,17,34.9,22.9,28.9,64.4,12.09,2.7,4.128812609,,
2010,3,18,36.1,23.9,29.5,65.8,12.09,3.2,4.434609034,,
2010,3,19,36.2,26.1,30.3,61.7,12.09,2.9,4.609722341,,
2010,3,20,36.7,24.5,29.1,73.5,12.09,1.9,3.525843862,,
2010,3,21,35.3,24.6,28.9,77.1,12.09,1.7,3.247628465,,
2010,3,22,35.6,25.6,28.1,81.6,12.09,1.5,3.073464733,,
2010,3,23,33.7,25.7,29.1,78.1,12.09,1.7,3.173767567,,
2010,3,24,36.8,26.1,30.1,75.7,12.09,1.4,3.290770316,,
2010,3,25,36.5,26,30.5,74.7,12.09,2,3.542919666,,
2010,3,26,35.9,24.7,28.9,80.6,12.09,1.8,3.18538502,,
2010,3,27,35.8,24.6,29.7,69.8,12.09,2.2,3.749629079,,
2010,3,28,36.2,24.9,28.9,74.1,12.09,1.8,3.446152791,,
2010,3,29,35.4,24.7,27.7,80.1,12.09,2,3.232009003,,
2010,3,30,34.6,24.8,27.5,82.7,12.09,1.6,2.99799698,,
2010,3,31,34.7,24.4,28.5,81.5,12.09,1.8,3.090218442,,
2010,4,1,34.9,23.7,27.7,82.9,12.09,1.7,3.00262488,,
2010,4,2,33.9,24.3,27.4,85.3,12.09,1.8,2.907170789,,
2010,4,3,34.5,24.8,27.5,86.8,12.09,1.6,2.858451558,,
2010,4,4,34,24.7,27.9,83.1,12.09,1.8,3.006195775,,
2010,4,5,34.3,24.7,28.1,80.4,12.09,1.8,3.117310446,,
2010,4,6,35.1,25.1,28.9,80.7,12.09,1.6,3.103776226,,
2010,4,7,35.4,25.7,29.5,78.5,12.09,1.8,3.267338944,,
2010,4,8,34.9,26,29.6,77.7,12.09,1.5,3.183507933,,
2010,4,9,34.9,25.8,29.1,79.9,12.09,1.6,3.139869534,,
2010,4,10,33.5,25.4,29.4,77.9,12.09,1.2,3.012087246,,
2010,4,11,35.8,26.2,30.2,76.3,12.09,1.9,3.414632798,,
2010,4,12,35.8,26.6,30.5,75.1,12.09,1.8,3.432698027,,
2010,4,13,35.5,26,30,72.5,12.09,1.8,3.492250904,,
2010,4,14,36,23.8,29.5,68.8,12.09,1.6,3.481756356,,
2010,4,15,36.1,25.2,30.1,71.9,12.09,1.9,3.563748356,,
2010,4,16,36.7,26.5,29.8,76.1,12.09,1.8,3.443167658,,
2010,4,17,34.6,25.7,28.9,80.4,12.09,1.9,3.187711125,,
2010,4,18,36.7,25.3,29.5,75.9,12.09,1.7,3.376916374,,
2010,4,19,34.7,26.1,29.6,78.3,12.09,1.6,3.192070383,,
2010,4,20,35.6,26.2,29.9,77.7,12.09,1.6,3.253573947,,
2010,4,21,36.2,26.2,30.2,74.4,12.09,2.2,3.625680994,,
2010,4,22,34.8,25.5,29.3,76.3,12.09,1.8,3.310982489,,
2010,4,23,36.2,25.4,29.7,75.1,12.09,1.4,3.260968567,,
2010,4,24,35.5,24.4,29,76.8,12.09,1.6,3.227230953,,
2010,4,25,34.5,25.3,28.5,80.9,12.09,1.3,2.995235695,,
2010,4,26,35.8,26.2,28.4,83.6,12.09,1.3,2.98909649,,
2010,4,27,32.3,25.4,27,87.5,12.09,1.6,2.769248061,,
2010,4,28,34.1,24.9,28.1,79.1,12.09,1.4,3.042769554,,
2010,4,29,34.7,25.1,29.1,79.5,12.09,1.7,3.154576898,,
2010,4,30,33.9,25.8,29.3,79.1,12.09,1.8,3.181547199,,
2010,5,1,34.5,26.1,29.8,76.9,12.09,1.7,3.260322801,,
2010,5,2,35.2,25.4,29.6,77.1,12.09,1.6,3.231939985,,
2010,5,3,34.9,25.6,30,78.1,12.09,1.6,3.194942333,,
2010,5,4,35.4,27,30.5,76.5,12.09,1.8,3.376330694,,
2010,5,5,35.3,26.8,29.7,77.7,12.09,1.9,3.356893533,,
2010,5,6,35.8,26.1,29.8,79.3,12.09,1.5,3.178104953,,
2010,5,7,35.3,25.9,30.3,74.3,12.09,1.5,3.296122204,,
2010,5,8,35.9,26.1,30.5,75.7,12.09,2.2,3.54443413,,
2010,5,9,34.7,25.8,29.7,80.1,12.09,2.2,3.286316987,,
2010,5,10,35.1,27.2,29.8,76.5,12.09,2,3.440761753,,
2010,5,11,36.3,26.3,30.7,74.5,12.09,1.5,3.34771081,,
2010,5,12,35.4,26.5,29.6,77.7,12.09,1.7,3.286107669,,
2010,5,13,34,25.8,28.5,82.8,12.09,1.5,2.985648499,,
2010,5,14,33.1,25.9,29.2,81.9,12.09,2,3.098548286,,
2010,5,15,34.4,26,29.4,79.1,12.09,1.5,3.121835809,,
2010,5,16,35.8,26.5,30.5,76.1,12.09,1.8,3.394408551,,
2010,5,17,34.2,26.2,29.3,81.3,12.09,1.3,3.00471272,,
2010,5,18,34.5,25.7,29.4,79.9,12.09,1.9,3.203951875,,
2010,5,19,32.7,25.5,28.4,80.5,12.09,1.5,2.997108461,,
2010,5,20,34.8,25.3,29.5,76.7,12.09,1.3,3.11911733,,
2010,5,21,34.2,25.9,29.2,82.1,12.09,1.9,3.114164479,,
2010,5,22,30.9,24.7,27.8,83.4,12.09,1.8,2.883053082,,
2010,5,23,33.7,25.4,29.1,80.9,12.09,1.6,3.051489744,,
2010,5,24,34.7,26.5,30,80.1,12.09,1.9,3.230164635,,
2010,5,25,35,27,30.5,77.8,12.09,2,3.375039296,,
2010,5,26,34.2,27.5,30.5,77.9,12.09,2,3.349460592,,
2010,5,27,34.6,26.5,30.1,75.5,12.09,1.4,3.210898033,,
2010,5,28,34.6,26,30.1,76.4,12.09,1.4,3.174491997,,
2010,5,29,35.2,26.2,30.5,76,12.09,2,3.428446111,,
2010,5,30,34.6,26.3,29.5,78.9,12.09,1.9,3.263147865,,
2010,5,31,33.7,26.1,28.7,82.1,12.09,2.1,3.139018058,,
2010,6,1,33.8,25.2,28.1,84.6,12.09,2.1,3.009473131,,
2010,6,2,33.8,25.2,29,80.5,12.09,2,3.160380713,,
2010,6,3,34.4,27,30.1,78.8,12.09,1.8,3.250493209,,
2010,6,4,34.1,27,29.6,80.1,12.09,2.2,3.295471487,,
2010,6,5,32.2,24.6,27.8,85.1,12.09,2.2,2.924132684,,
2010,6,6,29.8,25.2,27,89.4,12.09,1.5,2.635727415,,
2010,6,7,33.9,25.6,29,82.3,12.09,1.8,3.0637987,,
2010,6,8,33,26.2,29.3,81.1,12.09,1.5,3.017628828,,
2010,6,9,32.8,25.4,28.7,78.6,12.09,1.4,3.024836011,,
2010,6,10,30.8,25.6,27.7,84.6,12.09,1.4,2.799512359,,
2010,6,11,35,25.3,29.3,79.3,12.09,1.5,3.121949292,,
2010,6,12,33.1,24.7,27.7,85.9,12.09,1.8,2.871032822,,
2010,6,13,34.1,24.8,28.7,82.1,12.09,1.4,2.966609021,,
2010,6,14,34.4,23.6,28,82.5,12.09,2,3.060572854,,
2010,6,15,31,24.1,26,89.3,12.09,1.4,2.617352738,,
2010,6,16,32.9,24,27.2,85.1,12.09,1.6,2.838540012,,
2010,6,17,31.7,24.5,27.6,83.5,12.09,1.7,2.882167701,,
2010,6,18,33.1,25.3,28.6,80.2,12.09,1.2,2.93807214,,
2010,6,19,34.1,25.5,29.4,79.9,12.09,1.4,3.047846041,,
2010,6,20,33.5,25.8,29,82.6,12.09,1.5,2.980229769,,
2010,6,21,28.3,24.3,26.5,86.3,12.09,2.1,2.711453735,,
2010,6,22,31.6,24.7,27.5,86.6,12.09,2.1,2.828219803,,
2010,6,23,31.5,25.8,27.8,86.6,12.09,1.7,2.809667539,,
2010,6,24,34,25.2,28.9,79.9,12.09,1.5,3.059675367,,
2010,6,25,29.5,24.3,26.7,86.5,12.09,2.3,2.76214607,,
2010,6,26,33.5,23.9,28.2,80.3,12.09,1.1,2.888085406,,
2010,6,27,33.3,25.5,28.5,82.9,12.09,1.5,2.951463868,,
2010,6,28,31.5,24.9,27.6,85.6,12.09,2,2.857673601,,
2010,6,29,33.5,24,28.3,82.1,12.09,1.7,2.988214113,,
2010,6,30,32.4,25.1,28.1,83.3,12.09,1.9,2.969594129,,
2010,7,1,31.7,24.4,26,88.6,12.09,2.1,2.715909142,,
2010,7,2,32.2,23.2,26.6,83.1,12.09,2.4,2.99382825,,
2010,7,3,32.9,23.7,26.4,82.6,12.09,1.6,2.898767084,,
2010,7,4,33.4,24.5,27.9,79.7,12.09,1.4,2.988994901,,
2010,7,5,33.3,25.3,28.7,80.6,12.09,1.1,2.910979729,,
2010,7,6,33.5,25.8,28.9,82.9,12.09,1.1,2.885159405,,
2010,7,7,31.3,24.3,25.8,90.9,12.09,1.5,2.582506027,,
2010,7,8,32.8,23.4,27.4,83.5,12.09,1.5,2.856680459,,
2010,7,9,32.4,24.4,27.6,84.8,12.09,1.6,2.846391435,,
2010,7,10,33.9,25.4,28.4,83.5,12.09,1.7,2.990967372,,
2010,7,11,33.2,24.8,27.8,85.1,12.09,1.8,2.906417737,,
2010,7,12,32.7,25.8,28.6,84.5,12.09,1.5,2.894602393,,
2010,7,13,31.5,25.2,27.9,84.4,12.09,2,2.913865621,,
2010,7,14,31.3,24.4,27.4,86.5,12.09,1.9,2.792142749,,
2010,7,15,31.3,25.2,27.1,86.7,12.09,1.7,2.774562011,,
2010,7,16,31.8,24.8,27.9,84.9,12.09,1.6,2.837842048,,
2010,7,17,33.1,24.3,28.3,84.1,12.09,1.7,2.916400669,,
2010,7,18,31.7,24.4,26.7,86.5,12.09,1.6,2.756672892,,
2010,7,19,33.1,23.8,27.8,83.3,12.09,1,2.788168074,,
2010,7,20,34.2,25.2,28.5,82.1,12.09,1.7,3.045587127,,
2010,7,21,31.8,24.6,27.7,83.3,12.09,1.7,2.895511205,,
2010,7,22,33.7,24.5,28.2,83.4,12.09,1.3,2.884989695,,
2010,7,23,32.1,24.6,27.5,81.3,12.09,1.7,2.967258313,,
2010,7,24,33.5,24.2,28.3,79.6,12.09,1.2,2.937279616,,
2010,7,25,30,23,25.7,90.4,12.09,1.3,2.536508428,,
2010,7,26,32.1,23.3,26.6,83.5,12.09,1.7,2.854823812,,
2010,7,27,32.4,24,26.5,85.8,12.09,2.1,2.856511042,,
2010,7,28,32.8,24,27.5,80.9,12.09,1.3,2.895411993,,
2010,7,29,33.4,24.4,27.7,83.7,12.09,1.8,2.952531217,,
2010,7,30,33.4,24.6,27.5,81.7,12.09,1.7,3.003242173,,
2010,7,31,32.4,25,27.2,82.5,12.09,1.2,2.837728283,,
2010,8,1,32.1,24.1,27.9,80.4,12.09,1.7,2.987355138,,
2010,8,2,32.4,24.5,28.1,79.4,12.09,1.5,2.98957245,,
2010,8,3,33.2,24.4,28.4,80.5,12.09,1.6,3.013857637,,
2010,8,4,33.8,24.8,28.7,78.4,12.09,1.7,3.142224557,,
2010,8,5,34.4,26,29.5,79.1,12.09,1.3,3.062779603,,
2010,8,6,33,25.5,28.2,82.6,12.09,1.3,2.902625213,,
2010,8,7,30,25,26.9,87.6,12.09,1.6,2.692423568,,
2010,8,8,32.8,24.7,27.4,87.2,12.09,1.4,2.764622601,,
2010,8,9,31.6,24.2,27.3,86.6,12.09,1.5,2.746998343,,
2010,8,10,31.3,23.9,27.1,86.4,12.09,1.1,2.686474101,,
2010,8,11,33.7,25.2,28.4,83.1,12.09,1.3,2.909676538,,
2010,8,12,33.1,25.6,28.1,86.1,12.09,1.3,2.819972392,,
2010,8,13,32.8,25.2,27.1,89.5,12.09,1.5,2.71088125,,
2010,8,14,32.2,24.3,27.6,83.7,12.09,1.8,2.905488514,,
2010,8,15,32.6,24.3,28.1,78.7,12.09,1.8,3.09363951,,
2010,8,16,33.9,24.1,28.2,80.3,12.09,2,3.138822126,,
2010,8,17,32.1,24.9,26.9,88.7,12.09,1.6,2.713686432,,
2010,8,18,33.3,23.9,27.3,86.3,12.09,1.1,2.745194777,,
2010,8,19,32.9,24.2,27.6,85.1,12.09,1.7,2.864622975,,
2010,8,20,32.6,24.3,27.5,83.1,12.09,1.6,2.900956128,,
2010,8,21,32.3,24.1,27.8,80.5,12.09,1.1,2.844539449,,
2010,8,22,30.8,24.9,27.4,83.5,12.09,1.3,2.789451584,,
2010,8,23,33.1,24.8,28.3,81.4,12.09,1.2,2.897338525,,
2010,8,24,33.8,25.1,28.7,81.7,12.09,1.7,3.042760605,,
2010,8,25,35.1,25.3,29.3,79.5,12.09,2,3.262251242,,
2010,8,26,34,24.8,28.7,81.1,12.09,1.3,2.964385556,,
2010,8,27,34.3,25.4,29.2,78.7,12.09,1.3,3.051907938,,
2010,8,28,34,25,29,79.7,12.09,1.7,3.115495123,,
2010,8,29,33.3,24.2,27.7,82.9,12.09,1.3,2.870293046,,
2010,8,30,34.1,25,28.4,80.3,12.09,1.2,2.960288342,,
2010,8,31,33.7,24.9,28.1,81.1,12.09,2.1,3.143168096,,
2010,9,1,32.4,24.3,27.6,82.5,12.09,2,2.992384837,,
2010,9,2,32.4,25.3,28.5,81.7,12.09,1.8,3.014657196,,
2010,9,3,32.2,24,26.8,86.4,12.09,1.9,2.805608799,,
2010,9,4,32.4,24.2,25.9,88.9,12.09,1.4,2.663539654,,
2010,9,5,33.9,24.3,27.8,82.6,12.09,1.6,2.966978551,,
2010,9,6,30.7,22.4,26,88.3,12.09,1.8,2.63689203,,
2010,9,7,32.8,23.4,27.3,81.7,12.09,1.5,2.905997843,,
2010,9,8,32.6,25.4,27.8,81.9,12.09,1.3,2.898766919,,
2010,9,9,32.5,25.3,28.2,81.1,12.09,1.4,2.942430989,,
2010,9,10,32.7,25.4,28.4,80.8,12.09,1.4,2.961730579,,
2010,9,11,34.4,25.2,28.4,78.8,12.09,1.5,3.103380152,,
2010,9,12,34.3,24.5,28,79.1,12.09,1.4,3.040224078,,
2010,9,13,33.3,23.8,28,79.2,12.09,1.6,3.038809459,,
2010,9,14,33.3,25,27.6,81.7,12.09,1.6,2.986903044,,
2010,9,15,32.9,23.7,25.9,86.1,12.09,1.8,2.805320654,,
2010,9,16,33.8,23.2,28.2,78.5,12.09,1.5,3.038495559,,
2010,9,17,31.6,25.1,27.2,83.1,12.09,1.9,2.937333451,,
2010,9,18,33.5,24,27.5,81.3,12.09,1.6,2.982358818,,
2010,9,19,34.6,24.6,28.3,81.9,12.09,1.1,2.906337059,,
2010,9,20,33.2,23.5,26.7,86.7,12.09,1.9,2.8158927,,
2010,9,21,32.8,23.8,28.2,81.3,12.09,1.6,2.959425299,,
2010,9,22,32.5,24.9,27.3,87.1,12.09,2,2.828565838,,
2010,9,23,33.3,24.3,27.2,84.5,12.09,1.8,2.911431533,,
2010,9,24,32.7,24.3,26.6,87.5,12.09,1.4,2.729051525,,
2010,9,25,33.6,24.1,27.9,84.5,12.09,1.2,2.824256171,,
2010,9,26,33.6,24.7,27.6,86.1,12.09,1.7,2.865412818,,
2010,9,27,33.5,23.8,27.3,84.9,12.09,1.9,2.910625432,,
2010,9,28,31.4,23.9,27.1,84.2,12.09,1.2,2.748327643,,
2010,9,29,34,25,27.6,85.2,12.09,1.6,2.899901363,,
2010,9,30,32.7,24.1,27.7,84.3,12.09,1.9,2.915665389,,
2010,10,1,32.5,25.3,27.8,85.1,12.09,1.3,2.815491223,,
2010,10,2,27.5,24.8,25.9,92.1,12.09,1.8,2.477399836,,
2010,10,3,32.4,24.3,27.8,82.7,12.09,1.5,2.890447336,,
2010,10,4,34.2,25.6,29.3,78.3,12.09,1.5,3.125740576,,
2010,10,5,34.2,25,28,84.1,12.09,1.5,2.929342288,,
2010,10,6,33.3,24.5,27.3,86.6,12.09,1.9,2.854458542,,
2010,10,7,32.5,24.7,27.9,82.4,12.09,1.3,2.870157394,,
2010,10,8,34.9,25.6,29.5,77.4,12.09,1.4,3.147484215,,
2010,10,9,33.7,25.8,29.1,79.1,12.09,1.5,3.087262655,,
2010,10,10,33.3,26.3,29,79.8,12.09,1.3,3.008861842,,
2010,10,11,32.9,25.8,28.3,83.8,12.09,1.2,2.858793455,,
2010,10,12,34.4,25.2,28.6,81.1,12.09,1.7,3.087999309,,
2010,10,13,33.5,23.9,27.2,86.1,12.09,1.5,2.810773012,,
2010,10,14,32.7,23.4,27.6,84.1,12.09,1.4,2.822788978,,
2010,10,15,33.1,23.6,27.3,84.7,12.09,1.7,2.867244737,,
2010,10,16,34.4,24.3,28.6,81.2,12.09,1.9,3.110139731,,
2010,10,17,33.2,25.3,28.3,82.8,12.09,1.5,2.943684463,,
2010,10,18,34.3,24.8,28.5,82.3,12.09,1.7,3.033190986,,
2010,10,19,34.8,25.5,29.4,78.7,12.09,1.9,3.256278448,,
2010,10,20,33.9,24.7,28.5,81.5,12.09,1.6,3.018250676,,
2010,10,21,34.1,25.1,28.7,81.3,12.09,1.6,3.043529599,,
2010,10,22,33.7,25.2,28.9,80.7,12.09,1.5,3.025777033,,
2010,10,23,35.1,25.2,28.6,81.6,12.09,1.8,3.124315857,,
2010,10,24,34.4,24.3,28.8,81.1,12.09,1.9,3.11513546,,
2010,10,25,34.4,25.1,29.1,78.4,12.09,1.6,3.147603738,,
2010,10,26,33.5,24.9,28.7,79.1,12.09,2.3,3.269136665,,
2010,10,27,32.4,24.9,27.9,83.2,12.09,2.1,3.002054963,,
2010,10,28,34.6,24.5,27.2,84.9,12.09,1.4,2.877408822,,
2010,10,29,30.2,24.3,26.6,84.5,12.09,1.1,2.691473619,,
2010,10,30,31.7,24.4,26.2,87.2,12.09,1.9,2.757266276,,
2010,10,31,26.8,23.7,24.4,93.6,12.09,1.3,2.372885402,,
2010,11,1,24.4,23.5,23.8,96.5,12.09,1.8,2.204356293,,
2010,11,2,27.7,24,25.5,90.45,12.09,1.5,2.502397258,,
2010,11,3,27.7,24,25.5,90.45,12.09,1.5,2.502397258,,
2010,11,4,27.7,24,25.5,90.45,12.09,1.5,2.502397258,,
2010,11,5,27.7,24,25.5,90.45,12.09,1.5,2.502397258,,
2010,11,6,27.7,24,25.5,90.45,12.09,1.5,2.502397258,,
2010,11,7,27.7,24,25.5,90.45,12.09,1.5,2.502397258,,
2010,11,8,27.7,24,25.5,90.45,12.09,1.5,2.502397258,,
2010,11,9,27.7,24,25.5,90.45,12.09,1.5,2.502397258,,
2010,11,10,27.7,24,25.5,90.45,12.09,1.5,2.502397258,,
2010,11,11,27.7,24,25.5,90.45,12.09,1.5,2.502397258,,
2010,11,12,31,24.5,27.3,84.4,12.09,1.3,2.764369041,,
2010,11,13,33.2,24.2,28.2,79.9,12.09,1.9,3.101103785,,
2010,11,14,34,24.9,27.6,84.1,12.09,1.6,2.933414921,,
2010,11,15,32.3,24.1,27.5,81.1,12.09,1.9,3.013461196,,
2010,11,16,33.6,24.3,27,84.7,12.09,1.4,2.842482017,,
2010,11,17,32.9,24.3,26.7,85.7,12.09,1.2,2.756060686,,
2010,11,18,33.5,23.6,27.2,85.1,12.09,1.5,2.834506248,,
2010,11,19,33.1,24.1,27.2,84.8,12.09,1.7,2.87294698,,
2010,11,20,32.5,24.2,27.6,81.6,12.09,1.3,2.874335018,,
2010,11,21,32.9,24.3,28,80.4,12.09,1.6,2.999273521,,
2010,11,22,32.8,24.8,27.7,85.2,12.09,1.7,2.872474641,,
2010,11,23,34.1,24.5,27.8,83.4,12.09,1.5,2.933099981,,
2010,11,24,33.8,23.6,26.7,83.8,12.09,1.5,2.875262615,,
2010,11,25,33.3,24.3,27.6,81.9,12.09,1.4,2.918605863,,
2010,11,26,33.4,25.1,28.4,76.3,12.09,1.9,3.266640935,,
2010,11,27,32.1,24.9,27.7,79.8,12.09,1.7,3.024765899,,
2010,11,28,30.5,24.6,26.8,86.7,12.09,1.2,2.677637136,,
2010,11,29,32.6,24.2,26.5,87.8,12.09,1.4,2.713892827,,
2010,11,30,32.2,24.6,26.9,85.5,12.09,1.5,2.796031814,,
2010,12,1,31.8,24.3,26.6,83.4,12.09,1.6,2.851558962,,
2010,12,2,30.4,24.2,26.6,82.9,12.09,1.8,2.854575575,,
2010,12,3,30.3,24.1,26.8,79.5,12.09,1.9,2.985819758,,
2010,12,4,31.3,24.6,26.7,81.3,12.09,1.6,2.907150527,,
2010,12,5,29,24.3,25.9,86.8,12.09,1.3,2.624158663,,
2010,12,6,30.7,23.9,26.6,85.2,12.09,1.4,2.726413446,,
2010,12,7,27.3,23.9,25.5,89.5,12.09,1.2,2.505567846,,
2010,12,8,32.8,23.4,27.3,79.8,12.09,1.6,2.985526317,,
2010,12,9,31.8,24.2,27.3,79.3,12.09,1.8,3.033356366,,
2010,12,10,27.5,23.3,25.2,89.7,12.09,1.1,2.484283414,,
2010,12,11,30.3,23.8,26.2,86.8,12.09,1.5,2.675170579,,
2010,12,12,30.9,23.9,26.5,87.1,12.09,1.4,2.680996641,,
2010,12,13,31.1,23.9,26.8,85.8,12.09,1.6,2.75195459,,
2010,12,14,31.8,24,26.7,84.5,12.09,1.4,2.780278721,,
2010,12,15,33.5,23.7,26.7,86.8,12.09,1.4,2.763389163,,
2010,12,16,34,23.5,27.8,79.9,12.09,1.5,3.009973744,,
2010,12,17,29.7,24.3,26.7,83.8,12.09,1.2,2.711039402,,
2010,12,18,29.1,24.1,26.1,81.6,12.09,1.6,2.806027922,,
2010,12,19,30.1,23.7,26.4,83.5,12.09,1.6,2.777921204,,
2010,12,20,30.2,24.3,25.9,87.3,12.09,1.3,2.641304049,,
2010,12,21,25.7,23.6,24.6,93.5,12.09,1.2,2.367055923,,
2010,12,22,32.6,23.5,27,82.1,12.09,1.5,2.88570711,,
2010,12,23,31.9,23,26.9,84.2,12.09,1.1,2.725354864,,
2010,12,24,32.5,24.4,27.4,83.1,12.09,1.6,2.898338549,,
2010,12,25,33.5,24.1,27.4,83.1,12.09,1.4,2.885924482,,
2010,12,26,32.7,23.2,27.5,79.3,12.09,2,3.096150686,,
2010,12,27,32.1,22.7,27.6,79.1,12.09,1.7,2.991004644,,
2010,12,28,30.8,23.6,26.2,85.8,12.09,1.7,2.738246249,,
2010,12,29,26.5,23.1,24.7,89.6,12.09,1.4,2.460601366,,
2010,12,30,30.2,23.4,24.9,91.2,12.09,1.7,2.513128463,,
2010,12,31,29.7,23.1,26,82.2,12.09,1.6,2.783434392,,
2011,1,1,31.7,24.1,27.3,75.2,12.09,2.3,3.324319975,,
2011,1,2,32.3,24.6,28.2,71.1,12.09,2.1,3.46258619,,
2011,1,3,31.4,23.3,26.8,79.4,12.09,2.4,3.128555943,,
2011,1,4,32.4,22.8,27.5,72.1,12.09,2.1,3.373388388,,
2011,1,5,29.8,24.1,25.9,83.7,12.09,2,2.827301931,,
2011,1,6,25.5,23.5,24.6,89.9,12.09,1.9,2.449783908,,
2011,1,7,29.1,23.4,25.5,83.5,12.09,1.6,2.726185374,,
2011,1,8,30.9,23.6,26.9,71.8,12.09,3.1,3.683778932,,
2011,1,9,32.3,22.7,27.3,71.1,12.09,2.2,3.443424787,,
2011,1,10,32.2,23.5,27.6,71.6,12.09,1.9,3.326619145,,
2011,1,11,32.4,23.6,26.6,81.9,12.09,1.5,2.881099461,,
2011,1,12,32.8,22.6,26.6,82.1,12.09,1.4,2.84673761,,
2011,1,13,33.2,23.6,27.2,80.7,12.09,1.3,2.901444325,,
2011,1,14,33.2,24.4,27.8,79.7,12.09,1.3,2.950631307,,
2011,1,15,32.4,23.5,27.4,75.5,12.09,1.6,3.10088037,,
2011,1,16,32.9,23.3,27.2,71.8,12.09,1.8,3.311733111,,
2011,1,17,32.5,22.2,26.3,80.4,12.09,1.5,2.893810812,,
2011,1,18,32.9,22.1,26.6,74.7,12.09,1.6,3.107959344,,
2011,1,19,32.6,21.2,26.2,71.5,12.09,1.6,3.166227408,,
2011,1,20,32,20.8,25.5,73.5,12.09,1.5,3.029866246,,
2011,1,21,33.5,19.8,25.9,68.8,12.09,1.6,3.258168283,,
2011,1,22,33.8,21.6,27.2,73.7,12.09,1.6,3.168660769,,
2011,1,23,33.3,22.6,27.5,73.3,12.09,1.8,3.259161404,,
2011,1,24,33.7,22.8,27.8,70.8,12.09,2.3,3.578447904,,
2011,1,25,32.7,24.6,27.9,67.9,12.09,2.8,3.932405906,,
2011,1,26,30.6,25.7,27.3,72.4,12.09,2.8,3.622994051,,
2011,1,27,29.5,25.2,27,77.5,12.09,2.5,3.212050607,,
2011,1,28,31.4,26,27.8,71.4,12.09,2.9,3.766650654,,
2011,1,29,32.4,25.1,28.1,65.4,12.09,3.7,4.466596313,,
2011,1,30,31.4,24.4,27.5,66.9,12.09,3.7,4.257502585,,
2011,1,31,32.4,24.3,27.6,65.3,12.09,3.7,4.445132282,,
2011,2,1,31.9,24.6,27.9,64.8,12.09,3.7,4.435775034,,
2011,2,2,33.2,24.4,28.4,61.8,12.09,4.5,5.101055728,,
2011,2,3,32.8,22.6,27.8,67,12.09,3.3,4.10326411,,
2011,2,4,33.2,21.6,27.2,69.9,12.09,2.9,3.787831723,,
2011,2,5,34,21.6,27.4,72.5,12.09,2.9,3.703567027,,
2011,2,6,34,21.9,27.3,73.4,12.09,2.3,3.458874977,,
2011,2,7,33.8,22.1,27.3,76.7,12.09,2,3.216871146,,
2011,2,8,33.1,22.7,27.1,79.5,12.09,1.8,3.04055152,,
2011,2,9,34,23.5,27.6,79.8,12.09,1.4,2.983238064,,
2011,2,10,32.3,23.4,26.3,82.6,12.09,1.3,2.80677467,,
2011,2,11,33.9,23.6,27.5,73.2,12.09,1.6,3.241770343,,
2011,2,12,33.7,23.6,27.5,77.1,12.09,1.6,3.111464468,,
2011,2,13,33.9,23.5,27.8,77,12.09,1.9,3.218178459,,
2011,2,14,33.5,22.7,27.4,79,12.09,1.7,3.049789873,,
2011,2,15,33.2,22.3,26.2,80.7,12.09,1.8,2.985981763,,
2011,2,16,33.8,22.5,27.6,77.5,12.09,1.5,3.046118899,,
2011,2,17,35,22.7,28.1,73.2,12.09,1.9,3.39237522,,
2011,2,18,33.9,22.5,27.6,74.7,12.09,2.1,3.344122973,,
2011,2,19,34.5,22.9,27.5,78.5,12.09,2,3.203448765,,
2011,2,20,35.1,22.8,27.8,77.2,12.09,1.6,3.152531987,,
2011,2,21,34.2,24.6,28,75.7,12.09,1.6,3.20557726,,
2011,2,22,33.4,24.9,28,70.2,12.09,2.5,3.749023164,,
2011,2,23,33.8,25,27.9,74.1,12.09,2,3.404959005,,
2011,2,24,31.3,23.7,26.3,83.5,12.09,1.3,2.76000917,,
2011,2,25,34.5,22.7,27.8,74.5,12.09,2,3.354818301,,
2011,2,26,34.2,22.4,27.8,75,12.09,1.7,3.205058386,,
2011,2,27,34.3,22.8,28.4,66.4,12.09,2.3,3.798025365,,
2011,2,28,35.5,21.1,27.8,67.9,12.09,1.7,3.472168519,,
2011,3,1,34.8,23.5,28,75.8,12.09,1.5,3.164181555,,
2011,3,2,35.1,23.9,28.5,73.9,12.09,1.5,3.244571725,,
2011,3,3,36.4,23.2,28.4,72,12.09,2.2,3.666098819,,
2011,3,4,36.1,24,27.7,77,12.09,1.7,3.273056295,,
2011,3,5,35.1,23.1,28,76.3,12.09,1.4,3.117151139,,
2011,3,6,33.9,24.2,27,80,12.09,1.6,3.03950225,,
2011,3,7,33.8,23.3,27.1,80.9,12.09,1.2,2.883802918,,
2011,3,8,33.3,24.4,27.2,80.5,12.09,1,2.844217641,,
2011,3,9,33.8,24.2,27.5,71.7,12.09,2.2,3.560349754,,
2011,3,10,33.8,24,27.8,69.7,12.09,1.8,3.450775201,,
2011,3,11,34.1,24.4,27.4,69.8,12.09,1.8,3.482281811,,
2011,3,12,30.3,24.2,26.8,72,12.09,2.4,3.42734614,,
2011,3,13,34.4,24.8,28,67.1,12.09,2.5,3.9691491,,
2011,3,14,34.9,24,27.7,70.9,12.09,1.9,3.518564277,,
2011,3,15,34.4,23.5,27.6,79.7,12.09,1.5,3.029820999,,
2011,3,16,34.3,25,27.8,80.4,12.09,1.6,3.06931886,,
2011,3,17,35,24.2,28.6,76.8,12.09,1.8,3.266164295,,
2011,3,18,34.3,24.2,27.2,84.2,12.09,1.1,2.821484776,,
2011,3,19,34.5,24.2,27.6,80.4,12.09,1.3,2.973114207,,
2011,3,20,32.9,24.1,26.8,83.1,12.09,1.3,2.835650501,,
2011,3,21,31.5,24.2,26.2,86.1,12.09,1.1,2.68193176,,
2011,3,22,32,23.6,25.8,87.1,12.09,1.7,2.724244661,,
2011,3,23,30.2,23.6,25.2,88.8,12.09,1.2,2.568393749,,
2011,3,24,31.5,23.3,26.6,83.8,12.09,1,2.703125639,,
2011,3,25,30.4,23.3,26.3,83.8,12.09,1.5,2.752251083,,
2011,3,26,29.7,23.8,25.9,87.3,12.09,2.2,2.701101658,,
2011,3,27,32.1,24.4,27.7,81.3,12.09,1.3,2.874250614,,
2011,3,28,32.9,23.7,26.7,82.8,12.09,1.8,2.937088308,,
2011,3,29,25.3,23.7,24.2,91.3,12.09,2.2,2.393156281,,
2011,3,30,28.7,23.5,25.2,91.7,12.09,1.3,2.472360065,,
2011,3,31,32.7,24,27.6,83.3,12.09,1.3,2.835970577,,
2011,4,1,30.1,23.9,26,90,12.09,1.8,2.591000014,,
2011,4,2,31.7,23.6,27.4,85,12.09,1.6,2.798520341,,
2011,4,3,32.9,24.4,28.3,84.8,12.09,1.4,2.842411457,,
2011,4,4,33.6,24.7,28.9,82.8,12.09,1.4,2.931820718,,
2011,4,5,33.1,24.3,28.6,80.2,12.09,1.4,2.968424422,,
2011,4,6,34.7,24.4,27.3,83.8,12.09,1.5,2.933121429,,
2011,4,7,33.3,23.9,27.8,83.9,12.09,1.3,2.841750124,,
2011,4,8,33.4,23.4,28.3,74,12.09,2.2,3.40301574,,
2011,4,9,33.4,23.2,28.2,75.5,12.09,2.5,3.429132379,,
2011,4,10,33.4,24.8,28,79.4,12.09,1.9,3.143320356,,
2011,4,11,33.9,23.7,27.5,82.7,12.09,1.7,2.967905213,,
2011,4,12,33.9,23.8,28.2,80.2,12.09,1.6,3.034117431,,
2011,4,13,33.2,23.5,28.1,78.8,12.09,1.4,2.984585326,,
2011,4,14,34.2,23.7,28.5,77.6,12.09,1.7,3.155985093,,
2011,4,15,33.7,25.4,27.6,84,12.09,1.5,2.917795028,,
2011,4,16,33.6,24.2,28.2,82.3,12.09,1.7,2.989041856,,
2011,4,17,32.8,25.7,28.7,84.1,12.09,1.8,2.960356572,,
2011,4,18,32.9,25.3,28.3,85,12.09,2.1,2.96339801,,
2011,4,19,33.8,25.4,28.6,84,12.09,1.9,3.009392064,,
2011,4,20,34.5,25.3,29.5,78.9,12.09,1.4,3.085004707,,
2011,4,21,33.5,24.9,27.7,87,12.09,1.6,2.825309089,,
2011,4,22,34.7,24.5,28.5,84.6,12.09,1.4,2.911022303,,
2011,4,23,34.1,24.8,28.8,82.4,12.09,2.2,3.128920851,,
2011,4,24,34.7,25.2,28.9,80.2,12.09,1.5,3.078242216,,
2011,4,25,34.9,23.7,28.8,78.4,12.09,1.3,3.040317647,,
2011,4,26,33.6,24.5,28.7,82,12.09,1.7,3.011044902,,
2011,4,27,35.3,25.4,29.5,79.6,12.09,1.4,3.099969673,,
2011,4,28,35.3,25.3,28.7,83,12.09,1.5,3.018312225,,
2011,4,29,32.8,24.9,27.3,87.5,12.09,1.1,2.723820441,,
2011,4,30,33.3,24.9,28.3,83.5,12.09,1.9,2.993256928,,
2011,5,1,34.7,24.4,27,88.8,12.09,1.8,2.798899106,,
2011,5,2,32.9,23.4,27.9,84.7,12.09,2,2.910505968,,
2011,5,3,34.7,25.6,28.6,86.2,12.09,1.7,2.935262694,,
2011,5,4,32.6,25.5,28.1,87,12.09,1.9,2.851658813,,
2011,5,5,33,24.8,28.3,84.2,12.09,1.6,2.903719874,,
2011,5,6,34.2,25.9,29.1,80.5,12.09,1.9,3.172975091,,
2011,5,7,34.8,25.1,29.7,78.5,12.09,1.5,3.134322234,,
2011,5,8,33.4,25.8,29.6,82.5,12.09,1.6,3.00780288,,
2011,5,9,34.1,26.5,30.1,82.2,12.09,1.9,3.12918136,,
2011,5,10,34.4,26.6,29.3,83,12.09,1.8,3.087056235,,
2011,5,11,33.2,25.8,28.1,87.5,12.09,1.6,2.826105411,,
2011,5,12,30.4,25.8,26.9,90.6,12.09,1.8,2.635418672,,
2011,5,13,33.7,25.3,28.7,84.6,12.09,2,2.998537468,,
2011,5,14,33.8,25.6,29.2,83.5,12.09,1.7,3.001698089,,
2011,5,15,34.4,25.7,28.9,83.4,12.09,1.9,3.065835525,,
2011,5,16,33.2,24.7,28,84.2,12.09,1.3,2.850235893,,
2011,5,17,33.3,24.3,26.8,88.2,12.09,1.8,2.77023486,,
2011,5,18,32.1,23.9,26.9,88,12.09,1.6,2.716795528,,
2011,5,19,31.6,23.4,27.7,85.6,12.09,1.9,2.816753618,,
2011,5,20,33.2,25.4,28.9,83.3,12.09,1.9,3.015551483,,
2011,5,21,32.7,24.4,28.2,84.7,12.09,1.7,2.884370803,,
2011,5,22,33.2,26.2,29.2,83.7,12.09,1.8,3.006508959,,
2011,5,23,32.2,25.7,28.5,85.6,12.09,1.8,2.8865438,,
2011,5,24,33.1,25.3,28.3,85.8,12.09,2.1,2.938303679,,
2011,5,25,33,24.6,28.2,85.1,12.09,1.5,2.855422206,,
2011,5,26,33.2,25.6,28.5,86,12.09,1.6,2.875874278,,
2011,5,27,31.5,25.4,27.9,87.9,12.09,1.4,2.73447462,,
2011,5,28,32.8,24.8,28.6,84.6,12.09,1.5,2.873724883,,
2011,5,29,33.5,25.4,29.4,82,12.09,2,3.098857751,,
2011,5,30,33.1,26.2,29,84.7,12.09,1.3,2.882708808,,
2011,5,31,33.4,25.8,29,84.1,12.09,1.4,2.916339956,,
2011,6,1,32.5,24.5,27.3,87.1,12.09,1.5,2.764467893,,
2011,6,2,32.5,24.9,27.6,85.4,12.09,1.5,2.826950732,,
2011,6,3,32,24.7,27.5,86.6,12.09,1.9,2.818981643,,
2011,6,4,33,25.2,27.7,87.4,12.09,1.7,2.814373121,,
2011,6,5,31.8,25,28,87.1,12.09,1.7,2.789455675,,
2011,6,6,32.6,26.1,28.8,85,12.09,1.4,2.871371422,,
2011,6,7,33.3,26.1,28.8,85.4,12.09,1.4,2.882075497,,
2011,6,8,34,25.6,28.8,84.5,12.09,1.8,2.988381675,,
2011,6,9,32.3,25.6,28.3,85.9,12.09,1.5,2.833774182,,
2011,6,10,33.7,25.1,28.1,86.4,12.09,1.5,2.848379206,,
2011,6,11,33.5,24.8,28.4,85,12.09,1.5,2.881686995,,
2011,6,12,31.2,25.1,27.1,87.6,12.09,1.4,2.71120255,,
2011,6,13,33.4,24.6,28.5,84.3,12.09,1.4,2.878340489,,
2011,6,14,34.2,24.9,29.1,82.9,12.09,1.2,2.914058608,,
2011,6,15,32.7,24.5,26.9,87.3,12.09,1.8,2.7898319,,
2011,6,16,32.4,24.3,27.4,87.5,12.09,1.1,2.705972017,,
2011,6,17,32.6,23.9,27.8,87.4,12.09,1.5,2.75805024,,
2011,6,18,32,24.1,26.8,88.7,12.09,1.2,2.662295235,,
2011,6,19,32.6,25.2,28.6,85.7,12.09,1.5,2.84545917,,
2011,6,20,32.4,24.2,28.3,87.5,12.09,1.5,2.765337284,,
2011,6,21,32.9,26.5,28.5,88.1,12.09,1.2,2.780226621,,
2011,6,22,29.7,24.7,26.3,91.8,12.09,1.6,2.541588391,,
2011,6,23,33,24.1,27.9,86.4,12.09,1.3,2.777909839,,
2011,6,24,30.7,25.6,27.6,88.1,12.09,1.5,2.71461849,,
2011,6,25,33.7,24.6,28.7,85.1,12.09,1.5,2.886260564,,
2011,6,26,32.4,25.7,28.2,86.8,12.09,1.6,2.823567831,,
2011,6,27,31.9,24.7,27.7,86.1,12.09,1.6,2.799781235,,
2011,6,28,33.2,24.8,28.8,83.1,12.09,1.7,2.969425752,,
2011,6,29,32.7,24.3,26.9,89.9,12.09,1.9,2.698347112,,
2011,6,30,32.6,23.6,28,86.7,12.09,1.1,2.729218155,,
2011,7,1,30.7,25.1,27.9,86.4,12.09,1.3,2.733950477,,
2011,7,2,32.5,24.3,27.6,87.9,12.09,1.5,2.744182404,,
2011,7,3,26.4,22.4,24.6,92,12.09,1.1,2.393475996,,
2011,7,4,32.8,22.5,27.6,83.6,12.09,1.4,2.82192574,,
2011,7,5,33.3,24.1,28.4,84.1,12.09,1.3,2.851133991,,
2011,7,6,33.8,25.2,28.9,85.1,12.09,1.3,2.872461797,,
2011,7,7,32.1,25.4,28.6,85.3,12.09,1.4,2.830994423,,
2011,7,8,33.5,25.7,28.9,83.8,12.09,1.5,2.942667406,,
2011,7,9,32.4,24.9,28.3,83.1,12.09,1.3,2.861011389,,
2011,7,10,32.8,24.6,27.9,84.8,12.09,1.5,2.852465013,,
2011,7,11,32.9,24.2,28.4,84,12.09,1.5,2.877909292,,
2011,7,12,32.2,24.5,27.5,86.8,12.09,1.5,2.768351903,,
2011,7,13,33.8,24.9,28.5,81.5,12.09,1.5,2.995505843,,
2011,7,14,33,24.4,27.7,82.8,12.09,1.8,2.969063846,,
2011,7,15,32,24.6,27.7,83.4,12.09,1.5,2.862939961,,
2011,7,16,32.1,25.1,28.1,82.9,12.09,1.4,2.877300708,,
2011,7,17,32.9,25,28.4,83.3,12.09,1.6,2.933222658,,
2011,7,18,33.2,25.3,29,83.1,12.09,1.4,2.925043365,,
2011,7,19,33.4,25.2,28.8,83.5,12.09,2,3.027945114,,
2011,7,20,33.7,26,29.3,83.6,12.09,1.7,3.005559376,,
2011,7,21,33.2,26.2,29,84.3,12.09,1.6,2.94888488,,
2011,7,22,33.2,24.2,27.4,83.8,12.09,1.6,2.896556178,,
2011,7,23,32.9,24,27.7,82.6,12.09,1.5,2.902312515,,
2011,7,24,31,24.8,26.9,85.4,12.09,1.4,2.753159348,,
2011,7,25,31.1,22.3,26.5,84.2,12.09,1.7,2.7767144,,
2011,7,26,32.3,23.6,27.2,85,12.09,1.3,2.768356015,,
2011,7,27,30.4,24.9,27,86.8,12.09,1.3,2.694081164,,
2011,7,28,31.6,24.3,27.7,86.3,12.09,1.3,2.740887397,,
2011,7,29,32.2,25.4,27.9,85.7,12.09,1.7,2.853078523,,
2011,7,30,30.7,23.9,27.3,86.1,12.09,1.4,2.71797288,,
2011,7,31,32.8,24.5,28.1,84,12.09,1.6,2.893571419,,
2011,8,1,33,24.5,28.1,83.6,12.09,1.7,2.930608783,,
2011,8,2,32.9,25.1,28.5,84.7,12.09,1.6,2.894913236,,
2011,8,3,32.4,24.1,27.3,89.4,12.09,1.8,2.707329224,,
2011,8,4,32.6,24.2,27.9,84.9,12.09,1.4,2.819699211,,
2011,8,5,32.4,24.6,28,83.3,12.09,1.6,2.901769148,,
2011,8,6,33.2,24.3,28.2,82.3,12.09,1.7,2.976331853,,
2011,8,7,32.9,24.7,28.2,82.9,12.09,1.7,2.955396665,,
2011,8,8,33.7,24.7,28.8,82,12.09,1.4,2.954473235,,
2011,8,9,34.2,25.6,29.2,81.3,12.09,1.4,3.01510799,,
2011,8,10,31.9,24.7,27.8,82.2,12.09,2,2.996501297,,
2011,8,11,33.3,24.5,28.1,81.3,12.09,1.8,3.039081101,,
2011,8,12,33.3,24.9,27.6,84.3,12.09,1.2,2.829065928,,
2011,8,13,34.1,23.5,26.6,87.1,12.09,1.4,2.767598894,,
2011,8,14,31.4,23.1,26.3,88,12.09,1.8,2.686215462,,
2011,8,15,31.5,23.6,27,85.9,12.09,1.2,2.70725789,,
2011,8,16,32.1,24.6,26.9,86.2,12.09,1.5,2.772685425,,
2011,8,17,33.2,23.4,27.1,82.9,12.09,1.8,2.942877562,,
2011,8,18,32.2,23.7,27.1,84.9,12.09,1.6,2.814110552,,
2011,8,19,33.3,23.5,27.2,84.8,12.09,1.7,2.867262942,,
2011,8,20,30.2,24,26.4,86.8,12.09,1.8,2.711315293,,
2011,8,21,34.5,24,27.4,81,12.09,1.3,2.950891908,,
2011,8,22,34,23.6,27,85.1,12.09,1.5,2.847697925,,
2011,8,23,31.2,24,26.8,87.9,12.09,1.7,2.702940669,,
2011,8,24,29.5,23.7,26.2,89.8,12.09,1.8,2.584081023,,
2011,8,25,26.6,23.7,24.5,95.2,12.09,1.5,2.322874274,,
2011,8,26,29.5,23.6,25.1,92.4,12.09,1.8,2.466520432,,
2011,8,27,30,23.9,25.2,91,12.09,1.9,2.536150195,,
2011,8,28,29,23.1,24.4,92.1,12.09,2.1,2.437021203,,
2011,8,29,27.7,22.9,24.4,91.8,12.09,1.7,2.417506902,,
2011,8,30,32.3,22.4,26.5,84.9,12.09,0.9,2.671978429,,
2011,8,31,32.1,24.1,27.7,85.2,12.09,1.9,2.86242065,,
2011,9,1,33.6,24.5,28.3,85.1,12.09,1.1,2.809118696,,
2011,9,2,33.8,25.4,28.4,83.2,12.09,1.5,2.95647352,,
2011,9,3,34.1,24.4,28.4,81.9,12.09,1.6,3.005555473,,
2011,9,4,32.1,25.6,27.4,85.5,12.09,1.7,2.852616644,,
2011,9,5,32,24.3,27.8,82.3,12.09,2,2.986276772,,
2011,9,6,33.8,24,28.3,83.4,12.09,1.7,2.957466206,,
2011,9,7,32,25.2,27.5,84.7,12.09,1.9,2.89947928,,
2011,9,8,32.7,24.1,28,82.4,12.09,1.9,2.987326679,,
2011,9,9,33.7,25.5,28.1,82.3,12.09,1.5,2.977710771,,
2011,9,10,32.1,23.3,25.6,91.3,12.09,1.8,2.576404844,,
2011,9,11,26.3,23.3,24.6,94.5,12.09,2,2.307296155,,
2011,9,12,32.3,24.3,27.4,85.5,12.09,1.7,2.830645994,,
2011,9,13,33.9,24.5,28.3,84.1,12.09,1.7,2.949194622,,
2011,9,14,33.5,25.3,27.8,86.2,12.09,2,2.915980824,,
2011,9,15,32.9,24.1,28.2,84.1,12.09,1.5,2.869971122,,
2011,9,16,33.6,25.4,28.3,84,12.09,1.4,2.90594719,,
2011,9,17,33.1,24.9,28.6,83.4,12.09,1.7,2.956152421,,
2011,9,18,31.6,24.6,27.4,86.5,12.09,1.9,2.805902385,,
2011,9,19,29.1,23.7,25.6,89.2,12.09,1.5,2.563734906,,
2011,9,20,30.7,23.9,25.5,87.2,12.09,1.5,2.661213039,,
2011,9,21,32.5,23.1,27.3,81.5,12.09,1.7,2.938112019,,
2011,9,22,31.2,24.6,27.7,84.4,12.09,1.5,2.810879265,,
2011,9,23,32.5,25.5,28.6,82.2,12.09,1.4,2.923980925,,
2011,9,24,33.7,25.7,28.7,81.3,12.09,1.5,3.018517303,,
2011,9,25,31.2,25,27.6,84.3,12.09,1.6,2.836337242,,
2011,9,26,30.3,23.6,26.6,87.7,12.09,2.2,2.71228103,,
2011,9,27,30.5,23.5,25.4,90.7,12.09,1.8,2.554896351,,
2011,9,28,29.8,23.9,26.5,88.3,12.09,1.3,2.6156462,,
2011,9,29,32.5,23.9,28.1,81.5,12.09,1.3,2.877948801,,
2011,9,30,32.6,24.9,28.3,79.2,12.09,1.4,2.986536916,,
2011,10,1,31,25.3,27.6,84.3,12.09,1.5,2.820876909,,
2011,10,2,31.9,25,27.6,84.1,12.09,1.8,2.897848765,,
2011,10,3,30.9,25,26.7,88.3,12.09,2,2.722992322,,
2011,10,4,31.4,24.4,26.8,85.2,12.09,1.7,2.803558921,,
2011,10,5,29.1,22.8,25.3,88.4,12.09,1.6,2.569103838,,
2011,10,6,30.8,23.7,27.1,82.5,12.09,1.4,2.802120677,,
2011,10,7,31.9,24.4,27.8,81.4,12.09,1.5,2.911648004,,
2011,10,8,31.8,23.5,26.8,85.9,12.09,1.6,2.762093042,,
2011,10,9,30.1,22.9,25.9,85.8,12.09,1.9,2.720717026,,
2011,10,10,31.6,24,27.5,80.6,12.09,1.8,2.978733309,,
2011,10,11,30.2,24.6,26.8,84.4,12.09,1.9,2.825472323,,
2011,10,12,31,24.7,27.7,84,12.09,1.7,2.849773228,,
2011,10,13,32.4,24,27.8,85,12.09,1.6,2.835457294,,
2011,10,14,33.5,24.9,28.9,81.9,1.05,1.4,1.08519747,,
2011,10,15,33,24.7,28.7,83,0.94,1.9,1.17731876,,
2011,10,16,33.2,24.1,27.8,84.1,0.87,1.5,1.013230279,,
2011,10,17,33.8,24.9,28,85.5,0.93,1.4,0.942188461,,
2011,10,18,32.5,25,28,82.5,1.12,1.8,1.20858884,,
2011,10,19,32.1,24.6,27.1,85.4,14.09,1.6,3.138690171,,
2011,10,20,32.6,24.4,26.4,88.7,17.19,1.2,3.532732228,,
2011,10,21,32,24.1,27.2,85.8,15.89,1.4,3.38659705,,
2011,10,22,33.2,23.2,26.4,88.8,18.88,1.7,3.814489591,,
2011,10,23,34.3,24,27.5,85.7,20.39,1,4.226817521,,
2011,10,24,33.8,24.9,28.8,80.8,22.53,1.8,4.812113613,,
2011,10,25,33.6,25,28.5,74.9,19.72,2,4.547722026,,
2011,10,26,33.9,24.3,27.6,80.8,19.42,1.6,4.216712884,,
2011,10,27,32,25.1,27.8,77.3,15.64,1.9,3.712728231,,
2011,10,28,33.4,25,28.4,74.2,19.73,2.1,4.584686686,,
2011,10,29,34.1,25.2,28.7,72.9,22.14,2.5,5.181387351,,
2011,10,30,33.2,25,28.1,76.3,15.65,1.8,3.780727868,,
2011,10,31,32.1,25.2,27.5,77,14.65,2.5,3.740119621,,
2011,11,1,33.7,24.6,27.8,77.5,18.75,2.3,4.364683992,,
2011,11,2,33.3,24.7,28.5,74.8,20.03,1.9,4.537790892,,
2011,11,3,33.4,24.5,27.5,81.1,16.64,1.4,3.694006509,,
2011,11,4,33,24.3,26.6,85.5,16.86,1.5,3.59050527,,
2011,11,5,31.2,24,26.8,85.3,16.41,1.8,3.474468272,,
2011,11,6,30.3,24.4,26.7,85.8,13.84,1.6,3.012097257,,
2011,11,7,29.1,24,25.8,88.1,9.93,1.8,2.298223222,,
2011,11,8,30.6,23.5,26.8,83.8,18.54,1.7,3.79623166,,
2011,11,9,31.6,24.3,27.9,78.6,23.3,1.8,4.785553787,,
2011,11,10,32.4,24.3,28.1,77.7,23.69,1.9,4.942565618,,
2011,11,11,32.8,24.4,27.3,81.4,16.16,1.2,3.534140672,,
2011,11,12,31.2,24,26.7,82.8,10.3,1.9,2.626571648,,
2011,11,13,33.4,24.4,27.6,79.1,18.53,1.7,4.11160142,,
2011,11,14,31.1,24.8,26.5,85.7,13.9,1.3,3.019493399,,
2011,11,15,32.1,24.1,27.2,76.7,18.33,2,4.125848197,,
2011,11,16,32.6,23.3,27.2,77.9,20.06,1.7,4.286312203,,
2011,11,17,32.2,24.3,26.8,84.2,14.2,1.2,3.119318156,,
2011,11,18,33.5,23.8,27.1,83.3,18.67,1.4,3.95262342,,
2011,11,19,31.5,24.3,27,83.9,15.71,1.3,3.366939369,,
2011,11,20,33.2,24.8,28,75.1,20.88,2.3,4.754263607,,
2011,11,21,28.7,24.7,26.1,84.7,9.8,2,2.434234901,,
2011,11,22,30.8,24.5,26.8,80.6,14.53,2.2,3.404448655,,
2011,11,23,27.9,23.9,25,88.8,4.81,2.1,1.51586233,,
2011,11,24,32.3,25.1,27.7,71.9,19.97,3.4,5.007379677,,
2011,11,25,31.4,25,27.9,76.8,18.45,2.6,4.281153688,,
2011,11,26,30.8,24.8,26.6,86.9,8.95,1.6,2.223479228,,
2011,11,27,33.6,24.4,28.1,79.6,20.16,1.8,4.403225344,,
2011,11,28,33.7,24.7,27.8,83.1,19.24,1.4,4.112749339,,
2011,11,29,33.8,25.3,28.7,75.4,21.31,2.2,4.864031373,,
2011,11,30,33.5,25.6,29.1,69.2,21.87,2.3,5.180586687,,
2011,12,1,33.5,24,27.7,78,19.16,1.9,4.280195984,,
2011,12,2,31.4,25.2,27.5,73.4,13.44,1.8,3.445620183,,
2011,12,3,32.8,23.6,27.6,77.8,20.89,1.5,4.409137019,,
2011,12,4,32.6,23.8,26.2,84.7,14.85,1.7,3.273197972,,
2011,12,5,31.2,23.6,26.4,82.4,12.03,1.1,2.732237469,,
2011,12,6,32.3,23.8,27.2,79.4,15.71,1.3,3.482816764,,
2011,12,7,32.7,24.2,27.9,73.2,19.06,1.5,4.237827791,,
2011,12,8,33.8,23.2,27.1,78.7,21.56,1.7,4.568859291,,
2011,12,9,32.8,24.4,27.6,78.7,16.57,1.6,3.755802536,,
2011,12,10,32.5,25.2,28.2,70.5,19.05,2.4,4.652213111,,
2011,12,11,30.9,24.1,26.3,78.7,10.05,2.3,2.842672532,,
2011,12,12,31,23.5,26,82.2,14.97,2,3.340390462,,
2011,12,13,31.4,23.6,26.6,77.6,18.27,1.8,3.973322389,,
2011,12,14,32.2,23.1,27,75.7,17.45,1.8,3.939162321,,
2011,12,15,30.2,23.5,25.8,84.6,10.9,1.6,2.552903155,,
2011,12,16,31.7,24,26.5,81.7,13.2,1.9,3.12562844,,
2011,12,17,32,25.6,27.9,71.6,18.94,3.6,4.944184433,,
2011,12,18,32.9,24.7,27.6,73.9,17.75,2.5,4.362566968,,
2011,12,19,30.1,24.2,26.7,78.3,10.95,1.6,2.77252445,,
2011,12,20,31.1,24.1,26.8,78.1,14.68,1.6,3.377213595,,
2011,12,21,28.8,24,25.9,86.4,7.8,1.5,1.98810457,,
2011,12,22,31.5,25.2,27.7,75.7,15.71,2.8,3.996628422,,
2011,12,23,32.1,24.7,27.4,76.4,10.01,1.9,2.875028029,,
2011,12,24,31.7,25.2,28.1,68.1,12.76,2.5,3.839672327,,
2011,12,25,33,25.2,28.1,64.3,18.38,2.9,5.071231764,,
2011,12,26,32.2,24.6,27.8,64.5,20.03,2.9,5.174000777,,
2011,12,27,31.9,25,28,66.7,17.49,2.5,4.563253624,,
2011,12,28,32.4,25.9,28.5,65.8,17.64,3,4.919964352,,
2011,12,29,32.7,24.8,28.5,66.4,18.57,1.9,4.514042485,,
2011,12,30,31.5,23.3,27.2,73,16.77,2.6,4.128788879,,
2011,12,31,30.3,23.5,26.1,83,12.86,1.8,2.939830295,,
2012,1,1,27.1,23.6,24.8,91.7,5.25,1.1,1.373954926,,
2012,1,2,33.1,24,27.6,81.2,23.63,1.4,4.806399701,,
2012,1,3,33,24.5,27.5,78.3,17.25,1.4,3.835521911,,
2012,1,4,32.8,23.4,27.7,68.6,23.01,2.3,5.179411457,,
2012,1,5,33.2,22.9,27.9,64.8,23.94,3,5.712145024,,
2012,1,6,32.6,21.9,27.6,65.3,23.89,2.5,5.382054435,,
2012,1,7,32.7,23,27.7,65.9,21.23,2.6,5.108680409,,
2012,1,8,30.9,22.6,26.3,75.3,14.57,2.1,3.52193106,,
2012,1,9,31.7,22.9,26.5,77.5,16.32,1.5,3.602365681,,
2012,1,10,30.3,23.7,25.9,81.8,11.73,2,2.852943193,,
2012,1,11,32,24.3,27.3,75,17.2,2.2,4.072264055,,
2012,1,12,28.6,24.1,25.1,87.5,5.69,1.3,1.592345624,,
2012,1,13,30.3,24,26,83,10.78,2.1,2.693687096,,
2012,1,14,32.8,24.3,26.9,81.1,17.6,1.8,3.874527805,,
2012,1,15,31.9,23.8,26.9,83.3,19.26,1.6,3.985254812,,
2012,1,16,31.3,23.6,27.2,83.5,18.15,1.1,3.72492757,,
2012,1,17,32.5,24,27.1,84.2,17.52,1.3,3.691654203,,
2012,1,18,32.2,24.5,27.1,85,18.72,1.5,3.892649727,,
2012,1,19,32.3,24.4,27.1,84.8,18.13,1.4,3.792932137,,
2012,1,20,32,24.2,26.9,82.8,18.33,1.2,3.813191095,,
2012,1,21,32.2,24.2,26.8,83,19.48,1.4,4.027821084,,
2012,1,22,33.3,23.1,27.1,82,21.73,1.3,4.432079981,,
2012,1,23,33.2,23.5,27.6,79,21.15,1.4,4.428681996,,
2012,1,24,32.9,23.1,27.4,72.3,24.18,1.8,5.080532927,,
2012,1,25,33.1,21.8,27.2,70.1,22.85,2.3,5.051517529,,
2012,1,26,33.2,23.1,27.9,66.5,23.9,2.6,5.503030552,,
2012,1,27,33.4,23.2,28.3,62,23.76,2.8,5.75805149,,
2012,1,28,33.1,25.2,28.3,66.8,20.66,2.1,4.943984841,,
2012,1,29,31.6,23.7,27.1,76,16.06,1.9,3.739808724,,
2012,1,30,32.1,24.2,27,80.5,11.43,1.4,2.799485381,,
2012,1,31,33,23.6,27.7,75.8,17.59,1.9,4.059117009,,
2012,2,1,33.9,24,28.1,71.1,21.71,2.8,5.196056179,,
2012,2,2,33.5,24.5,27.8,74.2,19.73,2,4.532681199,,
2012,2,3,34.4,24.1,28.4,70.05,18.01,1.8,4.374690006,,
2012,2,4,32.8,23.8,28.2,65.9,22.37,2.6,5.315859079,,
2012,2,5,34.3,22.2,27.9,70,23.75,2.3,5.317335285,,
2012,2,6,34.4,23.4,28.1,72.1,23.75,2.4,5.348364498,,
2012,2,7,35.4,23.1,28.6,70.4,25.12,1.7,5.46507729,,
2012,2,8,35.3,23.3,28.7,69.2,23.41,2.1,5.376319353,,
2012,2,9,34,23.6,28.7,59.7,24.8,2.9,6.120283472,,
2012,2,10,34.4,23.3,28.3,64.5,23.74,2.8,5.771754322,,
2012,2,11,35.3,23.4,28.9,65.5,22.99,2.6,5.642160987,,
2012,2,12,34.9,25.6,29.4,65,23.06,3.1,5.972028635,,
2012,2,13,35.3,24.5,28.9,70.2,23.3,2.1,5.392051909,,
2012,2,14,35.2,23.3,28.1,72.4,22.97,1.9,5.134287565,,
2012,2,15,34.5,23,27.8,73.2,22.38,1.9,4.946564758,,
2012,2,16,34.2,24.1,28.2,75.7,21.22,1.7,4.678346723,,
2012,2,17,34.6,22.8,27.7,79.1,21.02,1.8,4.549493992,,
2012,2,18,33.7,23.9,26.5,84.6,16.4,1.6,3.569446493,,
2012,2,19,33.7,23.7,26.9,83.2,22.04,1.5,4.519174816,,
2012,2,20,33.6,24.5,28,79.4,19.25,1.3,4.160488456,,
2012,2,21,34.1,24.1,28,77.8,21.17,1.5,4.563893913,,
2012,2,22,34.1,24.1,27.6,82.9,19.47,1.5,4.164563014,,
2012,2,23,33.6,24.4,28.2,79.6,22.91,1.6,4.816182791,,
2012,2,24,35.1,25.2,28.2,80.7,18.93,1.7,4.276140728,,
2012,2,25,33.6,25.2,27.9,84,17.71,1.3,3.835964407,,
2012,2,26,35,23.9,28.9,77,23.64,1.4,5.043232163,,
2012,2,27,33.6,24.2,27.8,81.9,20.04,1.6,4.277261293,,
2012,2,28,34,24.3,27.3,84.3,23.15,1.8,4.757812336,,
2012,2,29,33.5,23.5,25.9,87.8,15.02,1.5,3.205739091,,
2012,3,1,33.9,23.6,27.6,80.7,22.95,1.4,4.738964613,,
2012,3,2,32.8,24.3,27.3,83,18.54,1.8,3.977312933,,
2012,3,3,29.2,24.5,26.1,85.9,6.67,1.4,1.826480613,,
2012,3,4,31.6,23.9,27.2,82.8,19.69,1.5,4.051985262,,
2012,3,5,33.1,24.3,27.5,84,23.44,1.8,4.762956308,,
2012,3,6,33.1,24.7,27.1,86.2,18.49,1.5,3.875191588,,
2012,3,7,34.1,23.2,26.8,85,20.87,1.7,4.306456849,,
2012,3,8,30.4,24.5,26,88.9,13.69,1.9,2.902345058,,
2012,3,9,32.6,24.1,27.5,80.4,24.59,1.9,5.000866765,,
2012,3,10,31.5,24.3,27.4,84.6,20.87,1.7,4.23318913,,
2012,3,11,34.5,24.8,29.2,72.4,25.36,2,5.570674912,,
2012,3,12,33.1,24.2,27.1,80.7,15.36,1.7,3.529750047,,
2012,3,13,33.5,23.6,27.7,79.8,17.13,1.7,3.850739741,,
2012,3,14,34.2,24.6,28.8,76.3,23.36,1.6,5.021673842,,
2012,3,15,33.9,24.1,28.5,72.6,23.51,2.2,5.236375049,,
2012,3,16,34.4,24.2,28.6,75,24.19,1.5,5.14547922,,
2012,3,17,34.4,24.3,28.1,77.3,21.2,1.6,4.632417457,,
2012,3,18,33.8,23.8,28.4,78,19,1.2,4.11838372,,
2012,3,19,34.7,24.1,28.2,75.9,24.93,1.5,5.256326792,,
2012,3,20,32.9,24.3,27.5,81.6,16.28,1.4,3.595353512,,
2012,3,21,33.4,24.7,28.5,79.2,23.12,1.6,4.867595671,,
2012,3,22,33.1,25,28.6,78.6,24.85,1.6,5.156016795,,
2012,3,23,33.2,24.8,28.8,77.4,24.35,1.5,5.081926445,,
2012,3,24,33,25.3,28.8,77.8,21.69,2,4.750637533,,
2012,3,25,35.2,23.9,27.4,79.8,19.94,1.7,4.407235949,,
2012,3,26,35,24.4,27.8,81.7,23.58,1.3,4.925485435,,
2012,3,27,31.6,24.9,27.1,83.3,10.93,1.6,2.683889674,,
2012,3,28,32,24.5,27.2,84.1,20.97,1.5,4.271224542,,
2012,3,29,32.7,24.5,28.1,82.4,22.65,1.4,4.642513226,,
2012,3,30,32.4,25.5,28.5,80,20.27,1.5,4.340765718,,
2012,3,31,32,25.6,27.8,81.6,15.71,2.1,3.636370424,,
2012,4,1,33.9,24.9,28.1,77.6,21.53,1.7,4.692494883,,
2012,4,2,34.1,23.3,26.4,87.3,16.02,1,3.378611281,,
2012,4,3,32.5,23.3,26.1,88.6,20.25,1.3,4.000004903,,
2012,4,4,32.4,23.1,27.4,84.4,24.48,2,4.83031581,,
2012,4,5,32.3,23.5,27.5,84,26.52,2,5.174587958,,
2012,4,6,33.1,23.7,26.1,88.8,16.54,1.3,3.41630812,,
2012,4,7,34.9,23.9,28.1,79.8,25.66,1.8,5.360299981,,
2012,4,8,34.7,24.4,28.5,77.1,25.08,2.1,5.406163043,,
2012,4,9,33.1,24.7,27.5,84.1,22.79,1.5,4.650517734,,
2012,4,10,31.7,24.6,27.1,86.3,19.93,1.5,4.041203512,,
2012,4,11,33.1,24.7,28.1,83,25.91,1.7,5.225886587,,
2012,4,12,33.3,23.6,27.5,84.9,19.11,2.2,4.057093833,,
2012,4,13,32.5,23.7,27.7,83.5,24.92,1.8,4.95848386,,
2012,4,14,33.4,25.4,28.2,85.1,21.02,1.6,4.412658561,,
2012,4,15,33,23.9,27.8,84.6,23.76,1.7,4.787946096,,
2012,4,16,32.7,25.4,28.7,84.3,23.45,1.8,4.828906559,,
2012,4,17,32.7,25.3,28.9,82.5,25.08,2.2,5.168021827,,
2012,4,18,32.7,24.8,28.6,83.5,24.27,1.9,4.957881393,,
2012,4,19,31.3,24.8,27.2,87.9,17.65,1.9,3.637313781,,
2012,4,20,33.1,24.8,28.2,84.3,25.38,1.8,5.125787361,,
2012,4,21,32,24.4,28,85.1,23.01,2.5,4.646315014,,
2012,4,22,33,25.4,28.9,83.8,23.22,2,4.841630257,,
2012,4,23,33.1,24.8,28.8,84.8,25.88,1.8,5.227800683,,
2012,4,24,32.9,25.1,28.9,81.1,24.75,2,5.140695956,,
2012,4,25,31.9,25.1,27.5,86.6,17.12,1.7,3.624278928,,
2012,4,26,32.4,25,28.2,84.7,24.77,2.6,4.998901143,,
2012,4,27,32.3,25.5,28.6,83.9,20.08,2,4.276121593,,
2012,4,28,32.1,25.1,28,85,14.54,1.9,3.293504764,,
2012,4,29,31.3,25.3,27.7,87,10.87,1.4,2.542791412,,
2012,4,30,32,23.8,27.7,85.1,14.14,1.3,3.109440107,,
2012,5,1,33.2,25.4,29.1,83.3,24.12,1.9,5.018363237,,
2012,5,2,30.9,25.5,27.8,86,15.17,2.2,3.348477774,,
2012,5,3,31.6,25.3,27.6,86.7,13.7,2,3.087322736,,
2012,5,4,30.7,25.9,27.7,86.9,11.96,2.2,2.808625662,,
2012,5,5,32,25,27.3,87.1,18.46,1.8,3.828750099,,
2012,5,6,32.7,25.4,27.6,87.2,16.41,1.7,3.534971316,,
2012,5,7,32.3,23.1,27.6,82.8,23.62,1.9,4.733867565,,
2012,5,8,31.6,25.6,28.2,85.9,14.89,1.1,3.237090947,,
2012,5,9,33.5,25,29,81.2,24.73,2,5.177337436,,
2012,5,10,33.5,25.3,29.2,81,24.77,2,5.210485581,,
2012,5,11,32.9,25.4,29.2,80.9,24.04,1.8,5.033901074,,
2012,5,12,32,24,28.4,82.4,20.27,1.9,4.260834478,,
2012,5,13,32,23.1,27.7,84.5,20.65,1.8,4.204168634,,
2012,5,14,32.4,25.5,28.6,84.6,17.93,2.2,3.92801846,,
2012,5,15,31.8,24.6,28.1,85.8,15.42,2,3.395382398,,
2012,5,16,31.9,23.5,27,88.9,13.28,1.8,2.884046612,,
2012,5,17,31.8,24.9,27.8,85.3,18.04,2.2,3.84729684,,
2012,5,18,32.4,26,29.1,82,19.73,2,4.31536107,,
2012,5,19,32.6,25.5,29,81,19.4,1.7,4.234620638,,
2012,5,20,33.7,25.6,29.6,80,24.35,1.7,5.170124115,,
2012,5,21,32.5,25.6,29.2,81.2,22.48,2.2,4.799913593,,
2012,5,22,32.7,25.9,29.2,81,24.37,2.3,5.147449132,,
2012,5,23,32,25.4,28.1,83.4,16.38,2.3,3.701909219,,
2012,5,24,30.8,23.5,26,89.5,12.6,1.9,2.703212482,,
2012,5,25,30.6,23.9,26.3,88.7,11.41,1.6,2.533527502,,
2012,5,26,32.4,24.2,28.2,82,23.45,1.5,4.764708422,,
2012,5,27,32.7,24.9,27.2,82.8,20.03,2,4.25738976,,
2012,5,28,32.8,24.8,27.2,83.6,19.82,2,4.200253081,,
2012,5,29,33.1,24.5,28.4,81.5,20.66,1.4,4.361368642,,
2012,5,30,32.8,25.8,29,83.1,23.2,1.5,4.826425668,,
2012,5,31,31.7,25.9,28.2,84.2,15.63,1.5,3.455901931,,
2012,6,1,31.5,25.7,28,86.5,14.48,1.5,3.189577592,,
2012,6,2,32.1,25.6,28.4,83.2,16.24,1.6,3.608171189,,
2012,6,3,32.8,25.5,29.1,82.4,23.7,1.6,4.922594689,,
2012,6,4,32.6,26.4,29.2,82.3,19.94,1.6,4.320417058,,
2012,6,5,32.3,26.4,28.7,84.3,16.54,1.8,3.695282324,,
2012,6,6,32.1,24.7,28.8,80.6,19.57,3.6,4.469065052,,
2012,6,7,31.5,23.9,27.1,86,14.54,2.5,3.24059336,,
2012,6,8,32.9,23.8,28,83.2,22.15,2.4,4.610061354,,
2012,6,9,32.5,24,27.8,85.3,14.54,1.2,3.183263543,,
2012,6,10,32.6,25.9,28.5,79.8,21.95,2.1,4.743562671,,
2012,6,11,32.9,25.2,28.8,80.4,20.91,1.3,4.432452841,,
2012,6,12,34,25.2,28.9,80.4,21.35,1.5,4.60661915,,
2012,6,13,33.3,25.7,29.4,81.2,23.18,1.4,4.884121648,,
2012,6,14,32.1,25.9,28.8,83.6,20.4,1.6,4.311501382,,
2012,6,15,31.9,24.6,28.1,83.2,23.78,1.5,4.780533285,,
2012,6,16,31.9,24.3,28,82.6,22.82,1.7,4.634910152,,
2012,6,17,32.6,25.2,28.5,83.7,18.69,1.7,4.026213812,,
2012,6,18,33.1,26,28.6,83.2,19.66,1.4,4.221350802,,
2012,6,19,32.7,25,28.5,83.5,21.09,1.6,4.416915354,,
2012,6,20,33.5,25.7,29,82,20.84,1.5,4.482504853,,
2012,6,21,33.4,25.9,28.9,80.8,21.9,1.8,4.727144467,,
2012,6,22,33.4,25.2,28.9,80,22.58,1.5,4.78263074,,
2012,6,23,32,25.5,27.7,84.8,21.02,2.3,4.371414837,,
2012,6,24,32.2,24.6,28.3,83.4,20.62,1.5,4.283571425,,
2012,6,25,32.4,25.5,28.8,82,19.86,1.4,4.230214692,,
2012,6,26,32.6,25.4,28.6,82.9,21.35,1.7,4.495516511,,
2012,6,27,31.9,24.9,28.3,81.8,22.57,1.5,4.626179368,,
2012,6,28,31.9,24.4,27.9,83,19.53,1.6,4.088124189,,
2012,6,29,32.1,24.3,28.3,82.1,24.46,1.7,4.932714173,,
2012,6,30,32.2,25.4,28.4,82.3,18.42,1.5,3.973061454,,
2012,7,1,32.5,25.1,28.5,82.3,15.65,1.5,3.521806952,,
2012,7,2,29.3,24.4,26.3,86.2,10.5,1.9,2.481849102,,
2012,7,3,31.4,23.1,25,90.2,11.88,1.7,2.54156402,,
2012,7,4,27.8,23,24.4,93.7,8.4,1.7,1.812303975,,
2012,7,5,30.9,23.1,25.7,89.5,15.15,1.7,3.07939121,,
2012,7,6,31.8,23.9,27.1,86.2,21.05,1.4,4.204896509,,
2012,7,7,30.9,24.1,27.2,86,17.94,1.7,3.690989432,,
2012,7,8,30.4,23.1,26.2,87.4,18.32,1.8,3.631709535,,
2012,7,9,31.3,23.1,25.5,87.1,15.23,1.7,3.171955597,,
2012,7,10,31.3,23.2,26.6,84.8,21.57,1.6,4.253588213,,
2012,7,11,28.4,22.7,25.8,88.9,11.99,2,2.552935537,,
2012,7,12,32,24.2,27.7,82.9,20.9,1.1,4.251480892,,
2012,7,13,33.7,25,28.7,80.7,23.27,1.6,4.90340467,,
2012,7,14,29.5,24.2,26.8,87.2,11.1,1.7,2.527921546,,
2012,7,15,32,24.3,27.4,85.8,19.74,1.8,4.053273778,,
2012,7,16,32.1,24.4,27.8,83.8,23.47,1.9,4.732402625,,
2012,7,17,31.2,24.2,26.9,87.1,21.45,1.9,4.228193865,,
2012,7,18,31.5,24,27.1,86.1,18.54,1.6,3.798175127,,
2012,7,19,29.1,22.8,25.3,89.8,10.64,1.4,2.297617605,,
2012,7,20,31.7,24.1,27.4,85.1,21.31,1.1,4.265777158,,
2012,7,21,32.4,24.4,28.2,83.3,22.62,1.6,4.622066369,,
2012,7,22,31.8,23.3,27.7,86.9,18.38,1.4,3.761047205,,
2012,7,23,31.7,25.7,28.2,85.5,17.5,1.5,3.731242938,,
2012,7,24,31.1,23.9,26.7,84.8,17.28,3,3.716449732,,
2012,7,25,33.6,24.1,27.8,82,20.64,1.3,4.328615062,,
2012,7,26,32.4,24.7,28.4,83.3,18.75,1.4,3.981943955,,
2012,7,27,33.3,25.1,28.5,83.8,20.8,1.4,4.380418048,,
2012,7,28,30.8,24.7,27.9,86.7,13.19,1.3,2.90469,,
2012,7,29,33.2,25.5,28.5,83.3,18.7,1.2,4.014421674,,
2012,7,30,31.8,25,28,84.2,16.26,1.2,3.496126085,,
2012,7,31,32.7,25,27.9,84.9,17.91,1.6,3.836327295,,
2012,8,1,32.1,24.3,27.8,85.1,19.56,1.7,4.055936835,,
2012,8,2,32.2,25.2,27.8,85.6,15.57,1.8,3.432651498,,
2012,8,3,32.7,25.1,28.1,86.1,19.11,1.2,3.992795884,,
2012,8,4,32.3,24.1,28.1,81.6,25.07,1.9,5.051963321,,
2012,8,5,32.4,24.5,28,82.3,23.81,1.5,4.82171254,,
2012,8,6,32.4,24.5,28.2,81.9,24.91,1.8,5.04040678,,
2012,8,7,32,23,27.8,84.7,23.29,1.9,4.622000334,,
2012,8,8,32.1,25,28.3,84.5,22.09,1.5,4.515486699,,
2012,8,9,32.8,25.5,28.1,82.6,18.03,1.6,3.940168263,,
2012,8,10,32.3,25.8,28.4,82.2,19.62,1.7,4.219397039,,
2012,8,11,33.2,25.3,28.7,81.8,21.7,1.6,4.600884077,,
2012,8,12,33.3,24.9,28.7,82.7,18.19,1.3,3.943676049,,
2012,8,13,32.3,24.3,27.9,80.9,23.13,1.7,4.740354977,,
2012,8,14,32.7,26.2,28.7,82.5,22.53,1.7,4.742206261,,
2012,8,15,32.7,24.4,28.5,81.1,25.39,1.6,5.144853365,,
2012,8,16,32.7,24.5,28,82.1,21.81,1.6,4.52733932,,
2012,8,17,30.1,24.2,25.9,88.4,9.16,1.3,2.142444831,,
2012,8,18,32.4,22.7,26.8,84,18.9,1.5,3.89002336,,
2012,8,19,33.1,23.6,28,81.1,23.65,1.6,4.835778337,,
2012,8,20,32.4,23.6,27.2,84.3,18.19,1.7,3.828698684,,
2012,8,21,31.7,24.6,27.4,84.1,21.09,1.6,4.293892872,,
2012,8,22,31.8,23.9,26.7,86.8,20.92,2.6,4.178423095,,
2012,8,23,30.2,23.2,26.3,87,18.27,2.1,3.642321474,,
2012,8,24,31,23.5,25.2,92.1,11.05,1.9,2.351294319,,
2012,8,25,31.6,23.2,26.7,86.2,20.6,1.4,4.083355028,,
2012,8,26,31.2,24.2,27,86.2,14.69,1.3,3.140267491,,
2012,8,27,29.6,23.9,25.4,90.1,13.09,1.7,2.710410799,,
2012,8,28,27.9,22.8,24.5,89.8,9.58,2.3,2.150822291,,
2012,8,29,31.5,22.8,26.6,85.7,17.35,1,3.523074713,,
2012,8,30,32.9,24.3,28.1,83.1,23.81,1.3,4.821554045,,
2012,8,31,32.9,24.4,28.2,81.4,23.23,1.4,4.765632878,,
2012,9,1,33,25.8,28.6,81.5,22.42,1.6,4.731152232,,
2012,9,2,33.1,24.9,28.6,83.5,21.31,1.4,4.457939415,,
2012,9,3,33.5,25.3,28.8,81.1,20.64,1.2,4.397288603,,
2012,9,4,33.1,23.8,28.2,81,23.85,1.7,4.896943774,,
2012,9,5,31.5,24.2,26.4,90.4,10.36,1.9,2.356401129,,
2012,9,6,28.2,23.1,25.3,92.1,8.49,1.5,1.896977468,,
2012,9,7,32.1,24.1,27.7,84,19.05,1.2,3.942490632,,
2012,9,8,32.9,22.7,25.5,91.1,9.76,1.1,2.178679582,,
2012,9,9,32.4,22.6,27.1,83,25.74,1.5,5.006090355,,
2012,9,10,33,24.8,27.8,82.4,21.44,1.8,4.504911332,,
2012,9,11,30,23.7,26.2,87.1,15.22,2.2,3.189165509,,
2012,9,12,31.7,23,27.1,85,17.97,1.8,3.729904556,,
2012,9,13,29.2,22.7,24.4,93.9,7.21,2,1.642867939,,
2012,9,14,31.1,23.9,25.6,90.9,12.62,1.7,2.656002075,,
2012,9,15,31.6,23.7,26,89.1,15.61,1.6,3.208158979,,
2012,9,16,31,23.7,26.3,88.2,12.37,0.9,2.65070669,,
2012,9,17,33.9,23.4,28.1,80.6,23.76,1.3,4.873444981,,
2012,9,18,32.5,25.1,28.3,84.3,20.81,1.6,4.338717,,
2012,9,19,31,24.4,27.5,84,17.3,1.6,3.653451241,,
2012,9,20,31.1,23.7,26.6,86.7,15.25,1.8,3.233094497,,
2012,9,21,32.1,23.8,27.6,82.1,24.03,1.9,4.829800652,,
2012,9,22,31.2,23.6,27,83.5,21.83,2.2,4.386978211,,
2012,9,23,32.1,24.7,27.9,82.6,23.11,1.8,4.713408284,,
2012,9,24,30.4,24.9,26.3,90.4,9.87,1.3,2.226267879,,
2012,9,25,31.2,24.4,25.7,92.1,12.54,1.6,2.617023398,,
2012,9,26,29.6,23.2,25,94.3,7.35,1.6,1.662942598,,
2012,9,27,30.8,23.4,26,89.8,14.25,1.5,2.9370525,,
2012,9,28,30.7,23.7,25.6,90.5,11.33,1.5,2.443841949,,
2012,9,29,31.8,24.1,27.5,84.6,18.43,1.1,3.801061708,,
2012,9,30,32.3,24.4,28.2,81.9,23.86,1.4,4.825705663,,
2012,10,1,31.8,24.4,27.9,82.1,18.23,1.3,3.852035209,,
2012,10,2,32.7,24.7,28,83.8,20.34,1.5,4.248154622,,
2012,10,3,32.5,25.1,28.2,83.6,21.71,1.7,4.506816072,,
2012,10,4,31.2,24.8,26.9,87.9,14.26,1.4,3.049864614,,
2012,10,5,29.4,22.3,26.1,87.4,17.35,1.9,3.422330797,,
2012,10,6,31.5,24.6,27.7,84.4,18.43,1.7,3.868434935,,
2012,10,7,28.7,24,25.7,90.2,7.58,1.3,1.818533354,,
2012,10,8,30.6,23.5,26.7,85.3,15.19,1.8,3.245374355,,
2012,10,9,32.3,24.1,27.9,84.8,22.79,1.7,4.595178678,,
2012,10,10,34.1,23.2,26.7,88.6,17.95,1.4,3.713586161,,
2012,10,11,32,23.4,26.7,89.9,15.8,1.4,3.245838228,,
2012,10,12,32.4,24.1,27.3,88.1,22.08,0.9,4.396970062,,
2012,10,13,32.4,23,26.7,89.8,18.01,1.5,3.618539302,,
2012,10,14,31.1,24,26.9,87.9,20.12,1.1,3.983496036,,
2012,10,15,31.8,24.7,27.3,88.8,18,1.6,3.6844875,,
2012,10,16,31.9,23.9,26.4,90.3,12.39,1.3,2.664903826,,
2012,10,17,33.2,23.4,27,88.6,22.13,1.4,4.392788968,,
2012,10,18,31.6,23.9,27.2,86.3,18.16,1.5,3.731731172,,
2012,10,19,31.5,24.6,27.1,85.5,13.36,1.8,3.021858934,,
2012,10,20,33,23.8,27.6,83.6,19.65,1.9,4.151858487,,
2012,10,21,31.1,24.6,26.7,89.8,11.51,1,2.512543218,,
2012,10,22,29.2,24.7,26.4,87.3,9.89,1.6,2.320920204,,
2012,10,23,31.4,23.2,26.9,86.1,16.5,1.6,3.439954019,,
2012,10,24,31.8,24.4,27.7,86.8,17.73,1.7,3.700562982,,
2012,10,25,34,24.3,27.4,87,17.1,1.7,3.67655192,,
2012,10,26,33.3,24.5,27.3,88.1,21.18,1.6,4.296043785,,
2012,10,27,34,23.6,28.1,82.8,23.7,1.5,4.866762437,,
2012,10,28,34.2,24,28.6,79.8,25.68,1.7,5.32065812,,
2012,10,29,34.9,24.5,28.4,82.6,23.06,1.6,4.879432581,,
2012,10,30,34.7,24.7,28.2,85.4,18.86,1.4,4.066213417,,
2012,10,31,33.4,24.8,27.3,88.7,16.92,1,3.553873625,,
2012,11,1,33.4,23.9,28,85.5,19.32,1.2,4.031707959,,
2012,11,2,34.2,24.8,28.7,82.7,21.71,1.6,4.625863208,,
2012,11,3,33.1,24.5,27.5,88.3,18.42,1.1,3.813509396,,
2012,11,4,33,24.5,26.7,91.1,16.57,1.5,3.405221841,,
2012,11,5,30.7,24.2,26.4,91.2,12.75,1.3,2.678883718,,
2012,11,6,33.7,24.4,28.2,84,20.55,1.4,4.321185241,,
2012,11,7,34,24.3,28.9,80.7,22.99,1.7,4.869475505,,
2012,11,8,33.4,25,27.6,86.8,17.75,1.6,3.783378496,,
2012,11,9,33.5,25.2,28,87.1,16.08,1,3.466181728,,
2012,11,10,33.7,25.1,27.7,88.8,21.46,1.4,4.390693759,,
2012,11,11,32.1,24.4,26.8,89.7,14.79,1.4,3.110512993,,
2012,11,12,33.4,24.3,27.3,88.6,18.85,1.2,3.884817633,,
2012,11,13,33.9,24.5,28.8,82.8,23.37,1.9,4.903261189,,
2012,11,14,34.1,24.9,28.7,85.2,21.28,1.7,4.502894003,,
2012,11,15,33.7,24.7,29,83.7,22.01,1.2,4.600275483,,
2012,11,16,34.6,23.9,28.9,84.2,24.5,1.6,5.071772674,,
2012,11,17,33.3,25.4,28.2,87.9,17.1,1.2,3.651210947,,
2012,11,18,33.2,25.3,27.5,89.6,17.77,1.4,3.70713585,,
2012,11,19,31.8,24.8,26.7,91.9,11.92,1.5,2.568979916,,
2012,11,20,32.3,24,26.9,90.1,22.19,1.5,4.336863541,,
2012,11,21,32.7,23.9,27.1,89.2,15.63,1.4,3.282822197,,
2012,11,22,33.7,24.4,27.9,88.8,19.94,1.4,4.113751951,,
2012,11,23,32.3,24.7,26.8,92.8,12.53,1,2.663054425,,
2012,11,24,31.4,23.6,25.1,94.5,11.06,1.4,2.281547814,,
2012,11,25,31.6,23.1,26.3,91.5,19.05,1.3,3.71447409,,
2012,11,26,32.3,23.8,26.7,90.3,18.22,1.1,3.666086793,,
2012,11,27,32.3,24.4,26.9,91.3,16.28,1.3,3.335139076,,
2012,11,28,32.6,24.7,27,91.5,16.92,1.2,3.464952593,,
2012,11,29,33.6,24.1,27,91.1,20.49,1.5,4.101613379,,
2012,11,30,32.1,24.3,27.5,90.1,16.63,1.1,3.433212865,,
2012,12,1,33.8,23.7,26.4,92.4,15,1.6,3.1001155,,
2012,12,2,32.5,23.5,26.3,91.8,15.91,1.5,3.220758146,,
2012,12,3,33.4,24.1,28.2,83,22.78,1.9,4.72878886,,
2012,12,4,33.3,23.7,28.2,82.3,21.18,1.8,4.456590503,,
2012,12,5,32.6,23.8,27.9,84.9,17.58,1.4,3.723101532,,
2012,12,6,33.4,24.5,28.1,82.2,16.82,1.5,3.731583452,,
2012,12,7,34.4,25.1,28.6,82,20.95,1.9,4.573686269,,
2012,12,8,34.6,24.1,28.4,83.9,22.08,1.6,4.651147879,,
2012,12,9,33.1,22.9,26.9,89.7,19.88,1.7,3.962251952,,
2012,12,10,31,23.7,26.1,90.7,15.62,1.1,3.151689897,,
2012,12,11,31.8,23.9,26.1,92.2,18.72,1,3.68588365,,
2012,12,12,32.7,24,27.4,87.1,21.81,1.3,4.376650272,,
2012,12,13,33,24.5,27.8,83.8,16.2,1.8,3.605809309,,
2012,12,14,31.8,24.4,26.7,88.7,14.7,1.7,3.122238026,,
2012,12,15,32.6,24.7,27.3,87.9,16.87,1.4,3.543782918,,
2012,12,16,30.8,23.7,27.1,85.3,13.38,1.7,2.974570195,,
2012,12,17,28.3,24.5,26.4,87.6,8.71,1.9,2.141464432,,
2012,12,18,32.7,24,27.4,86.6,16.63,2,3.565682217,,
2012,12,19,31.8,24.2,27,85.5,14.6,2.3,3.271194489,,
2012,12,20,30.6,23.5,26.7,86.7,14.8,2.2,3.171456968,,
2012,12,21,32.9,24.7,27.3,88,15.18,2.3,3.32388422,,
2012,12,22,32.4,24.3,26.7,89,14.64,1.8,3.126246931,,
2012,12,23,32.9,24.1,27,86.3,16.92,2.6,3.667415086,,
2012,12,24,29.8,24.1,26.2,85.9,8.93,2.6,2.358462982,,
2012,12,25,31.4,24.7,27.7,83.6,13.49,2,3.144341448,,
2012,12,26,31.1,24.1,27.2,86.5,20.31,2.8,4.091441061,,
2012,12,27,32.3,25.1,28,83.6,15.94,2.4,3.640305855,,
2012,12,28,33.9,23.3,28.4,82.6,21.74,2.4,4.628858676,,
2012,12,29,33.7,23.1,28.2,84.3,21.89,1.9,4.532186602,,
2012,12,30,30.9,24.5,26.9,90.2,13.85,1.4,2.911560987,,
2012,12,31,27.3,23.7,24.9,94,4.81,2,1.282045126,,
2013,1,1,29.3,23.6,26,86.3,10.4,2.1,2.466803786,,
2013,1,2,31.2,24.2,26.7,87,11.64,1.7,2.66204956,,
2013,1,3,26.7,24.4,25.3,93.1,4.41,0.8,1.198256694,,
2013,1,4,32.9,23.9,27.8,81.6,19.8,2.4,4.304350051,,
2013,1,5,32.9,24.5,27.7,84.5,23.12,1.6,4.692558401,,
2013,1,6,32.8,23.7,27.7,84.3,16.36,1.4,3.533676396,,
2013,1,7,31.8,24.5,27.6,84.5,13.73,1.1,3.031304371,,
2013,1,8,30.8,24.9,27.7,85.9,11,1,2.517729105,,
2013,1,9,29.5,25.2,26.7,88.1,8.3,1.2,2.014795805,,
2013,1,10,32.5,23.7,27.4,87.8,20.51,1.1,4.126700229,,
2013,1,11,33.7,23.8,28.1,82.5,21.53,1.5,4.499864653,,
2013,1,12,33.6,23.5,27.8,84.5,22.39,1.3,4.564341599,,
2013,1,13,32.8,23,27.1,84,22.75,1.5,4.549679882,,
2013,1,14,33.7,23.2,27.8,81.2,20.92,1.6,4.408213681,,
2013,1,15,33.4,22.6,27.5,81,20.43,1.4,4.256434636,,
2013,1,16,32.7,22.7,27.5,79.3,21.63,2.2,4.567689898,,
2013,1,17,32.2,22.9,27.5,74.5,21.08,2.8,4.752479781,,
2013,1,18,32.4,21.6,27,79.1,22.56,2.9,4.728203313,,
2013,1,19,32.1,24.9,27.6,76.2,16.81,2.7,4.131459303,,
2013,1,20,34,23.6,28.3,75.3,24.32,2.7,5.365200324,,
2013,1,21,33.6,24.7,28.3,77.3,19.84,2.5,4.588952261,,
2013,1,22,33.5,24.6,28.1,79,21.65,2.6,4.799008813,,
2013,1,23,34.2,24.8,28,82.5,17.4,1.2,3.814726456,,
2013,1,24,33.7,25.1,28.1,83,15.89,1.4,3.570369073,,
2013,1,25,33.1,24.3,27.9,79,18.49,2,4.156669467,,
2013,1,26,35.1,22.5,27.8,75.8,24.25,1.7,5.148501192,,
2013,1,27,34.7,22.5,27.7,77.4,23.34,1.7,4.935753278,,
2013,1,28,34.1,22.3,28,73.2,24.81,2.6,5.432841863,,
2013,1,29,33.7,22.3,28,73.3,22.33,2.5,5.008360477,,
2013,1,30,34.3,25.1,28.7,71.2,21.42,2.7,5.216537605,,
2013,1,31,35.5,23.5,28.1,78.2,22.17,2.3,4.963768344,,
2013,2,1,35.1,25.5,29.1,72.4,22.78,3,5.557222746,,
2013,2,2,34.1,22.3,28.4,71.1,24.76,3.1,5.64082626,,
2013,2,3,31.8,25.4,27.8,79.1,14.17,2.3,3.520238923,,
2013,2,4,34.2,25.6,28.9,75.3,18.71,2.5,4.590174302,,
2013,2,5,35.5,25.7,29.7,71.5,23.49,2.3,5.540493874,,
2013,2,6,34.7,24.6,29.1,72.2,24.09,2.3,5.470995366,,
2013,2,7,33.5,24.4,27.3,85.3,15.25,1.1,3.321254047,,
2013,2,8,33.1,23.6,27.6,85.4,16.52,1.2,3.522511318,,
2013,2,9,34.9,23.7,28.9,74.1,20.07,2.5,4.815214833,,
2013,2,10,35.1,23.5,28.7,70.5,23.62,3.1,5.682336485,,
2013,2,11,34.8,24.6,29.1,67.8,25.13,3.1,6.059055992,,
2013,2,12,29.6,25.2,26.7,83.2,9.94,2.1,2.572279702,,
2013,2,13,34.2,23.6,28.4,77.9,19.25,2.5,4.471795061,,
2013,2,14,35.1,24.4,29.1,72.6,22.48,2.4,5.265202504,,
2013,2,15,35.7,23.5,27.7,81,21.64,1.5,4.650075911,,
2013,2,16,34,24.6,28.8,73,19,2.7,4.726765894,,
2013,2,17,34.6,22.8,26.8,83.3,15.35,1.5,3.43992737,,
2013,2,18,34,23.7,27.9,78.4,24.9,2,5.21511711,,
2013,2,19,34.1,22.9,27.9,77.2,22.8,1.9,4.873738837,,
2013,2,20,35.2,23.3,28.2,75.3,25.09,2,5.418069795,,
2013,2,21,33.6,23,28.1,73.3,23.05,2.3,5.087897879,,
2013,2,22,32.2,22.6,27.1,77.1,13.92,1.6,3.299365613,,
2013,2,23,32.8,24.3,27.7,77,14.83,2.2,3.693503677,,
2013,2,24,29.8,23.7,26.3,87.6,9.8,1.2,2.248719484,,
2013,2,25,28.9,24.2,25.5,92.3,7.87,1.5,1.816520144,,
2013,2,26,25.1,23.6,24.3,94,3.55,1.6,1.070007671,,
2013,2,27,32.6,23.3,27.3,83.5,17.76,1.5,3.761155914,,
2013,2,28,34.1,24.8,27.4,87.2,15.5,1.6,3.410042665,,
2013,3,1,34.4,24.9,27.8,87.2,19.65,1.4,4.141742261,,
2013,3,2,34.2,24.6,28.1,85.6,18.1,1.3,3.8896126,,
2013,3,3,34.3,24.2,28,82.4,19.25,1.5,4.166164738,,
2013,3,4,34.4,23.5,28.7,72.1,23.96,2.8,5.503050238,,
2013,3,5,33.7,24.4,28.5,72.1,22.94,3.1,5.417308391,,
2013,3,6,34.5,23.3,28.4,72.8,23.23,2.7,5.33661513,,
2013,3,7,33.5,25.5,28.5,77.9,16.27,1.9,3.894537303,,
2013,3,8,34.5,24.7,29.4,73.3,22.26,2.3,5.144667005,,
2013,3,9,34.9,23.8,28.7,77.9,19.58,1.4,4.335327563,,
2013,3,10,34.1,24,28.4,81.1,18.47,1.6,4.076793348,,
2013,3,11,36,24.1,29,77.8,22.96,1.6,5.045061674,,
2013,3,12,35.4,23.6,28.7,77.7,22.06,1.9,4.889925709,,
2013,3,13,36,24,29.1,76.2,24.55,2,5.434982313,,
2013,3,14,35.6,23.2,28.5,76,23.57,2,5.196654556,,
2013,3,15,35.2,23.5,27.9,81.2,21.85,1.7,4.685560514,,
2013,3,16,35.1,24.5,27,87.6,19.03,1.5,4.021654522,,
2013,3,17,34.7,23.9,28.6,80.4,26.72,1.9,5.537294944,,
2013,3,18,34.3,24,28.7,81.7,23.8,1.7,4.984197056,,
2013,3,19,35.7,24.2,28.9,78.8,24.51,1.9,5.318345966,,
2013,3,20,35.8,22.8,28.5,73.3,27.23,1.7,5.765464579,,
2013,3,21,35.5,23.9,28.6,77.9,23.77,1.6,5.119674001,,
2013,3,22,33.9,25,27.6,84.8,19.32,1.5,4.114407421,,
2013,3,23,34.6,24.3,28.8,78.8,23.23,1.6,4.969579116,,
2013,3,24,35.9,24.2,29.4,76.8,26.4,1.7,5.673028665,,
2013,3,25,35.5,24.7,29.5,77.5,25.16,1.8,5.464419953,,
2013,3,26,35.6,25.5,29.9,75.8,21.7,1.8,4.978442635,,
2013,3,27,35.8,25.3,29.7,77.7,21.63,1.5,4.850846489,,
2013,3,28,34.6,25.6,29.5,79.7,20.13,1.7,4.521756963,,
2013,3,29,36.5,24.6,29.8,75.2,25.33,1.8,5.631650074,,
2013,3,30,36.7,25.1,30.2,73.5,25.7,2,5.839061978,,
2013,3,31,36.3,25,29.8,74.7,20.64,1.8,4.858389505,,
2013,4,1,37.3,25.4,29.3,78.5,23.24,1.9,5.311245913,,
2013,4,2,35.6,24.8,28.3,83.3,20.64,1.6,4.50260583,,
2013,4,3,33.4,25.3,28.1,86.1,20.35,1.5,4.263434131,,
2013,4,4,33.4,25.1,28.5,83.9,19.34,1.8,4.177905699,,
2013,4,5,32.3,25.6,28.4,85.8,17.38,2.4,3.803643175,,
2013,4,6,32.8,26,28.6,82.8,15.36,2.9,3.723855188,,
2013,4,7,33.9,25,28.8,79.3,21.32,2.2,4.731876319,,
2013,4,8,34.3,25.4,29.5,77.6,19.08,1.9,4.41841583,,
2013,4,9,33.9,24.6,28.9,82.3,16.83,1.4,3.760565089,,
2013,4,10,33.7,24.7,26.9,88.5,14.84,1.3,3.206490244,,
2013,4,11,33.7,24.2,27.2,86.9,19.05,1.3,3.959824422,,
2013,4,12,33.2,24.4,28.4,78.4,22.18,2.7,4.89485325,,
2013,4,13,32.8,25.3,28.4,84.1,13.35,1.2,3.05708881,,
2013,4,14,33.1,25.8,28.5,83.9,16.75,1.6,3.727972648,,
2013,4,15,35.7,25.6,28.9,82.1,24.67,2,5.334822674,,
2013,4,16,34.2,24.8,29.3,79.8,25.36,2,5.370051644,,
2013,4,17,28.3,23.9,25.9,91.5,6.71,1.5,1.657310135,,
2013,4,18,32.7,24,28.4,85.2,24.71,1.6,4.943721264,,
2013,4,19,33.1,26.2,29.4,83.5,23.76,1.9,4.994752367,,
2013,4,20,33.1,25.3,29.3,81.2,25.37,1.5,5.232135086,,
2013,4,21,32.5,25.7,28.2,83.9,16.15,1.8,3.617434574,,
2013,4,22,33.9,24.8,29,82.2,22.62,1.5,4.771236059,,
2013,4,23,34.8,24.2,27.9,86.3,18.25,1.8,3.951918334,,
2013,4,24,34,24.4,27.5,87.9,23.95,1.9,4.809108162,,
2013,4,25,33.3,24.2,27.8,85.9,24.08,1.7,4.8432078,,
2013,4,26,32.6,24.6,28.3,84.3,21.5,1.4,4.427041859,,
2013,4,27,31.2,25.1,27.8,86.2,22.28,1.9,4.45675244,,
2013,4,28,32.9,25.4,29.3,80.7,26.87,1.7,5.498668392,,
2013,4,29,33.8,25.6,29.1,82.3,25.69,1.9,5.354847073,,
2013,4,30,32.2,25.3,27.3,90.5,15.97,1.8,3.33202956,,
2013,5,1,32,24.6,28,87.5,21.8,2.1,4.377710363,,
2013,5,2,33,25.3,28.8,81.6,26.18,2.2,5.387776255,,
2013,5,3,32,25.3,28,84.6,17.4,2,3.78073639,,
2013,5,4,33.6,25.4,28.1,83.3,18.28,1.7,4.014840078,,
2013,5,5,33.3,25.1,27.7,86.1,18.37,1.6,3.907738938,,
2013,5,6,32,24.1,26.8,90.5,16.16,1.3,3.311044863,,
2013,5,7,33.4,24.8,27.5,86.9,20.94,1.1,4.292647541,,
2013,5,8,33.3,25.4,29,81.1,23.72,1.7,4.984683475,,
2013,5,9,34.2,25.4,28.7,82.5,23.65,1.6,4.982791038,,
2013,5,10,35.2,25.2,29.2,79.4,23.36,1.6,5.073877044,,
2013,5,11,35.3,25.7,30.3,73.4,24.31,1.7,5.432407403,,
2013,5,12,33.8,26.7,30.1,73,18.06,1.7,4.34552493,,
2013,5,13,33.6,26.1,29.9,78.1,24.06,1.7,5.183393052,,
2013,5,14,33.4,27.3,29.7,81.5,16.38,1.6,3.817076956,,
2013,5,15,33.8,27.1,30,79.6,19.75,2.1,4.560705048,,
2013,5,16,34.2,25.8,29.8,79.4,23.24,1.7,5.045708264,,
2013,5,17,32.7,26.3,28.5,83.5,13.36,1.7,3.183379821,,
2013,5,18,33.5,25.5,28.8,80.6,21.82,1.9,4.720010534,,
2013,5,19,33.7,25.4,29,79.5,22.83,1.6,4.880378522,,
2013,5,20,31.2,25,27.3,83.8,13.71,1.2,3.041874719,,
2013,5,21,32.7,25,28.8,77.7,22.66,2,4.872534704,,
2013,5,22,33.2,25.6,29.3,78,24.12,2.1,5.192201441,,
2013,5,23,33.3,26.2,29.4,78.5,20.19,2,4.563097851,,
2013,5,24,32.5,26.3,28.4,81.3,17.47,2,3.971011631,,
2013,5,25,31.9,25.1,28.2,77.5,20.13,2,4.42196214,,
2013,5,26,33.4,25.4,28.9,77.9,20.74,1.4,4.500928873,,
2013,5,27,34.1,26.4,29.8,75,25,1.6,5.419713565,,
2013,5,28,33.1,25.1,28.2,81.5,17.29,1.4,3.814087351,,
2013,5,29,33.2,25,28.8,78.4,21.93,1.6,4.698038051,,
2013,5,30,32.9,25.4,28,81.9,18.75,2.1,4.150584575,,
2013,5,31,33.5,25,28.4,79.2,20.53,2,4.535976739,,
2013,6,1,33.8,25.2,29.1,77.1,21.1,1.4,4.59585759,,
2013,6,2,29.7,24.5,26.5,88.5,9.5,1.5,2.221498054,,
2013,6,3,32.1,24.1,27.6,82.9,22.4,1.5,4.53274746,,
2013,6,4,32.3,25.1,28.4,81.6,19.99,1.6,4.254576117,,
2013,6,5,32.9,25.4,28.8,79,18.7,1.8,4.197227389,,
2013,6,6,34.2,25.3,28.2,82,17.4,1.3,3.862431599,,
2013,6,7,34.3,25.8,29.4,76.6,21.04,1.7,4.733018957,,
2013,6,8,33.4,25.5,29.4,79,23.87,1.3,5.011892033,,
2013,6,9,32.2,23.7,27.9,85.6,15.68,2.1,3.439942401,,
2013,6,10,31.3,24.3,27.6,84.4,20.56,3,4.264867034,,
2013,6,11,31.3,25.3,27.9,83.7,19.24,2.9,4.144817739,,
2013,6,12,30.6,23.7,27,86.9,13.39,2.1,2.953342754,,
2013,6,13,28.9,24,26,90.2,7.78,2,1.910586722,,
2013,6,14,32.6,24.1,28,83.4,19.88,1.5,4.155277847,,
2013,6,15,32.5,26,28.7,81,17.66,1.4,3.8994367,,
2013,6,16,30.4,24.5,26.6,88.1,9.11,1.7,2.208370273,,
2013,6,17,31.5,23.5,27.7,83.8,21.62,2.2,4.385154668,,
2013,6,18,32.1,25.5,28.7,82.6,22,2.1,4.624906294,,
2013,6,19,30.6,24.4,27.5,89,13.68,1.7,2.932446108,,
2013,6,20,32.5,25.8,28.7,83.1,20.72,1.6,4.389554111,,
2013,6,21,32.5,26.2,29,82.9,19.43,1.2,4.15240732,,
2013,6,22,32.3,26.4,29,82.3,17.71,1.3,3.878426513,,
2013,6,23,33,25.8,29.4,80.5,21.19,1.4,4.542111664,,
2013,6,24,33.8,26.4,29.4,79.8,19.3,1.2,4.25717327,,
2013,6,25,34.6,25.6,29.4,78.2,20.58,1.5,4.585789913,,
2013,6,26,32.2,25.8,28.1,80.5,19.42,1.9,4.248814411,,
2013,6,27,31,24.6,27.6,83.3,18.82,1.7,3.931448602,,
2013,6,28,31,24.8,27.9,83.5,22.97,2.1,4.626577375,,
2013,6,29,32.1,24.9,28.4,82.3,23.02,1.5,4.707028904,,
2013,6,30,32.3,24.9,28.5,83.7,23.79,1.6,4.833216937,,
2013,7,1,30.2,23.7,26.7,89,14.76,1.5,3.048849457,,
2013,7,2,31.5,23.7,26.1,87.8,17.86,1.7,3.605087239,,
2013,7,3,31.6,24.3,26.9,87.2,19.08,1.9,3.873781239,,
2013,7,4,28.3,23.4,25.7,90,13.34,2.2,2.726251066,,
2013,7,5,31.4,24.3,27.7,85.2,19.68,1.2,4.004365579,,
2013,7,6,31.8,24.7,28,85.5,18.51,1.4,3.859386636,,
2013,7,7,32.5,24.1,27.6,86.6,15.21,1.3,3.277107826,,
2013,7,8,27.9,24.6,26.1,91.3,5.95,1.2,1.526172078,,
2013,7,9,32,24,27.6,85.5,19.25,1.3,3.949125836,,
2013,7,10,31.8,22.5,27.9,86.2,22.79,1.9,4.481984141,,
2013,7,11,31.9,25,27.6,87.5,17.89,1.7,3.726470152,,
2013,7,12,32.1,24.9,28.2,84.8,25.37,1.5,5.04684102,,
2013,7,13,31.2,24.8,27.9,86.4,19.09,1.7,3.924606262,,
2013,7,14,29.8,23.5,26.6,87.4,14.02,2.1,2.990189558,,
2013,7,15,30.9,25,27.5,87.2,12.01,1.2,2.686369636,,
2013,7,16,27.4,24.6,25.6,89.3,5.98,1.2,1.572458729,,
2013,7,17,30.6,22.4,26.5,87.8,17.96,1.2,3.55537843,,
2013,7,18,31.7,24.9,27.9,87.7,20.42,1.7,4.137559539,,
2013,7,19,30.1,25.5,27.7,89.4,8.26,1,1.982962346,,
2013,7,20,31.8,25,27.8,88,17.33,1.2,3.606142822,,
2013,7,21,31.6,24.4,27.7,87,19.18,1.3,3.910157541,,
2013,7,22,31.8,24.4,27.9,85.7,21.64,1.5,4.365046447,,
2013,7,23,30.8,25.6,27.6,87.3,12.72,1.2,2.814163902,,
2013,7,24,32.5,24.1,28,84.4,20.38,1.2,4.189248828,,
2013,7,25,32.7,24.6,28.2,84.3,23.5,1.5,4.768462157,,
2013,7,26,31.7,25,28.1,85.4,23.35,1.5,4.678017486,,
2013,7,27,32.3,25,28.3,85.8,21.65,1.3,4.422134678,,
2013,7,28,31.7,25.4,28.2,84.5,16.21,1.2,3.49508833,,
2013,7,29,31.4,24.8,27.9,86.7,18.37,1.6,3.804367842,,
2013,7,30,32.4,24.6,28.4,84.1,25.41,1.5,5.080212997,,
2013,7,31,32.4,23.5,27.9,86.7,20.65,2,4.195111586,,
2013,8,1,31.2,22.8,25.5,88.7,14.53,1.6,2.999996302,,
2013,8,2,29.2,22.9,25,92.5,9.87,1.5,2.103131107,,
2013,8,3,31.9,22.6,27,87.2,20.99,1.6,4.139691663,,
2013,8,4,33.6,25,27.9,86.1,21.83,1.8,4.519485011,,
2013,8,5,32.5,24.6,27.7,87.2,19.29,1.7,3.984223544,,
2013,8,6,30,23.2,26.7,88.3,21.95,2.3,4.158693936,,
2013,8,7,31.9,24.2,26.5,88.2,17.2,1.3,3.519498758,,
2013,8,8,31.9,24.1,26.1,87.5,13.36,1.6,2.916642557,,
2013,8,9,31,23.2,26.6,87.1,17.31,1.3,3.503876407,,
2013,8,10,30.4,24.2,26.7,88.3,15.69,1,3.212669055,,
2013,8,11,31.9,24.1,26.8,86.7,23.07,2.2,4.524931866,,
2013,8,12,31.6,23.9,27.3,85.3,20.27,1.2,4.081440058,,
2013,8,13,30.7,23.8,27.1,88.2,15.82,1.3,3.261827344,,
2013,8,14,31.5,24.5,27.5,87.1,14.87,1,3.157894284,,
2013,8,15,30.9,24,26.7,90.1,8.64,1.1,2.020404406,,
2013,8,16,32.3,23.6,27.5,85.4,22.82,1.5,4.545546774,,
2013,8,17,32.2,24.6,27.9,86.6,23.98,1.8,4.764139917,,
2013,8,18,31.9,24.9,27.8,85.5,24.96,2.2,4.939395122,,
2013,8,19,31.4,23.2,27.3,84.7,24.14,1.7,4.699653407,,
2013,8,20,31.1,24.3,27.2,86.3,20.71,1.7,4.139427334,,
2013,8,21,32.5,24.1,27.2,85.6,20.6,1.4,4.187547415,,
2013,8,22,32.2,24.9,27.9,84.1,23.03,1.6,4.668387722,,
2013,8,23,33.2,25.1,28,83.8,20.69,1.5,4.347183723,,
2013,8,24,32.7,23.6,28.1,83.4,24.58,1.6,4.923700177,,
2013,8,25,30.4,25.2,27.4,88.2,11.44,1.1,2.550349416,,
2013,8,26,32.7,25.3,27.8,87.8,16.96,1.5,3.603354493,,
2013,8,27,32.1,25.5,28.1,86.8,21.23,1.4,4.336338158,,
2013,8,28,31.1,23.9,26.9,88.6,11.51,1.4,2.56205483,,
2013,8,29,30.9,23.9,26.5,89.3,17.36,1.1,3.479169264,,
2013,8,30,31.5,24.3,27.7,85,16.45,1.2,3.476116835,,
2013,8,31,32.2,24.2,27.8,86.8,19.25,1.6,3.961185246,,
2013,9,1,32.5,23.5,26.1,90.3,21.37,1.8,4.133989961,,
2013,9,2,32.6,23.2,26.9,87.5,20.51,1,4.096945146,,
2013,9,3,32.5,24.3,27.6,87.3,21.86,1.6,4.391663254,,
2013,9,4,32,22.8,27.5,86.5,24.69,2.3,4.771435917,,
2013,9,5,31.3,23.1,26.3,88.9,21.39,2.1,4.103679523,,
2013,9,6,29.9,24,26.1,90.5,18.81,1.8,3.622046449,,
2013,9,7,30,22.8,25.7,88.7,16.19,2,3.231723955,,
2013,9,8,31.3,23.8,26.8,86.1,18.11,1.6,3.704270195,,
2013,9,9,30.1,24,26.2,88.5,14.45,1.9,3.018192245,,
2013,9,10,28.9,23.2,24.9,91.5,8.77,1.5,1.959976458,,
2013,9,11,27.4,23.3,24.5,94.8,6.81,2.1,1.536960272,,
2013,9,12,31.3,23.5,26.2,88.2,17.94,1.9,3.600563365,,
2013,9,13,30.6,24.5,26.9,87.5,18.98,1.7,3.805895049,,
2013,9,14,31.4,24.8,27.1,87.8,15.79,1.7,3.333161976,,
2013,9,15,32,24.4,27.6,85.5,19.19,1.4,3.957571703,,
2013,9,16,32.9,25,28.4,84.2,22.6,1.4,4.649118678,,
2013,9,17,32.8,25.6,28.4,81.7,20.97,1.5,4.446112246,,
2013,9,18,32.4,24.8,28.1,83.3,17.15,1.6,3.736811314,,
2013,9,19,32.7,24.9,28.2,82.9,19.41,1.6,4.138357563,,
2013,9,20,33.2,24.9,28.5,80.3,20.06,1.8,4.373944428,,
2013,9,21,33.7,24.3,28.9,76.8,22.98,1.4,4.86310067,,
2013,9,22,33.8,25.2,28.9,77.9,23.02,1.9,4.995497981,,
2013,9,23,33.1,25.9,28.9,80,21.08,2.2,4.658035144,,
2013,9,24,32.8,25.3,28.7,79.7,18.88,1.6,4.157821275,,
2013,9,25,33.8,25.3,28.9,77.6,21.66,1.5,4.70133549,,
2013,9,26,32.3,24.6,28,81.3,15.68,1.6,3.536155453,,
2013,9,27,30.6,24.6,26.2,87.1,8.53,1.5,2.124024375,,
2013,9,28,33,23.7,27.1,84.2,16.33,1.6,3.54864023,,
2013,9,29,29.7,23.2,25.3,89.8,10,1.4,2.214829759,,
2013,9,30,30.4,23.8,26.3,89.1,9.81,1.2,2.227423691,,
2013,10,1,32.4,24,27,86.5,15.87,1.7,3.39924608,,
2013,10,2,31.6,23.1,27.4,84.8,21.05,1.8,4.227007532,,
2013,10,3,30.7,24.1,26.6,86.3,16.75,1.6,3.460883562,,
2013,10,4,32,24,26.9,84.5,21.94,2,4.418867155,,
2013,10,5,26.9,23.7,25,92,9.26,1.4,1.998233179,,
2013,10,6,31.3,24,25.9,88.9,16.01,2.3,3.290558098,,
2013,10,7,27.6,23.9,25.6,91.8,17.42,2.25,3.244792696,,
2013,10,8,31.5,23,26.2,86.9,18.83,2.2,3.783749181,,
2013,10,9,32,23.2,27,83.8,20.8,1.4,4.190870629,,
2013,10,10,33.2,23.6,28,78.3,25.1,1.8,5.15568258,,
2013,10,11,32.7,24.3,28.2,79.5,25.4,1.5,5.142475782,,
2013,10,12,31.5,23.6,27.2,85.4,19.38,1.8,3.952315223,,
2013,10,13,30.5,24.4,26.2,90,16.51,1.8,3.312498784,,
2013,10,14,30.2,24.7,26.4,90.7,12.24,1.5,2.60948442,,
2013,10,15,30.7,24.4,26.6,87,19.14,2.3,3.850889715,,
2013,10,16,31.6,23.1,26.9,85.7,20.67,1.8,4.124814253,,
2013,10,17,32.7,24.3,28,82.3,24.2,1.6,4.904495767,,
2013,10,18,32,24.2,27.2,86,22.03,1.6,4.398647181,,
2013,10,19,31.2,23.8,25.5,91.5,11.21,1.7,2.410215499,,
2013,10,20,31,23.3,25.5,89.5,14.05,1.3,2.894478888,,
2013,10,21,28,24.1,25.2,91.8,10.54,1.8,2.231769625,,
2013,10,22,31.5,23.5,25.7,87.3,15.91,1.1,3.255088239,,
2013,10,23,31.4,23.8,25.9,87.6,16.14,1.1,3.297655541,,
2013,10,24,31.5,23.7,25.7,88.7,16.37,1.1,3.310513369,,
2013,10,25,32.3,23.9,27.2,81.4,20.16,1.6,4.205702713,,
2013,10,26,30.6,23.9,26.7,86,16.75,1.6,3.462465891,,
2013,10,27,30.4,24.5,26.8,85.5,11.01,1,2.493969733,,
2013,10,28,31.8,24.7,27.2,85.5,21.23,2.1,4.30879839,,
2013,10,29,31.8,23.9,26.9,85.9,18.6,1.3,3.796933954,,
2013,10,30,33.8,23.7,27.1,85.2,21.39,1.4,4.378570063,,
2013,10,31,33.1,23.9,26.5,87.6,19.07,1.2,3.881383055,,
2013,11,1,33.7,23.8,28,77,20.52,1.6,4.462947943,,
2013,11,2,34.3,23.1,28,77.3,23,1.5,4.845081097,,
2013,11,3,33.3,24.5,27.6,80.3,18.55,1.4,4.021858616,,
2013,11,4,33.6,23.4,27.9,76.3,21.8,1.8,4.703084688,,
2013,11,5,33.5,24.5,28.1,76,21.5,1.8,4.706608617,,
2013,11,6,31.8,24.1,27.1,80.1,16.49,1.4,3.59842658,,
2013,11,7,31.2,24.2,27.4,81.7,15.97,1.1,3.414120762,,
2013,11,8,32.1,25.2,28.3,81.8,19.97,1.5,4.223361822,,
2013,11,9,32.7,25.1,28.1,82.6,18.9,1.8,4.091748932,,
2013,11,10,32.3,24.7,27.7,83,18.59,1.7,3.972024903,,
2013,11,11,32.5,25.3,27.5,87.9,14.26,1.2,3.103361224,,
2013,11,12,32.9,25.4,27.9,84.6,19.2,1.3,4.051860971,,
2013,11,13,31.5,25,26.8,89.6,13.91,1.2,2.951951133,,
2013,11,14,34,23.7,27,84.7,21.67,1.2,4.426802254,,
2013,11,15,33.2,24.1,27.7,91.3,21.46,1.1,4.310374562,,
2013,11,16,33,23.8,27.2,82.5,20.19,1.6,4.220350715,,
2013,11,17,32.1,23.6,27.5,78.2,18.92,1.3,4.006786427,,
2013,11,18,33,24.5,28,75.3,19.23,1.6,4.280224128,,
2013,11,19,33.7,24.2,27.4,78.8,18.6,1.5,4.090585367,,
2013,11,20,25.9,23.5,24.2,92.1,3.15,1.3,1.051271099,,
2013,11,21,27.3,23.6,24.9,90.5,8.06,1.3,1.852147785,,
2013,11,22,28.2,23.6,24.8,91.5,6.92,1.5,1.670671704,,
2013,11,23,32.7,24,27.8,79.8,21.12,1.7,4.455162705,,
2013,11,24,32.2,23.9,27.1,84,18.91,1.9,3.967076169,,
2013,11,25,33.9,24.9,27.3,84.2,17.25,1.5,3.767679595,,
2013,11,26,33.6,24.2,28.3,80.8,22.39,1.7,4.716995257,,
2013,11,27,30.9,25.3,27.8,80,11.92,1.3,2.860550754,,
2013,11,28,31.7,24.6,26.8,86.3,16.32,1.8,3.467238475,,
2013,11,29,32.3,24.8,26.8,82.3,13.92,2.3,3.340984822,,
2013,11,30,30.7,25.1,27.6,73.5,9.3,2.4,3.013852374,,
2013,12,1,31.1,24.6,27.3,76,15.7,1.6,3.610001758,,
2013,12,2,29.7,24,26.5,80.8,9.74,1.5,2.473550379,,
2013,12,3,27.9,24.6,25.6,87.8,5.04,0.6,1.370628152,,
2013,12,4,26.8,24.3,25.3,93.1,4.66,0.7,1.23287651,,
2013,12,5,31,24.8,27,81.3,13.99,1.7,3.221727828,,
2013,12,6,32.6,24,28,70.4,20.99,2.1,4.782559783,,
2013,12,7,31.7,24.9,28,73.8,19.45,2.3,4.485675078,,
2013,12,8,32.3,24.1,27.8,77.5,20.29,2,4.421285661,,
2013,12,9,33.6,23,27.8,78.5,22.61,1.8,4.757715928,,
2013,12,10,31,24.7,26.6,84.4,11.69,1.4,2.70765673,,
2013,12,11,32.3,24,27.2,83.6,16.42,1.2,3.503602297,,
2013,12,12,32.7,24.5,27.6,83.1,16.43,1.1,3.538778638,,
2013,12,13,33.7,23.7,27.9,79.4,21.16,1.6,4.506780447,,
2013,12,14,33.7,23.2,28,78.5,21.37,1.8,4.58300388,,
2013,12,15,34,24.3,27.5,86,17.81,1.4,3.802161824,,
2013,12,16,32.2,24.4,26.9,87.7,20.04,1.4,4.03674007,,
2013,12,17,32.4,24.5,27.4,86.3,18.76,1.6,3.89590084,,
2013,12,18,30.1,24.3,26.5,86.5,17.79,2.2,3.627124326,,
2013,12,19,31.1,24.2,27.1,81.7,17.94,2.4,3.909147621,,
2013,12,20,32.8,23.9,27.7,78.8,20.42,2.1,4.442477824,,
2013,12,21,31.6,23.2,26.6,82.6,16.88,2.1,3.657758756,,
2013,12,22,31.3,23,26.7,80,19.63,2.4,4.17868659,,
2013,12,23,33,22.6,27.1,81.6,21.97,1.9,4.51478822,,
2013,12,24,31.3,23.5,26.8,81.6,16.4,2.1,3.620005368,,
2013,12,25,31.5,24.5,27,78.3,16.8,2,3.822184521,,
2013,12,26,32,23,27,78.7,19.76,2.1,4.244147269,,
2013,12,27,32.1,24.1,27.5,72.3,21.24,2.7,4.894582594,,
2013,12,28,30.4,24.6,26.7,73.5,14.32,2.7,3.786624147,,
2013,12,29,29.4,23.5,26.1,77.9,11.7,3,3.192002063,,
2013,12,30,30.3,24.7,26.7,72.2,16.96,2.9,4.263423744,,
2013,12,31,32.3,24.7,27.6,69.3,20.34,2.7,4.945083036,,
2014,1,1,32.4,24.5,27.7,72.7,20.41,2.8,4.835113698,,
2014,1,2,33.2,24.3,28,74.8,22.96,2.4,5.076626625,,
2014,1,3,31.9,23.6,26.8,81.4,14.53,1.4,3.243554624,,
2014,1,4,31.1,23.2,26.7,83,16.42,1.3,3.447112285,,
2014,1,5,33.2,22.9,27.5,76.5,20.79,2.1,4.554206176,,
2014,1,6,33.4,23.2,27.2,78.2,18.85,2,4.202399463,,
2014,1,7,33.7,22.6,27.5,73.9,21.71,2,4.770035476,,
2014,1,8,32,23.3,27,76.2,13.98,1.8,3.402171916,,
2014,1,9,30.4,23.5,26.6,79.6,12.53,1.8,3.010641009,,
2014,1,10,29.6,23.8,25.8,81,13.95,2.4,3.251486737,,
2014,1,11,29.7,24,26.2,75.7,13.21,2.7,3.467240132,,
2014,1,12,32.2,25.5,27.8,69.5,17.84,2.8,4.659904701,,
2014,1,13,32.8,24.5,27.8,69.7,23.13,2.2,5.186561227,,
2014,1,14,32.9,24.8,28,67.3,21.68,2.4,5.157704356,,
2014,1,15,32.5,21.5,27,68.7,22.39,2.3,4.96564456,,
2014,1,16,31.2,23.4,26.5,68.3,21.22,3,5.039258547,,
2014,1,17,31.2,23,26.1,67.7,19.48,2.8,4.75341053,,
2014,1,18,31.5,23.2,26.5,66.3,22.81,3.4,5.487179145,,
2014,1,19,32.2,23,26.6,65.5,23.58,3.1,5.579435208,,
2014,1,20,32.4,22.8,26.6,65.7,22.74,2.4,5.203845026,,
2014,1,21,32,21.6,26.4,67.1,21.08,2.9,5.015327519,,
2014,1,22,32.1,23.2,26.9,64.2,22.45,2.9,5.417148316,,
2014,1,23,32.1,21.4,26.1,70,22.76,2.4,4.95592902,,
2014,1,24,31.8,20.3,25.6,73,22.86,2.1,4.710168958,,
2014,1,25,33.8,20.2,26.1,74.7,24.09,1.8,4.929276079,,
2014,1,26,32,21.5,26.1,73.8,18.46,2,4.117023128,,
2014,1,27,32.5,20.2,26,69,23.03,2.4,5.00539953,,
2014,1,28,32.3,21.6,26.5,71.7,22.5,2.8,5.000028551,,
2014,1,29,33,21.3,26.7,69.5,23.81,2.6,5.258753065,,
2014,1,30,33.8,20.9,27.2,65.6,25.41,2.8,5.752464966,,
2014,1,31,33.2,20.5,26.5,67.7,24.52,2.3,5.298302297,,
2014,2,1,33.4,20.2,25.8,70.3,22.29,2,4.807916483,,
2014,2,2,33.5,19.9,25.4,74.3,23.99,1.7,4.843559415,,
2014,2,3,32.9,20.5,25.9,74.5,24.41,1.5,4.845084445,,
2014,2,4,33.3,19.2,25.7,76.1,23.73,1.5,4.69571466,,
2014,2,5,34.5,20,26,78.8,24.09,1.9,4.888925836,,
2014,2,6,34.7,21.4,27,75,22.04,1.9,4.780773085,,
2014,2,7,34.4,20.9,26.4,74.1,21.3,1.7,4.583118503,,
2014,2,8,34.9,21.3,26.7,75.7,20.92,1.5,4.487017768,,
2014,2,9,34.4,22.4,27.4,75.9,23.99,1.8,5.057033195,,
2014,2,10,34.7,22.5,27.3,77,25.27,1.6,5.21486475,,
2014,2,11,34.7,22.7,27.2,76.9,23.39,1.9,4.990831194,,
2014,2,12,36.1,21.9,27.7,72.9,24.71,1.9,5.400679233,,
2014,2,13,36,22.7,28.2,69.3,23.47,1.8,5.298198163,,
2014,2,14,36.3,23.1,29,63.5,23.97,2.2,5.760441764,,
2014,2,15,35.8,22.1,29,58.9,24.81,2.2,5.902514983,,
2014,2,16,35.2,23.1,28.8,65,20.62,1.8,4.922822262,,
2014,2,17,36.7,24,29.2,67.7,23.78,1.9,5.564166234,,
2014,2,18,36.6,23.5,28.6,69.4,24.48,1.9,5.590365039,,
2014,2,19,35.9,23.4,28.4,70.5,22.28,1.5,4.991939751,,
2014,2,20,34.7,23.5,28.3,72.2,22.19,2.2,5.085643653,,
2014,2,21,35.8,23.3,28.7,69.1,23.72,2.4,5.584876822,,
2014,2,22,35.8,22.9,29.3,63.7,24.39,2.9,6.06433971,,
2014,2,23,36.5,22.6,28.7,65,22.81,2.5,5.680284769,,
2014,2,24,36.2,22.6,28.7,61.5,25.77,2.2,6.041634731,,
2014,2,25,35.7,21.1,27.8,64.7,25.88,2.5,5.960689226,,
2014,2,26,35.4,20.4,27.6,67.6,27.08,2.3,5.890034526,,
2014,2,27,37,23.3,29,64.1,26.45,2.7,6.431591363,,
2014,2,28,36.8,21.4,28.2,64.7,26.82,2.2,6.109659768,,
2014,3,1,35.1,22.7,28.1,67.4,19.69,1.7,4.650323094,,
2014,3,2,36.9,22.1,28.1,67.6,25.08,1.9,5.685311315,,
2014,3,3,36.7,23.1,28.4,70.4,23.46,1.9,5.392957373,,
2014,3,4,37,22,28.4,67.7,25.63,2,5.818325175,,
2014,3,5,37.7,21.6,28.6,63.2,25.87,2.7,6.378571621,,
2014,3,6,36.1,21.2,27.9,61.8,27.35,2.5,6.31591943,,
2014,3,7,37.8,22,28.5,64.5,26.41,1.9,6.058310399,,
2014,3,8,36.4,22.6,28.7,64.1,25.35,2,5.834939934,,
2014,3,9,35.6,21.3,27.8,63.1,26.65,2.9,6.294229111,,
2014,3,10,36.6,24.3,29,57.8,26.8,3,6.905091506,,
2014,3,11,36.5,22.1,29.1,58.3,26.36,3.4,6.856620965,,
2014,3,12,36,23.3,29.4,60.4,26.81,2.5,6.386982579,,
2014,3,13,35.5,22.7,28.3,71,20.42,1.9,4.781921784,,
2014,3,14,37.5,24.2,30.4,61.3,24.62,2.8,6.425715858,,
2014,3,15,34,23.8,27.7,76.6,12.92,2.2,3.469925657,,
2014,3,16,33.8,24.5,27.5,83.4,13.74,2.1,3.300602077,,
2014,3,17,35.5,25.2,29.5,71.5,20.39,2.3,5.025663322,,
2014,3,18,36.7,23.7,29.4,69.3,25.16,2.2,5.843931877,,
2014,3,19,36,24.3,29.5,67.4,26.15,1.7,5.80933119,,
2014,3,20,36.2,23.6,28.9,72,22.73,1.5,5.079610087,,
2014,3,21,35.9,23.3,28.7,75.3,22.32,1.7,4.96966805,,
2014,3,22,36.4,23.2,29.6,62.6,24.6,2.4,5.991383045,,
2014,3,23,36.2,24.4,29.6,61,24.65,3.3,6.551857279,,
2014,3,24,35.6,26.1,30.1,61.7,23.28,3.1,6.26390379,,
2014,3,25,37.2,24.6,30.1,65.1,24.5,2.5,6.109522438,,
2014,3,26,37.3,23.7,29.9,67.3,26.03,1.8,5.939225811,,
2014,3,27,37.7,23.9,30.3,63.2,26.57,2.3,6.408310819,,
2014,3,28,37.9,24.4,30.4,67.1,24.43,1.9,5.831667163,,
2014,3,29,36.8,23.3,29,76.3,23.89,2.5,5.477715313,,
2014,3,30,34.7,24.2,28.8,78.2,26.06,1.5,5.435278216,,
2014,3,31,33.6,25.3,28,84.2,11.59,1.2,2.76919992,,
2014,4,1,32.5,24.4,27.8,82.3,17.34,1.5,3.76186353,,
2014,4,2,34.5,25.5,29.4,77.9,19.23,2,4.472852524,,
2014,4,3,32.8,23.8,27,86.7,14.77,1.9,3.243887706,,
2014,4,4,33.7,23.9,27.3,83.6,20.35,2.1,4.318224391,,
2014,4,5,33.5,24,26.9,83.3,21.34,1.7,4.422240686,,
2014,4,6,35.1,24,29,73.8,22.33,1.3,4.856032166,,
2014,4,7,34.9,24.5,27.9,80.9,18.22,1.3,4.026976089,,
2014,4,8,34,24,28.4,78.1,22.31,1.6,4.765964096,,
2014,4,9,34.5,24.5,28.2,78.4,17.97,1.4,4.045047905,,
2014,4,10,34,24.3,28.4,78.5,19.45,1.7,4.325512869,,
2014,4,11,34.6,24.6,27.6,81.7,17.07,1,3.732931613,,
2014,4,12,33.9,24.6,28.8,76.9,20.95,1.7,4.62123589,,
2014,4,13,35,25.2,28.2,80.1,19.34,1.4,4.291486639,,
2014,4,14,34.6,24.1,27.8,80.2,20.55,0.9,4.32068408,,
2014,4,15,35.6,24.5,29.1,74.2,24.77,1.3,5.316482736,,
2014,4,16,34.3,24.7,28.6,77.5,19.99,1.8,4.500412099,,
2014,4,17,34.3,24.8,28.9,76.8,22.46,2,4.973962046,,
2014,4,18,33.3,24.7,28.4,79,23.25,2.1,4.96358445,,
2014,4,19,34.8,25.5,29.1,78.5,20.95,1.7,4.68737934,,
2014,4,20,33.3,25.6,28.5,83.1,20.28,1.9,4.379706395,,
2014,4,21,34.1,24.9,29,79.2,26.39,1.9,5.524776443,,
2014,4,22,34.1,25.5,29.2,82.6,20.16,1.6,4.401035847,,
2014,4,23,35.8,25.7,29.9,80.7,24,1.7,5.265914703,,
2014,4,24,33.4,25.3,28.7,81,22.5,2.3,4.853427527,,
2014,4,25,33.6,25.3,28.1,81.8,15.65,1.7,3.618451632,,
2014,4,26,34.6,25.5,29,81.4,23.53,2,5.077270856,,
2014,4,27,33.9,25.6,29.3,82.8,23.12,2.1,4.944794074,,
2014,4,28,34,24.9,29.3,81.7,23.34,2.2,4.999577515,,
2014,4,29,34.4,23.3,28.9,81.4,20.79,1.8,4.492527577,,
2014,4,30,34.1,24.3,28.7,83.7,22.37,1.6,4.692252996,,
2014,5,1,33.1,25.6,29.4,80.4,25.01,1.8,5.234702449,,
2014,5,2,32.8,26.3,28.5,81,17.76,2,4.045961628,,
2014,5,3,33.6,25,28.3,80.1,19.85,1.6,4.3310305,,
2014,5,4,34.6,25.1,28.4,80.5,25.48,2,5.383001091,,
2014,5,5,34.4,24.7,27.5,85.3,19.37,1.4,4.115345707,,
2014,5,6,36,24.4,29.3,77.7,18.74,1.8,4.404389967,,
2014,5,7,34,24.3,28.4,86,18.1,1.7,3.905874283,,
2014,5,8,33.4,24.6,27.7,85.5,21.49,1.8,4.444169029,,
2014,5,9,34.4,24,28.6,81.7,21.52,1.6,4.594669891,,
2014,5,10,31.4,24.5,27,86.8,21.34,2,4.24578511,,
2014,5,11,33.3,24.3,29,80.9,25.66,1.6,5.251563345,,
2014,5,12,33.3,24.1,28.4,84.9,21.81,2.4,4.547423011,,
2014,5,13,32.7,23.7,28.2,82.8,24.91,2,5.019559125,,
2014,5,14,32.3,24.6,28.2,85.7,21.36,2.2,4.390381103,,
2014,5,15,32.9,24.9,28.2,86,21.29,2.1,4.411811113,,
2014,5,16,31.1,24.6,27.4,85,20.04,2,4.099402099,,
2014,5,17,33,25,28.6,82.7,16.62,1.5,3.695125221,,
2014,5,18,29.4,25.7,26.7,90.5,8.01,1.5,1.935180675,,
2014,5,19,33.4,25.1,29.1,80.3,21.11,1.8,4.582299837,,
2014,5,20,31.3,25.2,28.2,81.1,24.35,2.2,4.964227396,,
2014,5,21,33,25.3,28.7,78.5,22.62,1.8,4.841065426,,
2014,5,22,33.3,25.1,29.2,79.2,26.31,2,5.479074317,,
2014,5,23,33.2,25.6,29.3,78.5,18.99,1.4,4.206021398,,
2014,5,24,33.5,26.9,29.5,81.8,15.71,1.5,3.661684673,,
2014,5,25,33.3,25.4,28.6,84.3,17.33,1.5,3.803401933,,
2014,5,26,34,25.5,28.2,85.7,17.36,1.4,3.788490574,,
2014,5,27,31.3,25.4,28.4,85.2,16.05,1.8,3.507343018,,
2014,5,28,33.3,26.1,29.4,82.3,22.3,1.9,4.787771975,,
2014,5,29,31.5,25.9,28.1,87.8,14.46,1.8,3.181171456,,
2014,5,30,31.9,25.5,27.4,90,15.37,2.5,3.257490977,,
2014,5,31,32.7,24.7,28.6,83.5,24.63,2,5.017216835,,
2014,6,1,31.8,25.4,28.4,85,20.32,2,4.245049114,,
2014,6,2,33.6,25.3,28,85.8,21.72,1.8,4.524462156,,
2014,6,3,32.1,25,28,85.3,19.38,2.1,4.078184676,,
2014,6,4,30.1,24.7,27.1,90.3,15.91,2.4,3.231164175,,
2014,6,5,31.9,24.8,28.1,82.2,22.89,2.1,4.713867315,,
2014,6,6,33.1,25.6,29.3,82.4,18.29,1.3,3.996017661,,
2014,6,7,33.7,26.4,29.7,84.2,22.18,1.5,4.738675899,,
2014,6,8,34.2,26.6,30.1,83.7,23.39,1.4,5.009036159,,
2014,6,9,33.3,27.7,29.9,83.9,20.41,1.8,4.499012787,,
2014,6,10,34.3,26.6,29.9,83.2,21.33,1.5,4.657919652,,
2014,6,11,32.7,26.7,29.6,84.3,18.45,2,4.090699045,,
2014,6,12,28.5,25.1,26.1,93.7,6.1,1.4,1.500468584,,
2014,6,13,33,24.9,28.6,85.3,19.66,1.4,4.140753229,,
2014,6,14,32.9,25.6,28.9,84.5,16.81,1.2,3.670670648,,
2014,6,15,33.1,26.5,29.4,83.4,16.95,1.4,3.791193826,,
2014,6,16,33.5,26.6,29.6,81.1,17.17,1.7,3.960669208,,
2014,6,17,31.8,27,29.1,84.6,10.45,1,2.525973114,,
2014,6,18,33.5,25.5,29.1,83.3,23.77,1.5,4.955651702,,
2014,6,19,34.7,26.2,29.7,80.1,23.41,1.3,5.046116642,,
2014,6,20,33.5,25.8,29.3,80.4,21.72,1.4,4.659371178,,
2014,6,21,33.4,26.9,29.5,83.3,20.48,1.6,4.463999958,,
2014,6,22,32.4,26.3,29,84,15.67,1.3,3.497917766,,
2014,6,23,32.9,26.1,28.6,83.9,15.51,1.1,3.445023044,,
2014,6,24,32.9,25.4,28.2,86.1,18.44,1.2,3.898649851,,
2014,6,25,33.2,25.3,28.8,84.8,18.45,1.2,3.952397572,,
2014,6,26,32.5,25.4,28.5,86.3,15.06,1.1,3.293389311,,
2014,6,27,33.1,25.2,29,82.2,23.77,1.8,4.958301158,,
2014,6,28,32.5,25.6,28.2,86,18.23,1.6,3.881757599,,
2014,6,29,30.6,23.7,26.2,91.6,8.54,1.6,1.979392298,,
2014,6,30,31.3,23.9,25.3,92.7,11.08,1.7,2.346281716,,
2014,7,1,32.4,23.5,27.1,88,19.15,1.4,3.874901326,,
2014,7,2,32.6,24.7,28.5,86,24.09,1.2,4.850084097,,
2014,7,3,32.5,25.1,28.6,85.8,23.21,1.5,4.720415064,,
2014,7,4,32.4,25.8,28.8,84.9,20.08,1.6,4.241783209,,
2014,7,5,31.8,23.9,28.1,85.4,20.18,1.9,4.142091197,,
2014,7,6,32.7,25.4,28.5,84.9,21.28,1.6,4.433968072,,
2014,7,7,31.8,24.1,27.5,87.6,18.8,2.1,3.847368132,,
2014,7,8,32,23.8,28.2,86.1,23.61,2.6,4.687890355,,
2014,7,9,33.5,24.1,28.8,82.8,19.78,1.4,4.213425863,,
2014,7,10,32.1,26.2,28.9,84.5,14.09,1,3.155276232,,
2014,7,11,31.6,25.3,28.2,85.3,16.1,1.5,3.487156182,,
2014,7,12,32.2,25.8,28.9,82.1,23.93,2.2,4.984266746,,
2014,7,13,32.8,25.3,28.8,80.8,22.8,1.4,4.755756689,,
2014,7,14,31.6,25.6,28.2,82,16.42,1.1,3.557084315,,
2014,7,15,32.6,25,27.1,87.6,14.08,1.4,3.082065658,,
2014,7,16,32.1,24.1,27.7,86.5,23.99,1.4,4.735584892,,
2014,7,17,32.4,25.6,28.8,83.8,26.19,1.7,5.284368191,,
2014,7,18,31.8,25.3,28.2,85.8,19.09,1.6,3.988208792,,
2014,7,19,33.3,24.9,28.5,82.3,22.58,1.4,4.699132824,,
2014,7,20,32.4,24.7,28.1,83.9,18.49,1.3,3.906435503,,
2014,7,21,31.9,24.6,28.2,84.8,17.03,1.3,3.625135726,,
2014,7,22,31.6,24.2,27.1,87.1,10.34,1.4,2.431064388,,
2014,7,23,31.8,24.5,28,86,18.28,1.4,3.805683286,,
2014,7,24,33,25.2,28.2,85,16.2,1.8,3.599244894,,
2014,7,25,33.9,24.8,28.3,83.2,19.89,1.7,4.288015267,,
2014,7,26,32.4,24.7,28,85.7,15.8,1.5,3.437344467,,
2014,7,27,32.4,23.4,27.3,87.2,18.83,1.6,3.849820112,,
2014,7,28,32.9,25.8,28.7,84.7,22.24,1.3,4.616944922,,
2014,7,29,31.4,25.3,27.4,88.8,13.22,1.5,2.891302949,,
2014,7,30,31.8,24.1,27.9,85.8,19.76,1.7,4.053824951,,
2014,7,31,31.4,25.1,27.6,88.5,15.94,1.5,3.353518014,,
2014,8,1,32.2,25.4,27.9,86.2,18.93,1.5,3.957507056,,
2014,8,2,32.4,25.1,28.6,82.6,21.96,1.3,4.540003619,,
2014,8,3,32.8,25.8,28.7,82.3,24.08,1.7,4.992978869,,
2014,8,4,32.6,24.9,28.5,80.6,22.98,1.4,4.749166919,,
2014,8,5,32.3,23.9,27.8,84.8,18.73,1.2,3.884230051,,
2014,8,6,28.8,24.1,26.6,87.8,12.53,1.4,2.686678833,,
2014,8,7,32.4,24.8,27.6,82.3,19.03,1.8,4.080072191,,
2014,8,8,30.6,24.9,27.8,83.8,12.4,1.5,2.866985013,,
2014,8,9,33,24,27.9,85.6,17.51,1.4,3.719944456,,
2014,8,10,33.6,23.1,27.4,83.3,25.44,1.9,5.088507593,,
2014,8,11,31.2,23.1,26.9,86.4,24.32,1.6,4.660091878,,
2014,8,12,31.6,24.3,27.4,83.5,25,2.1,4.936007009,,
2014,8,13,30.9,23.7,26.8,85.2,22.38,2.4,4.399869584,,
2014,8,14,31.2,24.3,26.6,88.8,16.98,1.9,3.463063828,,
2014,8,15,30.2,24.5,26.3,90.8,14.7,1.6,2.997689197,,
2014,8,16,30.8,24.2,27,87.9,15.94,1.9,3.322724328,,
2014,8,17,32.4,24,27.8,84.2,25.95,1.7,5.117044465,,
2014,8,18,31.4,25.4,27.7,85.3,19.65,1.9,4.077095599,,
2014,8,19,31.1,23,27,87.4,16.55,1.1,3.379283043,,
2014,8,20,31.1,24.4,26.5,89.1,11.97,1.3,2.616122626,,
2014,8,21,31.7,23.9,27.3,86.5,20.85,1.6,4.175523686,,
2014,8,22,33.1,24.3,27.7,86.7,20.62,1.7,4.238044397,,
2014,8,23,32.5,24.3,26.5,91.1,16.3,1.3,3.33204308,,
2014,8,24,31.4,23.3,26.7,89.4,21.1,1.8,4.084330436,,
2014,8,25,30.7,23.8,26.3,90.2,18.36,2,3.589043923,,
2014,8,26,29.9,23.5,25.7,91.3,12.55,2.3,2.603771389,,
2014,8,27,27.3,23.3,25.1,92.4,9.12,1.5,1.971045242,,
2014,8,28,30.5,23.1,25.9,85.4,15.41,1.6,3.222055585,,
2014,8,29,32.2,23.9,27.6,79.8,19.72,1.3,4.125712844,,
2014,8,30,33.5,24.8,28.2,80.7,21.79,1.3,4.57382691,,
2014,8,31,32.8,25,28.5,81.3,19.11,1.1,4.062389084,,
2014,9,1,33.2,25.4,28.7,82.1,20.55,1.4,4.379989,,
2014,9,2,31,25.4,27.3,87.3,12.81,0.9,2.792791218,,
2014,9,3,34,25,28.7,79.1,22.87,1.2,4.815170982,,
2014,9,4,31.7,24.9,26.9,89.3,8.43,1.2,2.037939023,,
2014,9,5,32.8,24.2,27.4,85,17.79,1.8,3.798018079,,
2014,9,6,32.1,24,27.1,84.1,19.07,1.6,3.958984336,,
2014,9,7,29.8,24,25.9,91.4,6.62,0.9,1.61562504,,
2014,9,8,30.5,23.4,26.6,86,15.69,1,3.227286495,,
2014,9,9,28.6,23.3,25.5,91.6,10.9,1.3,2.291990549,,
2014,9,10,32,22.9,26.5,86.5,22.89,1.6,4.449142202,,
2014,9,11,32.5,23.9,27.5,84.3,20.83,1.2,4.239416119,,
2014,9,12,32.1,24.5,27.4,87.8,21.51,1.9,4.298127636,,
2014,9,13,30.4,23.5,26.8,88.6,14.02,1.7,2.954476552,,
2014,9,14,30.3,23.4,25.4,93.3,13.41,2.1,2.654619725,,
2014,9,15,29.1,23.1,25.2,93.2,10.27,1.8,2.148864909,,
2014,9,16,31.7,23.7,27.1,87,9.41,1.4,2.27641326,,
2014,9,17,30.4,24.5,26.4,90.6,8.55,0.6,1.947703775,,
2014,9,18,35.4,24.3,29.1,80.8,23.72,1.7,5.096267954,,
2014,9,19,35.1,25.1,28.3,83.4,20.07,0.9,4.287970028,,
2014,9,20,32.8,24.8,28.5,80.9,26.1,2,5.324601628,,
2014,9,21,29.9,25.1,26.9,87.9,17.38,2,3.539100854,,
2014,9,22,32.7,24.1,28.2,81.5,24.68,1.1,4.950060918,,
2014,9,23,32.3,25.4,27.9,85.7,17.43,1.5,3.721942728,,
2014,9,24,30.9,23.8,26.4,88.6,16.45,2.1,3.359441199,,
2014,9,25,32.1,23.8,27.1,87,22.54,1.4,4.447581895,,
2014,9,26,32,23.7,27.6,85.9,23.14,1.3,4.57793362,,
2014,9,27,32.9,24.9,28.2,85.7,20.26,1.5,4.221009416,,
2014,9,28,32,24,27.8,85.9,20.51,1.7,4.176069491,,
2014,9,29,32.3,24.2,28,85,25.07,2.2,4.977093159,,
2014,9,30,31.9,24.3,26.6,89.1,16.21,1.7,3.35302719,,
2014,10,1,32.7,23.7,27.9,83.5,22.89,1.8,4.655016851,,
2014,10,2,31,24.9,27.6,84.8,18.17,1.8,3.808475557,,
2014,10,3,32.1,24.6,27.4,86.7,18.36,1.4,3.799176575,,
2014,10,4,28.7,24,25.9,92.5,10.88,2.1,2.288833227,,
2014,10,5,26.7,23.5,24.3,95.7,6.71,1.8,1.483263169,,
2014,10,6,31.4,23.1,26.8,83.9,23.82,1.9,4.64692256,,
2014,10,7,30.8,24.1,27.1,87.3,17.11,1.4,3.504812679,,
2014,10,8,33.3,24.9,28.5,81.9,20.5,1.3,4.342117417,,
2014,10,9,34.3,25.1,28.8,79.2,20.49,1.2,4.433989373,,
2014,10,10,33.7,24.9,28.3,83.6,21.19,1.5,4.467716305,,
2014,10,11,33.5,24.7,27.1,87.5,15.17,1,3.259475915,,
2014,10,12,31.1,23.5,25.9,89.3,11.29,1,2.449739109,,
2014,10,13,31,22.9,26.6,87.8,16.15,0.8,3.274721688,,
2014,10,14,33.7,24.3,27.4,85.4,21,1.3,4.329631812,,
2014,10,15,32.2,24.8,26.9,88.7,15.48,1.3,3.261093092,,
2014,10,16,34.3,23.6,27.5,84.4,19.98,1.3,4.18838985,,
2014,10,17,32.3,24.7,27.5,84,18.49,1.1,3.857110794,,
2014,10,18,33,24.6,26.7,87.8,18.64,0.9,3.816837929,,
2014,10,19,30.8,24.2,27.3,86.3,18.44,1.5,3.755245231,,
2014,10,20,32.4,24.4,27.7,85.5,20.11,1.2,4.120983522,,
2014,10,21,33.3,24.8,27,87.9,16.69,0.7,3.491643339,,
2014,10,22,31.6,23.9,26.3,90.5,16.23,0.7,3.289750064,,
2014,10,23,31.5,24.1,26.2,91.2,14.61,1.7,2.998505165,,
2014,10,24,32.1,23.6,27.2,84.9,21.38,1.3,4.285891459,,
2014,10,25,32,24.1,27.9,84.4,21.81,1.3,4.405182594,,
2014,10,26,34.2,24.4,28,83.8,18.56,1.2,3.98076828,,
2014,10,27,32.8,23.9,27.1,86.4,22.54,1.5,4.500835004,,
2014,10,28,32.3,24.1,27.7,85.3,23.41,2,4.683513763,,
2014,10,29,32.2,24.2,27.6,84,23.74,2,4.764524639,,
2014,10,30,34,24.2,27.5,85.4,19.23,1,4.018671437,,
2014,10,31,32.8,24.2,27.5,85.2,18.86,1,3.902578927,,
2014,11,1,31.9,24.5,27.2,88,13.08,1.3,2.86688994,,
2014,11,2,33.1,24.1,27.8,85,22.45,1.3,4.558920328,,
2014,11,3,32.5,25,27.2,87.3,15.09,1.1,3.233655913,,
2014,11,4,33.8,25.5,28.5,82,18.67,1,4.023996244,,
2014,11,5,33.1,24.2,26.8,86.5,14.81,1.4,3.223539377,,
2014,11,6,32.4,24.6,26.9,87.6,16.14,1.1,3.385359256,,
2014,11,7,28,24.5,25.6,92.4,6.16,0.9,1.507973745,,
2014,11,8,27.9,23.3,24.9,93.1,8.57,1.6,1.871124783,,
2014,11,9,31.5,24.1,27.4,82.2,16.11,1.6,3.519361604,,
2014,11,10,33.5,24.8,27.3,86.3,18.38,1.2,3.861113505,,
2014,11,11,34,23.6,28.3,77.4,23.05,1.1,4.774700502,,
2014,11,12,33.4,24.5,27.3,81.7,17.03,1,3.662105174,,
2014,11,13,32.4,24.7,26.9,81.8,16.04,1.2,3.488041036,,
2014,11,14,31.3,24.1,27.2,81.7,17.01,1.3,3.611417201,,
2014,11,15,31.1,24.4,27.1,80.6,13.31,1.4,3.066112357,,
2014,11,16,34,23.6,27.6,79.1,21.84,1.7,4.647314138,,
2014,11,17,32.5,25.2,28.1,74.9,20.78,2.2,4.690219255,,
2014,11,18,29.6,25,26.4,83.6,11.26,1.6,2.661212505,,
2014,11,19,30.1,23.9,26.8,81.6,11.98,1.3,2.764973454,,
2014,11,20,32.2,24.5,27.1,82.5,16.27,1.4,3.538661339,,
2014,11,21,34,24.1,27.9,79.8,20.48,1.6,4.420754556,,
2014,11,22,32,24.1,26.3,90,11.32,1.5,2.509715723,,
2014,11,23,32.1,23.1,26.6,88.2,20.36,1.4,4.02360198,,
2014,11,24,32.7,23.9,27.7,82.8,19.03,1.3,3.991933442,,
2014,11,25,32.4,24.8,27.1,89,15.81,0.9,3.308997168,,
2014,11,26,34.2,24,27,87,20.6,1.7,4.248165008,,
2014,11,27,32.1,24.1,26.5,91.3,13.17,1.2,2.780947549,,
2014,11,28,32.7,24.3,27.2,89.4,16.39,0.9,3.408436106,,
2014,11,29,33.6,24.4,28.3,84.4,22.35,1.4,4.618173365,,
2014,11,30,32.4,24.2,28,88.3,22.68,1.2,4.529801054,,
2014,12,1,33.1,25,27.4,88.3,15.11,1,3.238953477,,
2014,12,2,32.8,24,27.5,85.5,18.83,1.2,3.904360919,,
2014,12,3,31.9,23.8,26.8,88.3,21.45,1.2,4.224403364,,
2014,12,4,33.4,22.8,27.1,86.9,20.37,1.3,4.124482888,,
2014,12,5,32.3,23.5,26.6,90.3,15.12,0.9,3.126001238,,
2014,12,6,32.9,23.5,26.3,90.7,18.87,1.2,3.766303007,,
2014,12,7,32.5,23.6,26.7,90.4,14.97,0.7,3.107328118,,
2014,12,8,32.9,24.9,27.5,86,15.64,1.4,3.403601204,,
2014,12,9,33.6,24.1,28.4,80.3,23.42,1.7,4.895032961,,
2014,12,10,33.9,23.6,27.9,75.9,20.77,1.5,4.503161026,,
2014,12,11,33.5,23.9,28,73.3,22.54,1.7,4.876337842,,
2014,12,12,33.3,23.3,28,72.6,23.18,1.7,4.948879858,,
2014,12,13,33.1,24.1,27.7,78.6,18,1.4,3.946946083,,
2014,12,14,30.1,24.2,26.5,83.6,10.48,1.9,2.592935286,,
2014,12,15,29.2,24.3,26.5,80.3,6.65,1.5,2.015388708,,
2014,12,16,26.9,23.9,25,95.1,3.58,0.5,1.014317701,,
2014,12,17,27.4,24.1,25.1,93.5,6.59,1.2,1.551694455,,
2014,12,18,28.2,23.6,25.9,85.2,6.39,1.7,1.83144002,,
2014,12,19,31.8,25.1,27.8,72.7,15.59,2.6,4.076306027,,
2014,12,20,28.2,24,25.9,87.7,4.87,1,1.413774986,,
2014,12,21,27.4,24,25.5,89,6.34,1.6,1.674517627,,
2014,12,22,29.7,23.8,26,85.6,8.16,1.2,2.03119443,,
2014,12,23,26.6,24.5,25.3,91.3,3.88,0.7,1.136913119,,
2014,12,24,26.9,24.4,25.3,92.2,4.39,1.3,1.249574673,,
2014,12,25,30.6,24.4,26.7,88.6,13.28,1,2.81660525,,
2014,12,26,31.9,24.1,26.3,89.5,11.9,1.5,2.617248322,,
2014,12,27,32.4,23.6,27.5,80.4,20.35,1.3,4.214945376,,
2014,12,28,31.9,24.1,27.4,76.8,12.78,1.6,3.163769652,,
2014,12,29,27.6,23.9,25.5,84.7,6.86,1.7,1.90951503,,
2014,12,30,29.6,24.8,27,70.8,13.24,1.6,3.319994979,,
2014,12,31,32.3,23.3,27.2,71.8,23.19,2.2,5.020911294,,
2015,1,1,32.2,23.9,27.4,70.1,23.04,2.3,5.107779997,,
2015,1,2,30.5,22.2,26,77.3,21.63,1.9,4.37269702,,
2015,1,3,32.1,22.3,26.6,74.3,20.21,1.7,4.314957973,,
2015,1,4,31.3,23.3,26.6,79.7,15.79,1.3,3.421289688,,
2015,1,5,32.5,24.1,27.5,79.3,16.64,1.1,3.610632182,,
2015,1,6,31.3,24.2,27,84.5,14.72,1.1,3.157641322,,
2015,1,7,32.2,24,26.1,89.9,11.15,0.3,2.395410267,,
2015,1,8,31.4,24.1,26.3,81,12.9,1.7,3.049683766,,
2015,1,9,31.9,24.2,27.8,68.3,18.18,1.9,4.321758731,,
2015,1,10,32.5,24,26.9,77,16.76,1.8,3.8433847,,
2015,1,11,33.3,23.1,27.3,75.9,20.1,1.3,4.273643826,,
2015,1,12,33.3,23.2,27.9,69.5,22.53,1.6,4.871729942,,
2015,1,13,32.8,23.9,27.9,65.1,23.66,2.7,5.567734638,,
2015,1,14,33.7,24.8,28.2,64.9,23.36,2.7,5.68096299,,
2015,1,15,32.6,24.3,27.8,63.3,23.41,2.9,5.693618968,,
2015,1,16,32.1,23.2,26.9,66.9,23.46,2.6,5.32690512,,
2015,1,17,32.1,21.6,26.4,66.8,22.25,2.2,4.937094911,,
2015,1,18,32.9,20.7,26.6,65.8,24.68,2.2,5.322860728,,
2015,1,19,30.6,22.6,26.2,70,15.92,2.3,3.948634855,,
2015,1,20,32.6,21.8,27,68.2,23.61,1.9,5.033704571,,
2015,1,21,33.4,21.7,26.6,71.5,22.02,1.8,4.744141442,,
2015,1,22,32.5,21.1,26.4,70.8,20,1.7,4.347314165,,
2015,1,23,33.3,20.7,26.3,71.8,22.65,1.7,4.74463103,,
2015,1,24,33.5,21.3,26.5,69.7,23.01,1.6,4.849095355,,
2015,1,25,32.9,21.3,26.3,73.3,18.41,1.4,3.989783303,,
2015,1,26,32.8,23.5,27.2,71.4,19.05,1.5,4.242146126,,
2015,1,27,33.7,21.3,26.6,71.2,23.01,2.1,4.997798172,,
2015,1,28,33.7,21.3,26.8,69.5,24.48,1.9,5.192319469,,
2015,1,29,33.6,21.3,27.8,68.6,23.06,1.9,5.018919524,,
2015,1,30,34.4,23.3,28,69.8,21.64,2,4.970749898,,
2015,1,31,33.6,23.5,28.3,62.6,24.65,2.9,5.937125851,,
2015,2,1,32.6,23.4,27.4,58.6,25.06,3.7,6.412168283,,
2015,2,2,32.9,21.3,27.2,62,25.78,3,5.939366584,,
2015,2,3,34,22.5,27.8,62.8,25.67,2.9,6.051332069,,
2015,2,4,33.6,22.7,27.8,65.8,21.42,2.3,5.083634335,,
2015,2,5,33.6,22.3,27.7,65.3,22.11,2.5,5.258673983,,
2015,2,6,33.5,24.8,28.3,58,23.22,3.1,6.124477292,,
2015,2,7,34.2,20.8,27.6,64.3,25.65,2,5.554162776,,
2015,2,8,33.9,24.7,28.1,59.1,23.32,3.2,6.18478903,,
2015,2,9,33.8,23.9,28.1,57.7,24.96,3.2,6.385695237,,
2015,2,10,34.1,23,27.7,58.3,24.85,2.4,5.91001975,,
2015,2,11,33.9,20.6,26.6,66.7,24.74,1.8,5.240560584,,
2015,2,12,34.2,20.8,26.9,67,23.79,2.1,5.258126348,,
2015,2,13,33.5,22,26.8,69.9,20.62,2,4.678512068,,
2015,2,14,34.8,21.4,27,70.6,23.13,1.9,5.071425154,,
2015,2,15,35.7,21.8,27.6,71.9,21.89,1.8,4.918551855,,
2015,2,16,35.4,24.6,28.6,72.4,21.49,2.1,5.053887789,,
2015,2,17,35.2,24.1,28.1,75,21.71,1.8,4.871812998,,
2015,2,18,35.7,23.4,27.8,75.1,21.92,2.3,5.046775987,,
2015,2,19,34.3,23.7,27.7,78.2,21.3,1.6,4.588110036,,
2015,2,20,34.8,23.5,28.2,73.3,23.57,2,5.210304014,,
2015,2,21,35.6,23.3,28.4,71.5,24.9,2,5.529563176,,
2015,2,22,35.1,24,27.7,76.8,18.68,1.6,4.261545176,,
2015,2,23,35.2,22.7,27.7,73.8,24.42,1.9,5.286927857,,
2015,2,24,35,22.2,27.8,73.4,24.52,2.1,5.330532611,,
2015,2,25,35.5,23.3,28.4,72.6,24.62,2.1,5.477687358,,
2015,2,26,36.2,23.3,28.3,71.8,23.86,2.1,5.447466055,,
2015,2,27,35.6,22.5,28.2,69.8,25.45,2.1,5.650341893,,
2015,2,28,35.8,23.5,28.8,71.3,24.35,2.2,5.550414205,,
2015,3,1,36.4,24.2,29.9,63.5,24.39,2.2,5.890014566,,
2015,3,2,35.8,23.6,29.2,66.5,24.64,2.7,5.947809628,,
2015,3,3,36.3,23.9,29.2,70,25.3,2.1,5.776701314,,
2015,3,4,35.6,24.2,29.1,73.5,25.4,2.2,5.669823861,,
2015,3,5,35,24.2,28.2,77.6,24.25,2.2,5.285745716,,
2015,3,6,35.7,23.2,28.8,70.2,23.1,1.7,5.187259791,,
2015,3,7,36.3,23,28.8,70,25.47,2,5.716711816,,
2015,3,8,36,24.1,27.9,78.1,21.91,1.7,4.853133829,,
2015,3,9,36.2,23.7,28.3,74.5,22.83,1.6,5.070993944,,
2015,3,10,36.4,22.8,28.6,70.8,24.95,2.1,5.646271802,,
2015,3,11,36.6,24.2,29.2,61.9,25.93,2.4,6.293363485,,
2015,3,12,36.5,22.5,28.5,59.3,23.63,2,5.713173377,,
2015,3,13,36.7,22.5,28.4,57,22.97,2.6,6.093086067,,
2015,3,14,36.6,21,28.1,61.3,27.62,2.1,6.22154355,,
2015,3,15,37,22.5,28.7,64.3,27.69,2.6,6.511993402,,
2015,3,16,37.2,22.5,28.9,64.8,26.5,2,6.07374997,,
2015,3,17,37.1,21.2,28.1,66.8,27.17,2,6.043001905,,
2015,3,18,36.7,21.8,28.5,70,25.41,2.1,5.72175422,,
2015,3,19,37.2,23.4,29.4,68.7,24.63,1.9,5.696337709,,
2015,3,20,35.6,23.5,29.2,71.3,20.57,2.1,4.917666636,,
2015,3,21,35.5,24.5,29.2,73.8,20.22,2.1,4.818095194,,
2015,3,22,35.7,24.7,29.7,71.1,20.54,1.6,4.797530783,,
2015,3,23,36.6,23.6,29,70.3,23.27,2.1,5.462622908,,
2015,3,24,36.8,22.4,29.1,65.3,25.24,2.3,5.958541993,,
2015,3,25,36.3,24.5,29.6,64.4,19.05,2,4.960845142,,
2015,3,26,36.1,26.3,30.6,60,20.81,2.8,5.889159561,,
2015,3,27,36,24.9,30,64.1,20.16,2.5,5.381747846,,
2015,3,28,35.4,25,29.9,65.7,20.05,2.5,5.250702706,,
2015,3,29,36.7,24.5,28.8,74.9,21.29,2.4,5.136914353,,
2015,3,30,36.4,24,28.3,79,21.27,1.9,4.804227161,,
2015,3,31,34.6,24.8,27,87.1,15.71,1.3,3.429415651,,
2015,4,1,34.4,24,27.6,84.4,25.54,1.7,5.174558191,,
2015,4,2,34.2,24.1,28.5,81.9,26.67,1.4,5.422458733,,
2015,4,3,34.3,25.9,29.3,79.2,24.33,1.8,5.244251409,,
2015,4,4,35,24.3,28.7,80.6,26.83,1.9,5.598590003,,
2015,4,5,35.6,23.9,29,75.1,26.1,1.8,5.623859531,,
2015,4,6,35,25.4,29.5,77.3,24.18,1.7,5.276610773,,
2015,4,7,35.8,24.6,29.6,71.5,24.12,1.7,5.410090885,,
2015,4,8,35.6,24,29.2,70.3,24.06,1.7,5.370835801,,
2015,4,9,35.9,26,29.5,71.4,19.93,1.9,4.878095858,,
2015,4,10,36,24.9,28.8,74.4,21.81,1.9,5.045702878,,
2015,4,11,34.7,23.7,26.9,84.8,15.29,1.5,3.416964875,,
2015,4,12,35.2,23.7,28.1,78.9,23.91,1.5,5.056597019,,
2015,4,13,35.6,24.8,29.6,69.4,23.62,2.1,5.514724854,,
2015,4,14,34.5,24.9,28.8,74.7,20.89,1.9,4.77355778,,
2015,4,15,34.2,25.5,28.7,74.7,18.21,1.8,4.318690395,,
2015,4,16,35,25.6,28.8,75.8,24.5,1.8,5.372376528,,
2015,4,17,34.5,25.1,27.8,83.3,19.17,1.5,4.166121889,,
2015,4,18,33.6,24.2,28.4,79.6,22.55,1.4,4.723943495,,
2015,4,19,35,23.5,27.6,81.3,21.81,1.9,4.681982276,,
2015,4,20,34.1,23.7,28.8,78.6,25.61,1.7,5.318706922,,
2015,4,21,35.1,26.4,29.5,79.2,20.87,2,4.78684925,,
2015,4,22,33.1,25.5,28.2,80,17.81,2.3,4.125629127,,
2015,4,23,33.7,24.9,27.2,81.9,14.1,1.7,3.338837268,,
2015,4,24,32.8,23.7,27.6,80.3,15.96,1.3,3.532475993,,
2015,4,25,34.5,24.3,28.4,77.5,21.99,1.6,4.77181324,,
2015,4,26,36.1,24.7,29.5,71.5,23.58,1.9,5.420381284,,
2015,4,27,32.5,24.9,26.9,84.1,13.53,2,3.168676464,,
2015,4,28,35.3,24.4,28.8,74.7,23.28,1.5,5.083688086,,
2015,4,29,33.8,24.9,27.7,83.3,21.26,1.7,4.490039086,,
2015,4,30,31.6,24.8,26.8,89,14.3,1.3,3.033980298,,
2015,5,1,33.1,24.4,27.8,83.2,21.37,1.6,4.444326567,,
2015,5,2,32.7,24.9,28.7,81.5,21.77,1.8,4.597534892,,
2015,5,3,33.8,23.9,29.2,79.9,23.59,2.3,5.044616073,,
2015,5,4,33.6,23.6,27.8,82.1,26.44,2.3,5.342790113,,
2015,5,5,33.1,24.6,28.7,81.3,25.21,2.1,5.202223777,,
2015,5,6,33.8,25.8,29.4,79.4,25.81,2,5.47479718,,
2015,5,7,34.4,26.3,29.7,79.8,24.57,1.9,5.32708444,,
2015,5,8,34.4,25,29.1,80.2,22.33,2.3,4.923956117,,
2015,5,9,33.3,25.5,29.2,79,23.92,1.8,5.086492671,,
2015,5,10,32.4,26,28.8,85.1,15.93,1.8,3.56386999,,
2015,5,11,33.8,25.4,29.6,81.6,23.81,2,5.077983804,,
2015,5,12,32.9,24.3,28.2,86.6,21.84,2.1,4.46040064,,
2015,5,13,33.3,26.7,29.7,83,22.18,2.1,4.805053195,,
2015,5,14,32.4,25.8,28.6,85.2,22.74,2,4.691733935,,
2015,5,15,34,25.6,29.3,82.2,23.31,1.7,4.960242624,,
2015,5,16,33.5,26.2,29.6,83,22.65,2,4.862223886,,
2015,5,17,33,23.9,28.3,85.2,21.46,1.8,4.42312165,,
2015,5,18,34.5,25.8,28.9,82.5,23.28,1.6,4.964660883,,
2015,5,19,33.6,25.9,29.4,82.7,25.05,2.3,5.278971215,,
2015,5,20,33.8,25.5,29.7,79.4,24.35,1.8,5.202052828,,
2015,5,21,34.4,26.7,30.3,77.4,23.61,2,5.280318171,,
2015,5,22,32.8,24.6,28.9,81.8,16.48,2,3.760913953,,
2015,5,23,32.7,24.6,28.2,79.9,16.76,1.5,3.747799164,,
2015,5,24,33.8,26.1,29.6,76.5,23.38,1.7,5.105853901,,
2015,5,25,32.6,25.4,28.3,81.9,19.17,1.9,4.180075177,,
2015,5,26,31.8,24.7,27.7,82.3,14.64,1.6,3.318233611,,
2015,5,27,32.7,25.5,28.4,78.8,19.02,1.7,4.216804863,,
2015,5,28,33.6,25.2,29,79.4,23.83,1.9,5.078781391,,
2015,5,29,34,26.4,29.9,75.8,23.7,1.8,5.23315315,,
2015,5,30,35.1,26.5,29.5,77.6,21.07,1.7,4.801768716,,
2015,5,31,32.2,23.5,26.4,89.6,8.15,1.5,2.000413715,,
2015,6,1,33.2,22.8,28,82.3,24.09,1.1,4.820743899,,
2015,6,2,31.5,24.7,27.2,85.4,17.93,2.1,3.779950541,,
2015,6,3,32.8,23.8,28.3,81.2,21.2,1.2,4.3842159,,
2015,6,4,33.5,25.9,29.1,80.8,20.53,1.7,4.496207696,,
2015,6,5,31.9,25.4,28.1,85.3,17.96,1.7,3.825344506,,
2015,6,6,33.8,25,29,81,24.24,1.5,5.06647079,,
2015,6,7,32.2,26.4,28.9,82.6,17.54,1.8,3.910739439,,
2015,6,8,32.5,25.6,28.3,82.7,20.02,2.1,4.319659864,,
2015,6,9,32.2,25.1,28.3,81.5,21.55,1.7,4.514294481,,
2015,6,10,32.6,25.2,28.9,81.1,23.06,1.6,4.806544327,,
2015,6,11,33.4,26.3,28.9,81.4,21.58,1.8,4.67612781,,
2015,6,12,31.2,24.9,27.3,83.9,16.09,1.9,3.517684386,,
2015,6,13,31.9,24.6,27.9,84.7,18.59,1.7,3.911870953,,
2015,6,14,31.2,24.2,27.6,84.2,17.8,2.2,3.790363191,,
2015,6,15,30.6,24.2,26.8,87.5,15.5,2.1,3.263741811,,
2015,6,16,31.4,24.1,26.4,86.7,14.68,1.2,3.105841542,,
2015,6,17,32.5,23.9,26.7,83.9,16.23,1.5,3.499722742,,
2015,6,18,33,23.7,28.2,80.6,22.68,1,4.612427265,,
2015,6,19,33.6,25.8,29.3,81,19.94,1.4,4.351255732,,
2015,6,20,29.5,24.9,27.3,87.6,8.52,0.9,2.029585937,,
2015,6,21,33.2,24.6,28.8,83.3,21.95,1.1,4.545574481,,
2015,6,22,31.9,26,28.9,83.9,16.77,1.7,3.707225541,,
2015,6,23,32.2,26.1,28.8,84.5,16.5,1.6,3.648031283,,
2015,6,24,32.8,25.8,28.9,84.4,15.71,1.1,3.468858015,,
2015,6,25,33.4,25.9,29.1,81.5,17.34,1.3,3.866205592,,
2015,6,26,33.3,26,29.2,82,19.55,1.4,4.254564061,,
2015,6,27,34.3,26.1,29.7,80.6,21.88,1.7,4.805698266,,
2015,6,28,33.5,27.1,29.4,82.8,16.74,1.6,3.83728995,,
2015,6,29,32.4,24.2,28.3,84.1,17.16,1.6,3.706707625,,
2015,6,30,32.9,24.7,29,81.3,23.51,1.4,4.857806046,,
2015,7,1,32.9,25.9,29,81.2,24.58,1.7,5.121022021,,
2015,7,2,32.6,25.4,28.8,83,20.5,1.7,4.359534775,,
2015,7,3,33.2,24.4,27,87.8,14.74,1.8,3.223293729,,
2015,7,4,29.5,24.4,26.1,90.5,9.95,1.3,2.211018427,,
2015,7,5,32.1,24.5,27,87.5,16.57,1.5,3.473428811,,
2015,7,6,32.4,24.9,28.4,83.3,23,1.9,4.733156219,,
2015,7,7,29.5,23.6,26.4,90.1,8.48,1.7,2.010777715,,
2015,7,8,27.5,24.5,25.7,92.6,5.72,1.1,1.443104914,,
2015,7,9,31.7,25.1,28,86.4,15.14,2,3.337285387,,
2015,7,10,29.6,23.5,26.4,88.4,13.65,2,2.882229403,,
2015,7,11,31.6,24.7,27.9,86.5,17.21,1.3,3.605184916,,
2015,7,12,31.7,25.1,27.6,87.8,20.43,2.1,4.133040392,,
2015,7,13,29.5,24.1,26.1,92.4,9.64,1.2,2.107334601,,
2015,7,14,31.1,24.1,27.1,89.1,16.23,1.3,3.331649618,,
2015,7,15,31.8,24.3,27.4,86.5,17.95,1.6,3.72554528,,
2015,7,16,32.7,25,28.5,86.3,22.56,1,4.595809063,,
2015,7,17,32.6,26.2,28.9,84,20.72,1.3,4.371428753,,
2015,7,18,32.7,25.1,28.7,88.3,20.67,1.6,4.256036848,,
2015,7,19,30.8,24.4,26.1,91.9,10.8,1.2,2.334191005,,
2015,7,20,32.9,24.5,27.4,89,18.62,1.6,3.828503479,,
2015,7,21,30.2,22.2,25.8,90.8,9.96,1.8,2.206454857,,
2015,7,22,33.3,24.5,28.7,84.3,25.1,1.3,5.087546903,,
2015,7,23,32.8,25.5,28.5,84.9,20.38,1.1,4.254263628,,
2015,7,24,33.3,25,27.9,84.2,21.57,1.2,4.460145512,,
2015,7,25,32.9,24.5,27.8,85.2,23.93,1.5,4.814349318,,
2015,7,26,31.2,24,26.9,89.8,17.78,1.3,3.568671113,,
2015,7,27,32.6,24.6,28.1,83.9,21.86,1.5,4.492996698,,
2015,7,28,31.3,24.4,27.6,82.8,12.63,0.9,2.8241902,,
2015,7,29,32.5,24.6,26.9,86.2,12.77,1.1,2.843458607,,
2015,7,30,31.4,23.9,27.2,85.1,11.93,1.5,2.749055504,,
2015,7,31,29.7,24,26.7,85.3,11.09,0.9,2.471448665,,
2015,8,1,31.3,23.6,27.2,84.2,15.04,0.8,3.166592066,,
2015,8,2,32.2,24.5,27.6,83.8,21.75,1.3,4.415179832,,
2015,8,3,31.1,24,26.1,88.3,15.54,1.9,3.225364509,,
2015,8,4,31,22.4,26.7,85.3,17.11,1.4,3.497579222,,
2015,8,5,30.2,22.6,25.7,88.1,14.18,1.3,2.916856715,,
2015,8,6,30.4,22.7,26,88,9.57,1.2,2.195655083,,
2015,8,7,26.2,22.5,24.7,93.3,3.59,1.1,1.076182541,,
2015,8,8,31.4,23.4,25.7,88.8,16.81,1.1,3.370943402,,
2015,8,9,31.4,23.2,26.4,88.6,14.47,1,3.005469489,,
2015,8,10,32.2,24.5,27.8,86.1,19.16,1.2,3.949674918,,
2015,8,11,28.8,24.7,26.4,89.8,8.25,1.8,1.994984455,,
2015,8,12,32.3,24,26.3,86.3,18.86,1.6,3.851689108,,
2015,8,13,32.4,23.2,27.7,81.1,24.61,1.1,4.866715769,,
2015,8,14,32.3,25.4,28.7,81.5,24.51,1.5,5.010306139,,
2015,8,15,32.6,25.5,28.2,81.6,14.72,1.1,3.311633789,,
2015,8,16,32.6,23.5,26.6,89.7,12.56,1.3,2.725015558,,
2015,8,17,32.8,23.6,27.6,84.9,23.12,1.2,4.625108817,,
2015,8,18,32,25.4,28.1,85.3,23.5,1.2,4.728892124,,
2015,8,19,32.6,25.3,28.3,83.1,23.87,1.7,4.890596868,,
2015,8,20,32.1,24.7,27.6,81.8,19.16,2,4.122742565,,
2015,8,21,32.2,24.6,27.1,85,18.74,1.7,3.916079182,,
2015,8,22,33.1,24.7,28,83,20.64,1.3,4.312879008,,
2015,8,23,33.3,24.8,28.4,81.5,20.06,1.5,4.297661375,,
2015,8,24,33,24.9,27.2,85.7,17.41,1.4,3.702702387,,
2015,8,25,32.9,22.1,26.6,83.9,16.4,1.4,3.482724674,,
2015,8,26,33,24.6,27.4,80.9,15.06,1.2,3.378036883,,
2015,8,27,34,24.6,28.4,78.4,19.25,1,4.141179093,,
2015,8,28,34.1,24.9,27.9,81,18.19,1.1,3.950067075,,
2015,8,29,33.8,24.3,28.4,79.1,22.17,1.7,4.739368035,,
2015,8,30,30.9,25,27.3,83.7,17.04,2,3.673965025,,
2015,8,31,32.9,24.1,27.9,81.6,20.7,1.8,4.377777651,,
2015,9,1,32.5,25.4,28.3,82.5,17.56,1.4,3.822505948,,
2015,9,2,31.7,25.5,27.6,88.5,10.47,1,2.403722198,,
2015,9,3,32.9,24.8,27.6,85.3,15.97,1.3,3.464149748,,
2015,9,4,32.7,24.3,28,83,22.92,1.7,4.690759122,,
2015,9,5,31.8,24.6,27.3,86.6,18.63,1.6,3.839193305,,
2015,9,6,33.3,24.2,28.2,81.2,23.69,1.3,4.849994112,,
2015,9,7,33.5,25.2,28.9,80.4,23.04,1.6,4.873320229,,
2015,9,8,32.3,24,26.8,84.9,18.59,1.8,3.879307192,,
2015,9,9,28,24.1,24.9,93.8,7.96,2,1.766407624,,
2015,9,10,28.4,23.4,25.4,89.4,9.69,0.8,2.115384038,,
2015,9,11,32.9,23.6,28.2,80.5,26.51,1.6,5.301806834,,
2015,9,12,33.7,24.8,28.4,81.5,19.73,1.8,4.311295522,,
2015,9,13,33.4,24.8,28.5,79.7,20.85,1.2,4.41757014,,
2015,9,14,31.1,23.9,27.5,86.2,12.56,1.5,2.81806821,,
2015,9,15,31.8,24.1,26.7,87.2,14.75,1.3,3.137331942,,
2015,9,16,26.5,23.5,25.3,94.5,3.62,1.1,1.057284869,,
2015,9,17,31.8,23.7,26.6,87.3,10.49,1.3,2.425915505,,
2015,9,18,34.4,25.3,29.1,80.5,17.86,1.1,3.961591934,,
2015,9,19,35,25.8,29.3,77.9,21.31,1.3,4.698947208,,
2015,9,20,34.7,25.2,28.2,81.3,21.63,1.1,4.591399113,,
2015,9,21,34,23.4,28.4,82.3,23.07,1.7,4.795415204,,
2015,9,22,32.5,23.5,27.7,83.7,20.26,1.7,4.194023181,,
2015,9,23,31.4,24.5,27.9,83.1,23.5,2.1,4.731810689,,
2015,9,24,31.6,23.8,27.6,83,24.89,1.5,4.890612749,,
2015,9,25,33,24.8,28.5,81.2,25.35,1.8,5.193439452,,
2015,9,26,32.3,24.6,28.1,81,23.33,1.7,4.790026551,,
2015,9,27,32.2,24.1,26.5,86.4,17.07,1.6,3.566785605,,
2015,9,28,30.1,23.4,26.7,85.8,14.58,1.2,3.060747512,,
2015,9,29,33,24.9,28.6,82,25.1,1.3,5.103575374,,
2015,9,30,32.5,25.6,28.5,83.4,16.54,1.1,3.599954764,,
2015,10,1,31.5,24.1,26.8,86.4,12.9,1.7,2.890578378,,
2015,10,2,32.5,25,28.3,80,23.75,1.9,4.941448678,,
2015,10,3,33.3,24.8,28.4,81.3,15.45,1.1,3.4543167,,
2015,10,4,30.6,26.1,28,86.8,10.32,1.1,2.419374631,,
2015,10,5,31.7,24.1,27.5,84.1,14.23,1,3.092520673,,
2015,10,6,33.1,24,26.5,88.3,13.24,1.4,2.902499184,,
2015,10,7,32.9,23.4,27.5,83,15.87,1.3,3.457457565,,
2015,10,8,33.3,25.3,28.1,84.1,18.49,1.9,4.03155443,,
2015,10,9,32.1,24.4,26.6,89,13.87,2,3.001083786,,
2015,10,10,32.3,23.6,27.6,84.6,19.28,1.3,3.97140583,,
2015,10,11,33.3,25,28.5,82.1,21.85,1.6,4.60693619,,
2015,10,12,33.6,25,28.1,82.8,18.16,1.5,3.965888377,,
2015,10,13,32.9,24.9,27.6,84.9,16.45,1.3,3.556047973,,
2015,10,14,32.6,24,26.4,89.7,15.33,1.2,3.190030532,,
2015,10,15,32.5,24.7,28.2,83.2,22.66,1.6,4.647833343,,
2015,10,16,33.9,25.7,28.5,82,22.72,1.1,4.757301959,,
2015,10,17,32.7,24.8,28.6,81.1,25.21,1.7,5.146623367,,
2015,10,18,31.9,24.5,28.3,84,15.97,1.5,3.488762076,,
2015,10,19,32,25.7,28.4,84.7,14.95,1.6,3.353837491,,
2015,10,20,32.1,26.3,28.5,83.9,14.6,1.5,3.324464759,,
2015,10,21,31.8,25.8,28.6,84.2,12.39,1.2,2.875238006,,
2015,10,22,33,26.1,28.9,84.4,14.02,1.3,3.218424611,,
2015,10,23,32.4,24,27.3,87.4,14.64,1.4,3.157825759,,
2015,10,24,31.1,24,26.8,90.9,7.21,0.9,1.748629647,,
2015,10,25,34.2,24.6,27.9,84.5,20.99,1.5,4.418390917,,
2015,10,26,33.9,25,28.1,83.6,19.04,1.7,4.136092022,,
2015,10,27,31.3,25,27.3,86.7,12.31,1.4,2.775940581,,
2015,10,28,34.1,24.3,27.3,83.1,20.36,1.7,4.329071052,,
2015,10,29,32.1,24.6,27.8,79.2,14.2,1.5,3.319526025,,
2015,10,30,33.7,25,28.2,77.6,20.68,2.1,4.639213008,,
2015,10,31,33.4,24.1,27.6,82.2,20.99,1.7,4.416276326,,
2015,11,1,33,24.4,26.8,85.8,15.41,1.4,3.341590959,,
2015,11,2,33,24.1,26.8,86.1,17.61,1.6,3.707614495,,
2015,11,3,32.7,24.7,27.8,83.3,20.02,1.7,4.219950901,,
2015,11,4,32.5,25.1,27.1,87.7,14.39,1.6,3.146789359,,
2015,11,5,32.4,24.7,26.9,89.1,13.37,1.4,2.90594737,,
2015,11,6,32.1,23.8,26.6,89.9,18.24,1.9,3.652291176,,
2015,11,7,32.7,24.4,27.9,86,23.01,1.8,4.641475763,,
2015,11,8,33.8,24.3,26.6,89.8,15.57,1.3,3.286465021,,
2015,11,9,33.1,23.8,26.9,88.6,20.29,1.4,4.085857318,,
2015,11,10,33.5,24.8,27.3,88.6,17.02,1.5,3.595994085,,
2015,11,11,31.4,24.1,26.4,90.7,13.91,1.3,2.898396659,,
2015,11,12,33.3,24.4,27.7,86.8,17.22,1.3,3.65524207,,
2015,11,13,31.6,24.6,27.1,90.1,13.97,1.6,2.967129814,,
2015,11,14,33.8,23.6,26.8,88.4,16.7,1.4,3.507309464,,
2015,11,15,33.3,24.4,27,89.5,17.03,1.4,3.543714207,,
2015,11,16,34,24.6,27.8,82.5,20.01,1.5,4.280989976,,
2015,11,17,34,24.4,27.1,86,16.85,1.5,3.638639072,,
2015,11,18,33.8,24.7,27.7,82.5,21.5,1.5,4.517655915,,
2015,11,19,33.5,25.2,27.7,85.4,22.83,1.1,4.665836485,,
2015,11,20,33.3,25.2,28.7,74.5,24.16,2.4,5.335909165,,
2015,11,21,33.7,24.8,28.8,73.6,23.42,2.3,5.24242628,,
2015,11,22,31.9,25,26.3,88.1,10.21,1.2,2.362229689,,
2015,11,23,33.7,24.5,27.6,85.1,18.11,1.1,3.836493548,,
2015,11,24,31.8,24.9,27.6,86,15.07,1.1,3.239391564,,
2015,11,25,33.3,24.8,28.2,83.6,17.35,1.5,3.793711832,,
2015,11,26,33.9,24.7,28.7,76.2,22.53,2.5,5.073070089,,
2015,11,27,28.6,25.2,26.5,81.7,8.2,2.1,2.34607634,,
2015,11,28,33.1,24.4,27.3,82.5,17.34,1.7,3.803559407,,
2015,11,29,34.4,25.1,27.8,83.3,21.35,1.9,4.575235773,,
2015,11,30,29.5,25.2,26.6,86.3,8.56,1.4,2.130779247,,
2015,12,1,32.6,24.4,27.9,79.1,19.52,1.9,4.268762157,,
2015,12,2,34.1,24.5,28.7,82,22.5,1.5,4.744072831,,
2015,12,3,34.1,24.5,28,81.6,19.88,1.5,4.287611327,,
2015,12,4,33.8,25,28.4,82.3,17.99,1.3,3.934840084,,
2015,12,5,33.6,24.6,27.9,85,20.95,1.5,4.367236563,,
2015,12,6,33.7,25,28.9,76.8,20.74,2.2,4.710781727,,
2015,12,7,34.1,25.7,29.4,73.2,21.19,2.5,5.057630533,,
2015,12,8,30.5,25.3,26.9,89.4,9.85,1.4,2.276549961,,
2015,12,9,32.4,24.3,27.5,87.9,14.5,1,3.105928026,,
2015,12,10,34,24.7,28.3,84.7,21.21,1.4,4.45189257,,
2015,12,11,34.8,25,28.1,85.5,21.92,1.8,4.632835925,,
2015,12,12,33.7,24.5,28,86.1,20.07,1.1,4.178527187,,
2015,12,13,33.3,25.3,27.9,85.9,17.36,1.2,3.718721958,,
2015,12,14,32.4,24.3,26.7,89.7,15.91,1.1,3.296534732,,
2015,12,15,33.5,23.5,27.9,80.3,22.64,1.5,4.692089968,,
2015,12,16,33.3,23.4,27.6,79.3,19.82,1.3,4.192010259,,
2015,12,17,33.4,23.9,27.5,78.1,21.39,2.3,4.688112524,,
2015,12,18,31.8,23.1,26.8,77,20.6,2.6,4.507897975,,
2015,12,19,32.4,25,28.1,70.8,21.48,2.2,4.909677234,,
2015,12,20,30.2,23.5,26.4,83.4,12.42,1.1,2.746104549,,
2015,12,21,32.4,23.7,27.2,81.4,18.2,1.3,3.845062471,,
2015,12,22,32.3,23,27.2,83,14.2,1.2,3.128630056,,
2015,12,23,32,24.8,27.7,84.7,17.79,1.4,3.757385114,,
2015,12,24,33.7,23.8,27.9,83.3,22.23,1.2,4.565599345,,
2015,12,25,33.9,25.1,28.5,79.5,19.87,1.8,4.414597728,,
2015,12,26,33.3,24.5,28.7,72.3,22.46,2.4,5.118000483,,
2015,12,27,33.5,25.5,28.8,74.5,19.55,2.5,4.693798354,,
2015,12,28,31.6,25.1,27.6,81.6,15.01,2,3.470773069,,
2015,12,29,33.3,25.6,28.5,72.6,22.12,3.2,5.33674051,,
2015,12,30,33.2,22.6,27.7,67.8,23.66,2.4,5.325646466,,
2015,12,31,32.2,21.5,26.4,75.4,16.16,2.2,3.808035633,,
2016,1,1,33.1,25.7,28.7,67.1,23.47,2.9,5.67821303,,
2016,1,2,33.4,24.8,28.4,69,21.57,2.4,5.125019645,,
2016,1,3,33.7,23.3,27.9,74.8,22.09,1.9,4.813433441,,
2016,1,4,34.5,24.2,28.4,76.8,21.04,1.9,4.701448075,,
2016,1,5,35.2,24.4,29.1,74.8,24.16,1.7,5.281312465,,
2016,1,6,36,24.4,29.2,75.1,21.84,1.5,4.900224256,,
2016,1,7,34.5,24.1,29.1,67.7,23.79,2.4,5.558309693,,
2016,1,8,34.6,23.7,28.8,70.3,24.04,2.6,5.558508104,,
2016,1,9,34.8,23.9,29,68.4,24.03,2.4,5.58849667,,
2016,1,10,35.8,23.7,28.6,73.8,23.47,1.9,5.254802281,,
2016,1,11,35,24,28.7,78,23.4,1.9,5.085597971,,
2016,1,12,35.2,24.4,28.9,71,23.9,2.2,5.480651137,,
2016,1,13,35.5,23.8,28.6,76.8,24.2,2,5.295971042,,
2016,1,14,34.4,24.8,27.7,84.8,15.68,1.4,3.503655774,,
2016,1,15,33.7,24.9,28.2,84,22.71,1.6,4.720494699,,
2016,1,16,33,23.9,27.6,84.3,20.44,1.8,4.253470651,,
2016,1,17,31.9,25.2,27.5,85.9,15.46,1.3,3.335411939,,
2016,1,18,34.1,25.3,28.9,80.4,21.76,1.4,4.669368227,,
2016,1,19,35.1,25.8,29.5,78.6,20.66,1.6,4.656381771,,
2016,1,20,35.3,24.3,29.1,69.3,24.95,1.8,5.553592223,,
2016,1,21,34.2,25,29.1,68.9,24.44,2.5,5.671763325,,
2016,1,22,33.3,25.1,28.5,76.2,19.67,1.9,4.458878665,,
2016,1,23,34.4,24.8,29,68.5,24.32,2.3,5.603533758,,
2016,1,24,34.9,24.2,29.1,64.2,23.9,3.2,6.077257433,,
2016,1,25,33.6,26.2,28.8,67.3,20.26,3.3,5.452478675,,
2016,1,26,31.8,25.4,27.6,74.8,20.5,3.2,4.848307656,,
2016,1,27,33.2,25.7,28.5,72.6,20.86,3.2,5.153350636,,
2016,1,28,32.3,24.6,28,79,19.14,2.4,4.297836605,,
2016,1,29,33.9,25.5,28.7,77.5,21.92,2,4.865054193,,
2016,1,30,33.9,23.6,28.6,72.5,22.89,2,5.066024905,,
2016,1,31,34.9,24.4,29.2,69.8,24.95,2.2,5.652599144,,
2016,2,1,34.5,24.1,28.5,71.8,22.44,2.4,5.213108692,,
2016,2,2,34.8,23.2,28.4,68.9,21.39,2.6,5.21851567,,
2016,2,3,35,25,29.7,64.3,23.6,3.1,6.045849366,,
2016,2,4,32,27.1,28.8,69.5,11.49,2.6,3.73058882,,
2016,2,5,31.8,25.3,28.3,75.2,13.45,2.2,3.539085187,,
2016,2,6,32.5,26.5,28.7,69,14.97,3.4,4.577363027,,
2016,2,7,30.9,25.8,27.8,68.5,14.66,4,4.622162997,,
2016,2,8,32.1,24.2,27.5,62.4,20.02,3.5,5.500856103,,
2016,2,9,33.2,24.9,28.1,63.5,23.85,3,5.887536961,,
2016,2,10,34.5,23.4,28.2,69.3,21.02,2.6,5.131058376,,
2016,2,11,34.7,24.4,29.3,67.7,23.07,2.8,5.63736185,,
2016,2,12,35.1,25.4,28.8,74.6,17.32,1.8,4.233393634,,
2016,2,13,35.5,25,29.4,71.9,24.51,2.4,5.676395203,,
2016,2,14,36.1,24.3,29.1,75.6,21.35,1.7,4.867400632,,
2016,2,15,36.1,24.9,29.3,73.5,25.25,2.1,5.706040504,,
2016,2,16,35.6,25.3,30,61.2,24.99,2.9,6.374135124,,
2016,2,17,34.9,24.9,29.2,58,25.56,3.2,6.640353292,,
2016,2,18,34.4,25.2,28.8,63,19.09,2.9,5.353717022,,
2016,2,19,34,25.4,28.3,70.4,15.09,2.5,4.237974402,,
2016,2,20,35.2,23.2,28.6,65.5,25.5,2.8,6.058727432,,
2016,2,21,34.8,22.3,28.8,53.6,26.86,3.3,6.852789264,,
2016,2,22,35,21.4,28.2,60.2,26.86,2.6,6.222333185,,
2016,2,23,36,23.3,29.1,63.7,25.94,2.3,6.067940799,,
2016,2,24,34.8,24.3,29,64.2,24.78,3.7,6.390921123,,
2016,2,25,34.9,24.8,29.2,58.3,25.05,4,6.946043115,,
2016,2,26,35.1,24.9,29.2,59,24.31,3.8,6.753103552,,
2016,2,27,34.4,25.4,29,65.4,16.28,2.7,4.753324639,,
2016,2,28,35.8,25.8,30,62.1,24.62,3.4,6.580126957,,
2016,2,29,35.8,24.6,29.9,61.8,25.23,3.3,6.54537212,,
2016,3,1,35.5,24.2,29.6,60.7,25.54,2.8,6.340768701,,
2016,3,2,35.2,22.8,29,62.4,25.18,2.9,6.151873862,,
2016,3,3,35.8,23.4,29.6,60.3,24.78,2.3,5.979476081,,
2016,3,4,36.9,23.1,29.5,64.5,26.68,2.2,6.201798465,,
2016,3,5,37.5,24.7,30.2,65.5,25.23,2.4,6.202770517,,
2016,3,6,36.7,24.9,29.5,69.5,19.2,2.6,5.131026866,,
2016,3,7,37.3,26.5,30.6,65,26.58,3,6.78898274,,
2016,3,8,37.6,24.3,29.8,70,24.48,2,5.768307244,,
2016,3,9,37.2,23.9,29.4,72.7,23.61,2,5.488605492,,
2016,3,10,38.5,24.7,30.2,67.8,25.54,2,6.11886951,,
2016,3,11,38.4,22.6,29.8,62.3,25.8,2,6.172933517,,
2016,3,12,38.5,22.8,29.7,66.3,24.34,2.2,5.959759954,,
2016,3,13,37.5,25.9,30.3,69.8,20.79,1.9,5.198924976,,
2016,3,14,38.2,25.3,30.4,69.8,24.78,2.3,6.061923043,,
2016,3,15,38.2,25,30.5,65.1,25.83,2.1,6.265983353,,
2016,3,16,37.5,24.2,29.7,69.4,24.52,2.2,5.853092769,,
2016,3,17,38.8,23.8,30.2,66.5,24.93,2.2,6.133559698,,
2016,3,18,39.1,23.7,30.1,67.4,25.81,2.1,6.233272882,,
2016,3,19,38.2,24.9,30.5,64.6,23.17,2,5.797473372,,
2016,3,20,38,24.3,30,67.2,23.91,2,5.793914762,,
2016,3,21,37,24.9,30.3,66.8,23.97,2.2,5.832165177,,
2016,3,22,35.7,24.9,29.7,73.7,20.39,2.1,4.887415076,,
2016,3,23,35.8,27.6,30.9,74,22.44,2,5.34317619,,
2016,3,24,37.8,26.3,31.1,69,22.33,1.7,5.440424918,,
2016,3,25,38.3,23.3,30,65.7,22.99,1.8,5.569609678,,
2016,3,26,37.9,24.5,30.8,60.8,23.78,2.6,6.275983871,,
2016,3,27,36.7,25.9,31.2,56,23.95,3.1,6.708126339,,
2016,3,28,37.7,27.1,31.4,58,24.77,2.8,6.785885962,,
2016,3,29,37.1,26.3,31.1,56,25.18,2.9,6.851435957,,
2016,3,30,38.6,26.2,30.8,60.6,25.62,3.1,7.050365038,,
2016,3,31,37.9,24.6,30.3,67.1,24.27,2.2,5.95082145,,
2016,4,1,37.3,24,29.9,71.3,23.04,2.5,5.631177343,,
2016,4,2,36.9,25.1,28.9,77,16.23,1.6,4.016006918,,
2016,4,3,36,25.1,29.5,76.1,18.97,1.9,4.547588905,,
2016,4,4,36.6,26.3,29.6,76.1,20.65,1.9,4.927740075,,
2016,4,5,36.6,25,29.3,79.1,19.88,1.6,4.57484483,,
2016,4,6,36.2,25.3,30.2,71.6,20.86,1.9,5.021239464,,
2016,4,7,36.9,23.6,30,69.7,21.83,1.7,5.130509148,,
2016,4,8,37.6,24.8,30.2,70.6,22.21,2,5.408443561,,
2016,4,9,36.4,25.3,30.5,74.7,24.22,2.1,5.577478743,,
2016,4,10,37,26.4,31.1,75,21.13,2,5.131452325,,
2016,4,11,35.5,27.2,31,77.3,23.75,2.3,5.499909001,,
2016,4,12,35.4,27.2,30.6,76.5,21.17,1.9,4.974079813,,
2016,4,13,35.6,26,30.3,74.9,25.31,2.1,5.713097001,,
2016,4,14,35.8,26,30.3,74.4,26.28,1.9,5.854672674,,
2016,4,15,35.6,25.5,30.4,73.8,25.24,1.8,5.625712649,,
2016,4,16,35.9,27.5,31.2,73.4,23.24,2,5.502738321,,
2016,4,17,34.4,26.8,29.2,81.8,14.11,1.8,3.480792988,,
2016,4,18,35.6,26.1,30.1,80.1,21.86,1.7,4.913778722,,
2016,4,19,38.7,26.7,31.1,74.2,23.89,1.9,5.773603756,,
2016,4,20,37.6,26.7,30.7,74.6,24.87,1.9,5.823483776,,
2016,4,21,37.2,26.5,30.6,75.3,23.86,1.9,5.580952699,,
2016,4,22,35.8,26.6,30.9,74.6,23.74,1.8,5.440577417,,
2016,4,23,36,26.4,30.2,77,24,2.2,5.511868644,,
2016,4,24,35.1,25.8,29.9,80.9,22.36,1.7,4.929476019,,
2016,4,25,35.7,27.7,31.4,76.6,24.03,1.9,5.533552492,,
2016,4,26,35.4,25.1,30.3,78.3,21.61,2.3,4.980476247,,
2016,4,27,34.8,25.5,30.1,80.8,24.66,2.3,5.372505978,,
2016,4,28,35.5,27.3,30.9,78.5,24.04,2.4,5.532269449,,
2016,4,29,35.7,26.4,30.3,82.1,22.8,2.3,5.135478559,,
2016,4,30,32.6,26.2,29.4,84.4,15.18,1.5,3.447137165,,
2016,5,1,33.5,26.1,29.5,80,14.5,1.2,3.40131202,,
2016,5,2,36,25.7,30.2,76,23.63,1.8,5.347269082,,
2016,5,3,35.2,26.2,29.9,80,21.98,1.9,4.942314124,,
2016,5,4,35.2,24.7,29.3,83.9,25.01,1.9,5.275349682,,
2016,5,5,35.1,24.9,28.7,83.3,22.65,2,4.874287922,,
2016,5,6,34.2,25.3,29.5,81.8,20.57,1.5,4.482560534,,
2016,5,7,34.6,24.7,28.2,85,15.19,1.8,3.488359297,,
2016,5,8,34.1,24.9,28.6,83.3,22.01,1.8,4.676918521,,
2016,5,9,34.5,25.2,29.1,82.6,24.39,1.8,5.154060292,,
2016,5,10,34.5,25.4,28.8,84.8,23.69,1.8,4.9792403,,
2016,5,11,34.1,25.8,29.5,81.8,20.03,1.5,4.401791365,,
2016,5,12,33.8,26.2,30,82.2,22.78,2.1,4.94986955,,
2016,5,13,33.6,25.9,28.8,83.7,20.99,1.9,4.520250493,,
2016,5,14,35,25.8,28.6,85,19.45,1.7,4.273282532,,
2016,5,15,34.4,24,28.7,84.9,18.75,1.9,4.084929705,,
2016,5,16,31.6,25.8,28.4,84.2,12.43,1.3,2.889322707,,
2016,5,17,33.9,26.2,29.6,84.2,22.33,2,4.800992592,,
2016,5,18,34.6,25.7,28.6,84.2,22.07,2.2,4.760321158,,
2016,5,19,33.6,25.5,29.2,81.7,16.61,1.5,3.77348906,,
2016,5,20,33.5,26.5,29.1,84.3,13.25,1.5,3.151108983,,
2016,5,21,30.1,24.5,26.7,89.7,9.8,1.9,2.273569096,,
2016,5,22,31.4,24.8,26.4,87.5,8.96,1.4,2.187525863,,
2016,5,23,34,25,29.3,80.1,20.47,1.2,4.414903461,,
2016,5,24,33.5,25.2,27.9,85.2,15.54,1.6,3.473430074,,
2016,5,25,32.4,25.2,28.3,83.7,13.94,1.3,3.164817309,,
2016,5,26,33.3,24.8,27.9,82.4,19.83,1.7,4.251615916,,
2016,5,27,32.3,24.8,27.9,85.9,9.81,1.1,2.364910932,,
2016,5,28,33.2,25.9,28.8,83.3,21.03,1.7,4.493982636,,
2016,5,29,31.1,24.7,27,87.9,12.66,2.2,2.84923789,,
2016,5,30,30.9,24.5,26.8,87.3,13.63,2,2.992588897,,
2016,5,31,33.6,25,28.9,80.8,25.47,1.7,5.27984883,,
2016,6,1,33.8,26.3,29.8,79.2,23.97,1.3,5.102346572,,
2016,6,2,33.3,25.7,28.7,82.1,22.9,1.4,4.79556698,,
2016,6,3,32,23.5,27.4,84.8,22.9,1.4,4.540444062,,
2016,6,4,33.8,25.1,29.4,80,22.9,1.4,4.860409002,,
2016,6,5,33.5,26.3,29.7,80.7,22.9,1.4,4.891779284,,
2016,6,6,33.5,26.3,29.5,84.2,21.83,1.5,4.653716205,,
2016,6,7,32.4,26.1,28.9,86.9,18.17,1.6,3.884899485,,
2016,6,8,31.3,26,28.1,84.5,18.81,1.7,3.977623259,,
2016,6,9,32.7,24.4,28.6,82.7,23.9,1.8,4.892739778,,
2016,6,10,33.1,25.9,29.4,83.9,23.79,1.8,4.971283387,,
2016,6,11,33.3,26.6,29.7,85.1,23.55,1.6,4.952666823,,
2016,6,12,32.3,26.5,29.4,85.6,21.74,1.5,4.550299497,,
2016,6,13,31.6,24.2,28.3,87.3,19.68,1.8,4.015845221,,
2016,6,14,32.6,25.5,28.7,85.5,22.18,1.5,4.576038955,,
2016,6,15,32.7,26,29.1,86,23.86,1.6,4.900561571,,
2016,6,16,32.2,23.7,27.6,89.8,15.13,1.3,3.177907867,,
2016,6,17,28.8,23.1,25,94.8,7.86,1.3,1.721196967,,
2016,6,18,32.3,23.5,27.4,86.1,17.47,1.2,3.628533172,,
2016,6,19,31.9,25.3,28.4,85.2,17.44,1.2,3.703261825,,
2016,6,20,28,23.3,26.3,90.7,7.43,1.4,1.784484883,,
2016,6,21,31.1,24.5,27.1,87.8,18.03,1.3,3.664012498,,
2016,6,22,33.3,24.8,28.6,84.3,23.41,1.2,4.799114776,,
2016,6,23,33.6,25.8,29.3,81.1,23.5,1.6,4.984430331,,
2016,6,24,32.8,26,29.3,83.6,20.35,1.6,4.361167246,,
2016,6,25,34.5,26.3,29.8,81.3,22.62,1.2,4.872761795,,
2016,6,26,32.2,26.6,29,85.9,14.61,1.4,3.287439259,,
2016,6,27,32.5,26.8,29.2,84.5,13.29,0.9,3.029561615,,
2016,6,28,29.1,23.4,26.7,90,7.91,1.1,1.875302229,,
2016,6,29,31.6,25,27.8,88.2,11.63,0.9,2.595594109,,
2016,6,30,32.8,24.5,27.5,87,15.96,1.2,3.40473178,,
2016,7,1,33.5,24.8,28.9,85.6,23.74,1.1,4.867247383,,
2016,7,2,33.7,26.7,29.7,85,20.23,1.2,4.36702879,,
2016,7,3,34.3,26.4,29.9,83.1,22.22,1.2,4.778006847,,
2016,7,4,34.3,26.8,29.8,82.1,23.63,1.6,5.098998985,,
2016,7,5,32.9,24.8,29,85.9,21.77,1.9,4.515415712,,
2016,7,6,28,23,25.9,91.5,7.08,1.6,1.710382924,,
2016,7,7,32.8,24.4,27.4,85.6,22.68,2.5,4.602637966,,
2016,7,8,32.9,24.3,28.2,84.1,19.28,1.3,4.050689003,,
2016,7,9,33,26.1,29.1,84.4,21.32,1.6,4.517498425,,
2016,7,10,32.7,26.9,29.2,84.3,18.03,1.5,3.961433163,,
2016,7,11,30.4,23.8,27.1,88.7,9.51,1.1,2.193383745,,
2016,7,12,31.2,24.6,28,87.8,15.38,1.2,3.254682516,,
2016,7,13,31.5,24.9,28,87.6,20.13,1.6,4.085802657,,
2016,7,14,31.5,25.2,28.1,86.8,20.78,1.6,4.224852764,,
2016,7,15,33.1,25.5,28.3,85.1,19.19,1.3,4.068715069,,
2016,7,16,32.1,24,27.2,88.4,20.69,1.5,4.126944554,,
2016,7,17,32.3,23.6,27.2,89.3,20.23,1.7,4.024890705,,
2016,7,18,30.5,24.4,26.5,91.4,15.73,2.3,3.146074835,,
2016,7,19,29.4,24.3,25.7,94.4,9.1,1.4,1.959754845,,
2016,7,20,29.7,23.8,26.2,90.8,15.8,1.7,3.13765215,,
2016,7,21,32.8,24,27.9,85,22.5,1.6,4.564861543,,
2016,7,22,33,24.3,27.3,87.1,19.28,1.4,3.973113468,,
2016,7,23,33.1,23.1,27.2,90,23.25,1.6,4.539121151,,
2016,7,24,31.3,23.9,26.8,93,18.61,1.4,3.636384662,,
2016,7,25,31.3,24.4,27.3,91.5,19.21,1.2,3.815460178,,
2016,7,26,30.4,25.8,27.3,87.7,14.76,1.5,3.153102562,,
2016,7,27,31.3,25.2,27.7,86.6,14.98,1.4,3.23436902,,
2016,7,28,31.7,24.6,27.8,85,22.08,1.9,4.464323298,,
2016,7,29,32.4,24.8,28.2,82.5,22.71,1.5,4.658255887,,
2016,7,30,33.4,24.7,28.6,80,26.19,1.6,5.360053004,,
2016,7,31,32.7,24.7,28.1,83.8,22.36,1.6,4.594248912,,
2016,8,1,32.3,24.4,28.1,81.7,25.76,1.7,5.157514851,,
2016,8,2,29.9,25,27.3,86.3,13.48,1.4,2.937259163,,
2016,8,3,32.4,25,28.2,82.8,21.38,1.6,4.451505659,,
2016,8,4,32.4,24.9,28.4,83.1,19.15,1.3,4.046706179,,
2016,8,5,33,25.6,28.7,83.1,19.88,1.2,4.220928856,,
2016,8,6,32.9,24.8,28.6,83.4,20.49,1.2,4.286460426,,
2016,8,7,32.1,25,27.5,88.1,10.07,1.1,2.353195254,,
2016,8,8,33.1,24.8,28.5,84.5,22.31,1.2,4.591454758,,
2016,8,9,33.1,25.7,29.1,82.4,22.6,1.4,4.744013481,,
2016,8,10,32.3,25.9,28.5,83.1,18.64,2,4.078819678,,
2016,8,11,31.7,24,26.2,92.4,7.38,1.5,1.775992819,,
2016,8,12,31.2,24.2,27.3,88.4,19.19,1.7,3.849765509,,
2016,8,13,29.2,24.2,26.2,92,9.91,1.3,2.162115018,,
2016,8,14,32.3,24.5,27.9,86.8,21.2,1.8,4.306056369,,
2016,8,15,32.3,23.9,28,85,19.86,1.6,4.105006435,,
2016,8,16,32.8,24.8,28.6,82.7,23.33,1.3,4.780944897,,
2016,8,17,32.8,25.6,28.9,83.4,19.21,1,4.074521477,,
2016,8,18,32.6,26,28.5,86.2,21.58,1.8,4.480832606,,
2016,8,19,32.5,25.9,28.6,83.3,18.85,1.9,4.108493508,,
2016,8,20,32.8,26.2,28.7,84.8,19.96,1.6,4.255001801,,
2016,8,21,33.1,25.6,28.9,83.8,22.15,1.5,4.641684818,,
2016,8,22,32.9,25.8,28.7,84,21.4,1.7,4.515113908,,
2016,8,23,33.7,25.6,29,83.1,23.12,1.6,4.868825416,,
2016,8,24,30,24.1,26,93,8.52,1.9,1.928489886,,
2016,8,25,31.5,23.7,26.1,90.9,16.79,2,3.340302361,,
2016,8,26,29.1,23.7,25.4,92,8.61,1.3,1.930187486,,
2016,8,27,32,24.5,27.9,85.9,17.85,1.2,3.72674059,,
2016,8,28,30,25.2,26.4,91.8,7.51,1.1,1.786193719,,
2016,8,29,32.3,24.2,27.8,84.9,23.5,1.5,4.701156225,,
2016,8,30,33.1,25.5,28.1,85.5,13.63,1.1,3.069293604,,
2016,8,31,32,25.1,27.1,88.9,13.45,1.8,2.950802433,,
2016,9,1,32.9,24.4,28.1,84.3,23.49,1.6,4.771669211,,
2016,9,2,32.1,24.7,27.5,84,17.95,1.8,3.837744255,,
2016,9,3,33.1,24.4,28.3,83.9,23.79,1.7,4.855840824,,
2016,9,4,32.9,25.4,28,84.9,17.4,2.1,3.827646528,,
2016,9,5,30.1,24.3,26.1,90.5,10.86,1.5,2.377002666,,
2016,9,6,27.4,23.7,25.6,91.8,10.08,2.1,2.160817322,,
2016,9,7,31.7,23.1,25.5,89.2,16.07,2.1,3.262561737,,
2016,9,8,33.2,23.4,27.5,83.8,23.29,1.9,4.721609513,,
2016,9,9,32.3,24.9,27.9,86.3,23.95,1.7,4.783856925,,
2016,9,10,32.5,24.3,28.2,82.2,24.18,1.6,4.898961019,,
2016,9,11,32.5,24.7,28.3,82.5,24.82,1.8,5.032899702,,
2016,9,12,32,24.9,28,85.3,17.6,1.4,3.726250876,,
2016,9,13,31.9,25.4,28.2,85.6,13.87,1.1,3.072293996,,
2016,9,14,33.9,24.9,28.8,82.2,23.28,1.6,4.889566175,,
2016,9,15,33.7,25.6,29.1,80.7,20.96,1.3,4.506005087,,
2016,9,16,33,23.6,28,81.9,22.57,2.4,4.72001678,,
2016,9,17,32.2,24.6,27.5,85.9,18.54,1.5,3.860158968,,
2016,9,18,31.8,25.5,27.2,88.3,12.97,1.7,2.889875638,,
2016,9,19,31.5,25,26.9,89.9,13.83,1.5,2.945795085,,
2016,9,20,32.5,25.2,28.1,83.8,20.64,2.2,4.369931957,,
2016,9,21,31.2,23.8,26.7,89.4,13.8,1.4,2.911831479,,
2016,9,22,30.2,24.3,26.1,88,8.66,1.2,2.066745166,,
2016,9,23,32.7,24.2,27.1,86.7,19.61,1.6,4.019675668,,
2016,9,24,32.4,24,27.9,83.3,22.4,1.6,4.559165345,,
2016,9,25,33.2,24.5,28.5,81.4,19.76,1.7,4.267063568,,
2016,9,26,32.3,25,28.4,82.7,19.76,1.6,4.189433818,,
2016,9,27,32.1,24.2,27.5,88.3,17.12,1.8,3.563545756,,
2016,9,28,31,25.5,27.7,87.8,16.16,1.8,3.420474341,,
2016,9,29,30.6,23.4,27.3,90.1,12.97,1.6,2.758502856,,
2016,9,30,32.6,25.1,28.4,84.8,21.97,2.1,4.557342863,,
2016,10,1,32.5,24.8,28.4,82.9,24.37,2.4,4.997669811,,
2016,10,2,32.3,24.6,27.5,88.8,18.57,1.8,3.806698795,,
2016,10,3,31.9,25,27.2,89.3,16.7,1.5,3.462751059,,
2016,10,4,32.3,24.5,28.1,87.3,20.67,2.1,4.218229866,,
2016,10,5,31.6,25.4,27.8,88.5,18.15,2.2,3.756638005,,
2016,10,6,29.8,24.4,25.6,94.4,7.98,1.8,1.781381044,,
2016,10,7,31.5,23.9,26.5,90.7,20.7,2,3.987673376,,
2016,10,8,32,24.1,27.3,88.5,19.03,1.6,3.853275941,,
2016,10,9,26.8,24.1,25.6,93.7,7.4,1.4,1.681644387,,
2016,10,10,29.6,24.5,26.7,92.1,12.45,1.7,2.596108647,,
2016,10,11,32,24.8,28.1,87.2,21.34,2.2,4.324915909,,
2016,10,12,31.8,25.2,27.7,89,16.77,1.9,3.509164471,,
2016,10,13,30.5,25.2,27.3,89.7,14.64,2,3.083472516,,
2016,10,14,31.5,25.2,27.4,88.8,17.13,2,3.55398469,,
2016,10,15,32,25,28.1,86.6,19.48,2.3,4.057464548,,
2016,10,16,31.5,25.4,27.5,90.5,16.32,2,3.373415822,,
2016,10,17,28.2,23.7,25.6,85.5,7.33,1.7,1.960070184,,
2016,10,18,30.4,23.6,27,90.6,15.89,2.2,3.197806952,,
2016,10,19,31.1,25,26.7,92.5,11.28,1.1,2.429176955,,
2016,10,20,30.1,24.8,27.1,91,13.11,1.4,2.760946827,,
2016,10,21,33.4,25.2,28.7,88,23.55,1.9,4.79308176,,
2016,10,22,31.4,25.9,28.2,87.9,15.33,1.9,3.326955541,,
2016,10,23,31.9,25.2,27.9,88,20.45,2.3,4.156223648,,
2016,10,24,30.2,24.1,26.1,92.8,11.68,1.7,2.440639052,,
2016,10,25,30.9,23.3,26.4,92.2,15.38,1.4,3.075876126,,
2016,10,26,31.8,25.4,28,88.8,18.78,1.5,3.861948047,,
2016,10,27,33,25,28.3,87.3,20.68,1.4,4.270724779,,
2016,10,28,32.1,24.7,26.8,91.5,13.84,1.1,2.910397733,,
2016,10,29,32.5,24.7,26.3,93.3,13.66,1.5,2.824658661,,
2016,10,30,31.5,24.1,26.4,92.1,15.24,1.2,3.094391676,,
2016,10,31,29.5,23.5,26.3,93,13.01,2,2.618549838,,
2016,11,1,31,23.4,26.8,90.2,15.12,1.5,3.098849658,,
2016,11,2,33.8,24.3,28,87.2,23.59,1.4,4.779837906,,
2016,11,3,33.2,25.3,28,88,17.69,1.4,3.747360072,,
2016,11,4,29.1,23.8,25.6,94.6,5.92,1.2,1.431308289,,
2016,11,5,31.4,23.9,26.6,91.3,16.47,1.6,3.306187722,,
2016,11,6,31.1,24.1,27.3,88.6,20.27,1.8,4.010409704,,
2016,11,7,29.9,23.8,26.5,91,13.09,1.8,2.721187275,,
2016,11,8,33.1,24.7,27.9,88.2,20.28,1.6,4.164496378,,
2016,11,9,32.5,24.6,26.5,92.9,12.96,1.4,2.724120291,,
2016,11,10,32.7,23.6,26.4,92.6,18.52,1.3,3.664934158,,
2016,11,11,33.3,23.9,27.8,85.6,19.18,1.6,4.022351868,,
2016,11,12,32.7,24.5,28.1,84.8,16.01,1.5,3.503737263,,
2016,11,13,33.4,24.5,27.3,88.8,17.52,1.7,3.669048335,,
2016,11,14,33.5,24.6,26.8,91.3,15.95,1.9,3.314988415,,
2016,11,15,33.7,24.1,27.7,86.3,21.77,2,4.475241654,,
2016,11,16,31.4,24.9,27.8,85.3,14.13,1.6,3.146424489,,
2016,11,17,33.4,24.6,28.2,84.4,19.48,1.9,4.169607363,,
2016,11,18,32.9,25.3,28.4,84.6,17.3,1.8,3.797371621,,
2016,11,19,33.2,24.8,28,89.6,19.43,1.7,3.997193223,,
2016,11,20,31.5,24,27.5,89.4,17.76,1.5,3.607198523,,
2016,11,21,32.9,25,28,89.1,17.24,1.5,3.627036582,,
2016,11,22,32.7,25.8,28.1,88.3,15.98,1.3,3.436306035,,
2016,11,23,32.3,24.6,27.6,90.7,18.44,1.7,3.737699103,,
2016,11,24,32.3,24.4,26.9,91.3,16,1.8,3.279112571,,
2016,11,25,34.8,24.5,28.6,84.4,20.13,1.5,4.330667391,,
2016,11,26,34.1,24.9,28.5,82.8,17.77,1.4,3.918053446,,
2016,11,27,33.6,24.8,28.1,83.8,17.45,1.2,3.776391937,,
2016,11,28,34.4,24.3,28,85.7,20.67,1.5,4.343868905,,
2016,11,29,29.8,25.3,27.4,83.3,9.35,1.8,2.434708729,,
2016,11,30,30.3,24.5,27,87.7,9.09,1.2,2.162361791,,
2016,12,1,27,23.7,25,95.4,6.03,1.3,1.41049834,,
2016,12,2,28.3,23.1,25,92.6,9.3,1.7,2.004219731,,
2016,12,3,27.7,24,25.4,92.9,5.65,1.3,1.429366468,,
2016,12,4,33.1,24.4,26.4,90.3,15.62,1.3,3.25368058,,
2016,12,5,32.4,24.4,27,88,13.78,1.7,3.022862674,,
2016,12,6,31.2,24.3,27.4,85.3,12.25,1.8,2.840948319,,
2016,12,7,33.4,24.6,27.9,85,17.77,1.4,3.81103512,,
2016,12,8,32.9,24.9,28,83.8,19.61,1.6,4.154458827,,
2016,12,9,34.2,24.8,28,84.7,21.02,1.8,4.454236672,,
2016,12,10,32.7,24.7,27.7,83.7,19.87,1.6,4.171971696,,
2016,12,11,31.6,24.4,27.4,83.5,15.76,1.3,3.400345523,,
2016,12,12,29.3,24.6,26.8,85.4,10.25,1.3,2.397287044,,
2016,12,13,31.4,23.6,27,86.8,21.13,1.6,4.176585118,,
2016,12,14,31,24.1,27.3,84.4,20.39,1.5,4.11242369,,
2016,12,15,32,24.5,27.6,85.4,19.9,1.6,4.09197964,,
2016,12,16,32.6,24.4,27.7,84.6,18.08,1.7,3.852415066,,
2016,12,17,32.6,24.5,27.2,86,16.02,1.4,3.436598036,,
2016,12,18,32.8,24.3,27.5,81.9,20.29,2,4.31923203,,
2016,12,19,30.2,24.3,26.5,88.3,11.76,1.3,2.57844721,,
2016,12,20,25.1,23.6,24.5,96.8,2.7,0.8,0.852970498,,
2016,12,21,31.8,23.4,26.3,88.9,17.44,1.2,3.512588116,,
2016,12,22,32.5,24.5,27.5,83,19.43,1.9,4.127933395,,
2016,12,23,29.1,24.3,26.6,85.7,9.43,1.5,2.27816096,,
2016,12,24,30,24.6,27.2,80,10.9,1.9,2.795794023,,
2016,12,25,33,23,27.7,79.9,21.39,1.8,4.489712135,,
2016,12,26,32.7,24.5,27.4,84.2,15.81,1.6,3.480501921,,
2016,12,27,32,24.5,27.7,80.2,17.22,1.8,3.824916469,,
2016,12,28,33,24,27.9,73.4,21.59,2.2,4.837346502,,
2016,12,29,32.2,23.6,27.6,75.5,20.52,2.3,4.55347065,,
2016,12,30,30.8,23.4,27,80.8,16.12,1.9,3.549031829,,
2016,12,31,28.9,24.7,26,88.8,6.6,1.5,1.738500285,,
2017,1,1,27,24.2,25.5,89.8,5.69,1.6,1.548496245,,
2017,1,2,29.4,24.6,26.3,87.3,9.25,1.7,2.23420142,,
2017,1,3,30.9,24.6,26.8,85.6,13.03,1.6,2.915662544,,
2017,1,4,34,24.2,27.1,84,17.69,1.6,3.837859865,,
2017,1,5,34.2,24.2,28.1,83.3,22.39,1.4,4.663574918,,
2017,1,6,32.8,24.3,27.7,86.4,13.48,1.5,3.029695935,,
2017,1,7,31.7,23.6,25.7,92.5,12.93,1.6,2.666914765,,
2017,1,8,26.5,23.8,24.6,96.2,4.03,1.7,1.071700031,,
2017,1,9,32.1,23.5,27,88.9,19.42,1.2,3.885980528,,
2017,1,10,33.2,24.1,27.8,87.3,21.55,1.2,4.376656763,,
2017,1,11,32.6,24.5,27.4,87.5,18.44,1.6,3.822575879,,
2017,1,12,33,23.5,27.5,84.9,23.83,1.4,4.754119343,,
2017,1,13,33.1,23.8,27.5,84.5,21.34,1.2,4.34985266,,
2017,1,14,33.1,24.4,27.8,83,23.3,1.4,4.748255543,,
2017,1,15,32.5,23.3,27.2,84.3,23.2,1.5,4.614117791,,
2017,1,16,32.2,23.8,27,85.5,20.36,1.5,4.122925862,,
2017,1,17,31.1,23.9,26.5,87.6,22.1,1.2,4.291093517,,
2017,1,18,33.3,23.4,27.7,80,23.83,2.2,4.957982853,,
2017,1,19,30.8,24.8,26.7,86,11.42,1.7,2.66042046,,
2017,1,20,28.4,23.8,25.3,91.4,8.32,1.4,1.89582624,,
2017,1,21,32.2,23.9,26.8,81.1,18.78,2.6,4.132040469,,
2017,1,22,31.8,24.6,27.9,75.3,18.3,2.7,4.354442464,,
2017,1,23,30.5,25.3,27.4,78.6,13,2.5,3.344523967,,
2017,1,24,30.3,23.4,25.8,87.7,9.35,1.3,2.182850228,,
2017,1,25,29,23,25.6,88.1,7.16,1.4,1.814707191,,
2017,1,26,32.8,24.3,27.6,79.5,18.43,2.1,4.126652092,,
2017,1,27,31.9,23.8,27.3,79,17.6,2.3,3.980194195,,
2017,1,28,32.4,23.5,27.4,73.6,22.68,2.5,4.987954986,,
2017,1,29,32.2,23.1,26.8,77.4,19.07,1.6,4.084610715,,
2017,1,30,32.5,22.2,26.7,80.4,19.56,1.4,4.041823023,,
2017,1,31,33.3,22.8,26.9,82.3,22.57,1.9,4.608194384,,
2017,2,1,33,22.9,26.6,83.8,19.01,1.3,3.918280163,,
2017,2,2,33.5,23.5,27.2,82.5,16.72,1.1,3.593010907,,
2017,2,3,33.7,24.3,28.1,82.9,21.8,1.3,4.533514669,,
2017,2,4,33.5,23.9,28,81.1,20.06,1.7,4.304637869,,
2017,2,5,34.3,23.8,27.8,82.4,21.03,1.3,4.41741005,,
2017,2,6,34.4,23.8,27.9,83.4,19.87,1.2,4.201179309,,
2017,2,7,33.5,22.4,27.5,80.1,22.06,1.5,4.549214433,,
2017,2,8,33.9,23.9,28,78.4,21.5,1.4,4.56499596,,
2017,2,9,33.2,22.5,27.3,82.4,23.7,1.5,4.747311717,,
2017,2,10,32.4,22,26.8,81,19,1.5,3.950638435,,
2017,2,11,32.4,23.8,27.7,74.9,17.25,2.6,4.199626751,,
2017,2,12,32.7,23.8,28.1,67.4,23.74,3.5,5.73639798,,
2017,2,13,31.2,24.9,27.7,72.9,20.2,3.2,4.826187425,,
2017,2,14,32.4,25.1,28,68.7,23.07,4.3,5.871417015,,
2017,2,15,33.3,24.6,28,67.4,23.22,3.4,5.756336742,,
2017,2,16,33.3,24.8,28.4,67.2,24.94,3.4,6.008662403,,
2017,2,17,34,21.5,28,72.8,25.62,2.7,5.538767013,,
2017,2,18,33.2,24.6,27.7,78.2,22.36,3.3,5.025215143,,
2017,2,19,34.3,24.2,28.5,72.2,24.28,2.6,5.517996043,,
2017,2,20,34.4,23.5,28.5,70.6,21.48,2.1,4.972858098,,
2017,2,21,34,24.4,28.3,74.3,20.31,2.2,4.714498009,,
2017,2,22,33.4,23.1,27.9,78.7,18.28,1.5,4.002112634,,
2017,2,23,34.4,23.9,26.9,85.8,18.26,2,3.923401633,,
2017,2,24,34.6,23.5,28,78.2,23.98,1.4,5.005699906,,
2017,2,25,33.6,24,27.8,80,19.85,1.7,4.301900496,,
2017,2,26,34.7,24.3,28.4,71.5,21.8,2.4,5.155367814,,
2017,2,27,32.1,24.8,28.2,73.3,18.23,3.1,4.573512305,,
2017,2,28,33.9,24.8,28.7,66,21.65,3.2,5.612332407,,
2017,3,1,32.9,24.1,28.4,71,17.42,2.5,4.406991679,,
2017,3,2,33.7,25.3,28.6,69.1,21.27,3.1,5.38091023,,
2017,3,3,34,25.2,28.6,66.9,21.32,2.6,5.32286187,,
2017,3,4,34.5,22.8,28.1,72.1,25.02,2.1,5.431595956,,
2017,3,5,33.9,24.2,27.6,80.2,20.85,1.6,4.460003685,,
2017,3,6,34.3,23.7,28.1,79,21.91,1.5,4.662756641,,
2017,3,7,34.4,23.6,28,78.3,21.76,1.6,4.672075324,,
2017,3,8,34.8,23.9,28.3,76.2,21.77,1.7,4.791342026,,
2017,3,9,35,22.3,27.9,67,25.63,2.2,5.71776332,,
2017,3,10,35.9,22.5,28.2,68.9,26.75,2,5.864333235,,
2017,3,11,35.6,22.8,28.3,72.3,24.39,2.1,5.434759262,,
2017,3,12,34.8,23,28.1,74.9,25.69,2,5.470335925,,
2017,3,13,34.9,23.3,28.5,74.7,22.53,2,5.015619865,,
2017,3,14,34.7,23.7,29,75,24.23,1.8,5.239951439,,
2017,3,15,34.6,25.3,29.5,76.3,20.69,1.7,4.683559364,,
2017,3,16,33,25.5,28.6,79.7,12.07,1.6,3.055842255,,
2017,3,17,34.2,24.9,28.3,80.6,18.68,1.4,4.117392794,,
2017,3,18,35.9,24.3,28.3,78.1,22.95,1.7,5.037775818,,
2017,3,19,33.3,24.9,27.1,85,14.31,1.7,3.253395335,,
2017,3,20,30.9,23.3,25.5,92.1,11.45,1.7,2.41395375,,
2017,3,21,32.9,23.6,27.6,82,25.78,1.7,5.139099523,,
2017,3,22,34.1,24.7,28.8,79.2,23.18,1.5,4.918037142,,
2017,3,23,34.2,25.2,29,81.3,20.96,1.6,4.554011766,,
2017,3,24,35.1,24.9,28.3,80.2,20.65,1.5,4.53066885,,
2017,3,25,34.6,24.3,28.4,79,25.39,1.4,5.276251586,,
2017,3,26,35.8,25,28,82.5,21.53,1.8,4.713099753,,
2017,3,27,34.5,24.1,27.3,84.4,21.14,1.7,4.440501445,,
2017,3,28,33.7,24.3,26.4,87.9,14.39,1.3,3.12063442,,
2017,3,29,31.6,24.3,26.4,89.2,18.75,1.7,3.741066749,,
2017,3,30,33.7,23.9,26.7,86,18.53,1.5,3.877568821,,
2017,3,31,33.5,24.3,27.5,84.2,22.84,1.5,4.666164304,,
2017,4,1,32.4,24.4,26.3,90.8,12.95,1.2,2.761389605,,
2017,4,2,32,23.1,25.9,89.3,17.85,1.3,3.55762249,,
2017,4,3,30.7,23.9,26.3,84.6,18.56,1.8,3.787221519,,
2017,4,4,31.7,23.8,26.9,82,19.7,1.4,4.048448764,,
2017,4,5,30.1,24,26.3,88.3,12.12,1.1,2.60873794,,
2017,4,6,32.1,24.1,27.9,82.5,23.77,1.6,4.781478762,,
2017,4,7,31.6,25.3,27.5,86.3,18.27,2,3.830821247,,
2017,4,8,33.6,24.4,28.1,82.7,24.29,1.9,5.003259911,,
2017,4,9,33.4,24.1,27.5,84.9,22.96,1.8,4.673911968,,
2017,4,10,31.4,23.8,27.2,85.6,21.17,1.7,4.227322252,,
2017,4,11,31.8,24.7,28.1,85.3,21.34,1.8,4.354840369,,
2017,4,12,33.1,25.1,28.4,86.1,21.5,1.7,4.456376983,,
2017,4,13,34.3,25.2,27.5,88.1,17.72,1.6,3.787037796,,
2017,4,14,34.9,24.4,29.1,78.5,25.17,1.6,5.335211278,,
2017,4,15,34.3,25,29.2,79.7,25.14,1.4,5.266804718,,
2017,4,16,34.2,25.6,29.6,82.3,22,1.8,4.770020843,,
2017,4,17,34,26.1,29.5,81.6,23.57,1.7,5.046293529,,
2017,4,18,34.4,25.2,28.7,83.9,23.31,1.9,4.924009997,,
2017,4,19,33.7,24.2,27.1,88.6,18.7,2,3.875723231,,
2017,4,20,33.1,23.9,27.5,87.9,24.8,2.1,4.865286939,,
2017,4,21,31.4,24.9,28,87,19.74,2.3,4.046571649,,
2017,4,22,33.2,25.4,27.5,87.9,20.5,1.5,4.218271741,,
2017,4,23,32.6,24.7,28.7,84.9,25.98,2.2,5.201720454,,
2017,4,24,33.9,25.2,28.5,85.1,23.7,2.1,4.923475683,,
2017,4,25,33.3,24.5,28.7,82.8,26.24,2,5.333747752,,
2017,4,26,33,25.1,28.2,84.2,16.95,1.9,3.756466981,,
2017,4,27,32.7,24.9,28.2,84.8,21.75,2.2,4.517531062,,
2017,4,28,32.7,25.2,27.8,87.3,20.73,2,4.260463615,,
2017,4,29,33.7,24.7,28.2,83.8,21.97,1.6,4.592883593,,
2017,4,30,34.7,24.9,29,83.7,23.27,1.6,4.920107409,,
2017,5,1,32.7,25.1,28,87,24.06,2.1,4.820034709,,
2017,5,2,32.9,24.7,28.6,85.8,24.2,1.9,4.900375314,,
2017,5,3,33.2,25.8,29.2,84,23.71,1.9,4.954782467,,
2017,5,4,33.3,26,29.4,83.1,25.21,2,5.258261853,,
2017,5,5,33.5,23.3,28.6,85,21.33,2.5,4.462112631,,
2017,5,6,33.7,23.5,27.3,87.1,22.85,1.9,4.587637669,,
2017,5,7,33.6,24.4,27.4,86.6,22.07,1.6,4.497576769,,
2017,5,8,33.8,24.6,28.2,85.1,24.67,2.1,5.037409679,,
2017,5,9,32.6,24.7,27.2,89.7,19.81,1.7,3.992442544,,
2017,5,10,28.3,24.9,26.3,91.2,7.99,1.1,1.859042387,,
2017,5,11,30.9,25.1,27.5,87.8,16.73,1.5,3.479586505,,
2017,5,12,33.4,25.1,28.6,84.5,21.33,1.7,4.490240442,,
2017,5,13,32.1,25.3,28.4,86.9,14.5,1,3.158732319,,
2017,5,14,34.3,26,28.8,86.6,19.43,1.4,4.184347083,,
2017,5,15,31.3,25.5,28.1,88.4,14.26,1.4,3.090293513,,
2017,5,16,33.3,26,29.5,85.2,21.61,1.8,4.590611216,,
2017,5,17,33.4,26.5,29.6,84.7,17.04,2,3.86708191,,
2017,5,18,31.4,27.2,28.9,87.2,9.3,1.8,2.377172728,,
2017,5,19,33,25,28.8,87.6,20.29,2.3,4.231708347,,
2017,5,20,32.9,25.9,29.2,86.6,21.17,2,4.44806516,,
2017,5,21,30.7,25.5,28.1,88.8,13.3,1.9,2.928676719,,
2017,5,22,33.2,25.6,27.5,91.3,14.31,1.7,3.072754742,,
2017,5,23,32.8,24.8,28.4,86,20.34,1.5,4.227949518,,
2017,5,24,33.4,26,29.4,84.1,22.69,1.8,4.803353719,,
2017,5,25,33.7,26.8,29.7,83.7,18.57,1.5,4.128504601,,
2017,5,26,30.5,25.6,28.2,90.5,8.92,1,2.089633143,,
2017,5,27,31.2,22.9,27.2,87.5,11.84,1.5,2.645760179,,
2017,5,28,33.6,25.7,29.1,85.6,17.76,1.3,3.867643619,,
2017,5,29,34.2,26.9,29.8,85.4,17.48,1.2,3.895847659,,
2017,5,30,33.3,23.8,28.6,85.3,16.45,1.4,3.576567116,,
2017,5,31,31.8,24,28,85.1,15.11,1.6,3.308415915,,
2017,6,1,32.9,25.2,29,83.9,23.41,1.6,4.836725958,,
2017,6,2,33.1,25.7,28.7,87.1,15.01,1.6,3.347917807,,
2017,6,3,33.5,25.8,29.6,83.3,23.35,1.5,4.916962797,,
2017,6,4,32.4,24.2,28.5,86.1,17,1.5,3.630359611,,
2017,6,5,32.8,26.2,29,85.3,17.58,1.6,3.846694358,,
2017,6,6,32.8,25.3,28.6,82.8,18.12,1.4,3.929844872,,
2017,6,7,33.1,26.3,28.9,82.7,17.06,1.4,3.805311415,,
2017,6,8,33.6,25.3,29.2,79.7,23.76,1.5,5.012862542,,
2017,6,9,33.8,25.4,29.2,81.1,21.99,1.8,4.749410646,,
2017,6,10,32.9,26.3,29.2,83,20.01,1.5,4.317629582,,
2017,6,11,33,25.9,29.1,81.9,21.34,1.4,4.538884378,,
2017,6,12,33.3,24.9,28.7,82.6,20.72,1.8,4.434506172,,
2017,6,13,32.9,24.3,28.1,83.5,20.92,2,4.396184406,,
2017,6,14,31.5,24.4,27.5,84.5,16.49,1.6,3.532428532,,
2017,6,15,32.5,25.4,27.7,83.8,17.18,1.4,3.714477679,,
2017,6,16,33.9,24.2,27.8,84.7,20.46,1.3,4.273515964,,
2017,6,17,32.5,24.3,27.9,84.8,22.32,2,4.551690523,,
2017,6,18,29.6,24.3,26.7,85.5,16.83,1.7,3.467622955,,
2017,6,19,32.4,24.5,28.3,82.9,23.43,1.4,4.755053254,,
2017,6,20,31.7,25.5,27.9,84.6,14.89,1.4,3.291981157,,
2017,6,21,32.2,25.5,27.4,86.4,16.48,1.3,3.512273553,,
2017,6,22,31.7,24.3,26.6,86.8,12.07,1.2,2.692647094,,
2017,6,23,27.8,23.2,25,89.8,8.85,1.2,1.987332104,,
2017,6,24,30.5,23.7,25.8,86.9,11.38,1.6,2.567704194,,
2017,6,25,31.3,23.8,26.6,84.2,15.08,1.5,3.255849815,,
2017,6,26,31.7,24,26.9,84.6,14.85,1.2,3.19681846,,
2017,6,27,32,24,28,84,23.39,1.2,4.667729906,,
2017,6,28,30.1,23.3,26,88,17.47,1.3,3.459537958,,
2017,6,29,30.4,23.3,25.3,91.2,10.69,1.4,2.29900519,,
2017,6,30,31.2,23.4,27.3,84,24.52,1.7,4.768808164,,
2017,7,1,32.9,24.6,28.3,82.2,25.06,1.7,5.093291749,,
2017,7,2,31.9,24.6,27.5,85.7,18.96,1.7,3.932752028,,
2017,7,3,32.4,25.3,28.5,83.2,23.83,1.6,4.871306181,,
2017,7,4,31.5,25.4,27.7,87,13.73,1.3,3.018142485,,
2017,7,5,32.3,25.1,28,84.5,19.49,1.6,4.094545032,,
2017,7,6,31.8,23.4,27.2,85.4,19.1,1.8,3.916548279,,
2017,7,7,31.2,23,27,85.9,19.07,1.3,3.826661959,,
2017,7,8,30.8,25,27.2,85.7,18.34,1.3,3.758678532,,
2017,7,9,32.6,23.5,28,79.8,24.74,1.3,4.959065781,,
2017,7,10,31.1,24.6,27.6,84.7,17.29,1.2,3.609332493,,
2017,7,11,30.7,22.7,26.7,86.7,14.51,1.7,3.075477549,,
2017,7,12,30.1,23.4,25.3,89,8.68,1.4,2.040764354,,
2017,7,13,32.4,23.3,27.3,84.5,21.99,1.6,4.419129038,,
2017,7,14,30.4,22.6,26.1,87.3,14.33,1.7,3.002160506,,
2017,7,15,31.8,24.2,27.4,84.5,15.89,0.9,3.353894727,,
2017,7,16,31.6,24.6,27.7,83.9,19.91,1.6,4.114309669,,
2017,7,17,32.3,23.9,27.8,84.2,19.78,1.7,4.110724674,,
2017,7,18,32.6,24.8,28.5,83.5,22.64,1.5,4.653508424,,
2017,7,19,31.8,25.6,27.9,84.6,12.53,1,2.839528662,,
2017,7,20,32.1,24.4,28,83.5,20.28,1.4,4.193529757,,
2017,7,21,32.1,25.3,28.1,83,17.7,1.1,3.766654684,,
2017,7,22,32,24.6,28,84.3,19.68,1.3,4.073319929,,
2017,7,23,32.5,25,28.5,83.2,23.6,1.5,4.820155125,,
2017,7,24,32.2,25.4,28.6,83.5,21.65,1.3,4.475772858,,
2017,7,25,30.9,25.1,27.5,85.4,12.77,1.4,2.879111739,,
2017,7,26,32.1,25,27.9,83.6,20.05,1.5,4.179959745,,
2017,7,27,32.1,24,28,82.3,14.94,1.9,3.415349474,,
2017,7,28,31.8,24,27.6,85.5,18.68,1.3,3.845955185,,
2017,7,29,31.9,24.7,28.2,82.8,20.23,1.4,4.204590628,,
2017,7,30,31.2,25.1,27.7,85.7,16.84,1.6,3.572270402,,
2017,7,31,31.6,24.3,27.3,87.2,17.63,1.5,3.639749899,,
2017,8,1,31.6,24.7,27.2,87.9,19.65,1.6,3.965048787,,
2017,8,2,31.7,23.9,27.2,86.5,18.75,1.8,3.841257624,,
2017,8,3,30.5,23.3,26.4,87.5,14.63,1.4,3.050918571,,
2017,8,4,30.8,24,27.3,85.3,17.83,2,3.708790309,,
2017,8,5,32.4,24.4,27.7,82.8,20.78,1.8,4.334884669,,
2017,8,6,30.1,24.8,27,87,13.9,1.3,2.974050814,,
2017,8,7,32.3,24,27.6,83.6,17.73,1.3,3.744790361,,
2017,8,8,32.8,23.5,27.1,84.5,20.16,1.6,4.144740355,,
2017,8,9,30.3,23.9,26.2,88.6,18.71,1.7,3.676917445,,
2017,8,10,32.3,23.9,27,84.5,24.09,1.5,4.754834046,,
2017,8,11,30,23.7,26.3,86.7,19.85,1.9,3.891718771,,
2017,8,12,30.2,23.1,25.3,90.8,13.16,1.8,2.698846321,,
2017,8,13,30.4,22.9,26,87,19.77,1.6,3.847370794,,
2017,8,14,30.7,23.8,26.5,88.1,18.41,1.7,3.668368711,,
2017,8,15,27.9,22.7,24.5,93.3,8.15,1.4,1.785785633,,
2017,8,16,30.5,23.5,26.5,88.6,14.47,1.3,3.002648517,,
2017,8,17,32,23.7,26.5,88.2,17.23,1.6,3.525741231,,
2017,8,18,31.9,24,27.4,85.2,17.2,1,3.57607343,,
2017,8,19,33.2,24.5,28.1,82.6,21.28,1,4.393600201,,
2017,8,20,32,24.2,28,82.3,21.1,1.2,4.314149796,,
2017,8,21,32.9,24.9,28,81,21.83,1.5,4.566371961,,
2017,8,22,31.9,24.9,28,80.5,20.21,1.7,4.288130671,,
2017,8,23,32.5,24.7,28,82.9,20.79,1.9,4.371170956,,
2017,8,24,32.8,24.9,28.5,82.6,22.2,1.8,4.640448544,,
2017,8,25,32.7,24.9,28.4,81.2,20.68,1.8,4.418611862,,
2017,8,26,30.4,23.3,26.2,89,12.22,1.5,2.628999243,,
2017,8,27,32.1,23.5,27.2,82.1,21.6,1.5,4.382216551,,
2017,8,28,27.1,23.4,25.1,91.6,6.58,1.4,1.603208884,,
2017,8,29,32.6,23.4,27.5,80.7,23.1,1,4.619070826,,
2017,8,30,32.3,24.8,28.2,82,24.75,1.5,4.994854278,,
2017,8,31,33.2,24.6,28.7,80.8,23.42,1.1,4.813630794,,
2017,9,1,31.4,22.5,27.6,83.2,26.1,2.5,5.041764512,,
2017,9,2,33.8,22.2,28.2,82.9,24,1.8,4.876633848,,
2017,9,3,31.6,22.7,26,89.4,23.18,1.9,4.362469482,,
2017,9,4,31.8,23.5,27.1,84.7,22.35,2,4.454791233,,
2017,9,5,32.2,24,27.6,84.7,21.71,1.8,4.405960415,,
2017,9,6,32.3,24.4,27.5,84.4,19.86,1.6,4.11633378,,
2017,9,7,33.5,24.2,27.9,82.4,23.86,1.3,4.862769103,,
2017,9,8,34,22.8,27.3,85.7,17.87,1.3,3.763482539,,
2017,9,9,31.2,24.3,26.7,88.3,16.75,1.6,3.436882333,,
2017,9,10,30.5,23.5,25.9,90.2,13.1,1.8,2.742165028,,
2017,9,11,31.4,22.3,26.4,84.8,16.67,1.3,3.432711529,,
2017,9,12,33.9,25.2,28.6,80.5,24.48,1.7,5.139875332,,
2017,9,13,32,23.8,27.2,84.1,24.34,1.8,4.801546336,,
2017,9,14,30.4,23.2,25.5,91.9,10.68,2,2.293731024,,
2017,9,15,26.7,23.6,24.6,94.5,5.99,2.2,1.429495955,,
2017,9,16,31,21.7,26,86.5,16.36,1.9,3.34604012,,
2017,9,17,32.2,24.5,27.8,84.3,18.7,1.2,3.899318822,,
2017,9,18,31.8,23.8,27.4,85.6,16.71,1.8,3.549892993,,
2017,9,19,31.3,23.4,27,85.7,19.79,1.6,3.976113569,,
2017,9,20,30.3,23.7,25.9,89.3,11.37,1.9,2.508343804,,
2017,9,21,24.1,22.7,23.5,95.5,2.42,1.5,0.849149912,,
2017,9,22,26.5,23,24.1,94.4,6.25,1.7,1.454290137,,
2017,9,23,29.6,23.2,25.5,89.8,14.52,1.1,2.918347588,,
2017,9,24,31.9,24.3,27.4,82.5,22.88,1.3,4.586668947,,
2017,9,25,32.8,24.8,28.3,81.1,24.54,1.4,4.999908457,,
2017,9,26,33,25.5,28.6,80.3,21.61,1.8,4.640161519,,
2017,9,27,31.8,24,27.6,85.5,18.68,1.8,3.879295235,,
2017,9,28,32.6,25.2,27.8,85.5,18.88,1.6,3.980896966,,
2017,9,29,30.3,24.1,25.9,91.8,14.68,2.5,2.930870274,,
2017,9,30,31,23.8,26.8,87.9,21.99,1.7,4.266432654,,
2017,10,1,32.1,24.7,28,85.2,23.92,1.5,4.782244237,,
2017,10,2,29.6,23.6,26.5,89.5,15.34,1.9,3.106751007,,
2017,10,3,29.1,24.3,26,88.6,13.01,1.5,2.744071314,,
2017,10,4,32.8,23.8,27.3,85.6,23.36,2.1,4.670760574,,
2017,10,5,32.7,23.9,27.2,85.8,18.17,1.3,3.778123879,,
2017,10,6,33.8,24.1,27.4,88.5,21.91,1.5,4.430423792,,
2017,10,7,31.3,24.1,27,89.2,17.61,1.7,3.563089613,,
2017,10,8,32.4,23.6,27.2,88.1,21.7,1.8,4.298157566,,
2017,10,9,32.4,24.4,27.9,87.3,23.38,2.2,4.648090059,,
2017,10,10,32.4,24.5,28,86.7,22.83,2,4.586651044,,
2017,10,11,28.7,22.4,25.7,89.8,16.33,1.3,3.170093671,,
2017,10,12,30.1,24.1,25.9,90.2,9.82,1.7,2.225475425,,
2017,10,13,29.6,23.6,26.2,88.8,14.69,2.1,3.026151732,,
2017,10,14,31.7,23,26.9,86.8,18.57,1.3,3.747568102,,
2017,10,15,32.4,24.8,28,85.2,19.74,1.6,4.114869019,,
2017,10,16,32.2,25.1,28.2,85.3,18.83,1.5,3.961374972,,
2017,10,17,33.3,24.3,28.2,85.5,21.81,1.5,4.487849756,,
2017,10,18,35,24.1,28.9,81.5,24.79,1.1,5.150036819,,
2017,10,19,33.9,25.1,29.2,82,25.21,1.8,5.261608385,,
2017,10,20,33.5,25.7,29.2,82.4,19.84,1.7,4.337397857,,
2017,10,21,32.7,25.5,28.8,82.4,21.07,1.9,4.499420017,,
2017,10,22,33.2,25,28.7,82.1,22.69,2,4.789534615,,
2017,10,23,33.4,24.6,28.6,80.5,22.89,1.7,4.818535303,,
2017,10,24,33.3,23.9,28.4,80.8,23.11,1.6,4.793913291,,
2017,10,25,33.7,24.2,27.6,84.4,19.13,1.6,4.066151437,,
2017,10,26,32.2,23.3,25.9,90.2,11.69,1,2.519627012,,
2017,10,27,32.8,24.4,26.2,90.3,15.05,1,3.133446411,,
2017,10,28,31,23.8,26.9,86.3,16.17,1,3.336614598,,
2017,10,29,33.2,24.1,27.7,82.4,19.7,1.9,4.220054635,,
2017,10,30,32.9,24.2,27.8,79.6,21.57,2.4,4.662564744,,
2017,10,31,33.3,23.6,28.3,78.3,21.64,2,4.664438145,,
2017,11,1,32.9,24.6,27.9,83.1,16.87,1.3,3.663204944,,
2017,11,2,31.8,24.1,26.9,86.3,17.09,1.5,3.56177009,,
2017,11,3,28.6,24.6,26,89.2,11.2,1.4,2.433082378,,
2017,11,4,24.8,23.5,23.9,96.5,2.72,1.6,0.861904859,,
2017,11,5,26.8,23.6,24.6,94.2,6.61,1.2,1.523043969,,
2017,11,6,31.5,23.6,26.3,88.8,14.9,1.1,3.085425196,,
2017,11,7,32.9,23.5,27.3,86.2,19.7,1.3,4.027943794,,
2017,11,8,30.1,24.3,26,91.5,9.68,1.3,2.147843716,,
2017,11,9,30.5,23.7,25.9,91.9,13.72,0.9,2.797811198,,
2017,11,10,32.1,23.8,26.8,90.2,17.47,1.3,3.534018482,,
2017,11,11,32,23.7,25.6,92.4,14.14,1.3,2.878950599,,
2017,11,12,32.2,23.5,26.9,89.1,21.78,1.3,4.275425568,,
2017,11,13,32,24.2,27.8,89,22.27,1.8,4.396222728,,
2017,11,14,32.4,23.6,27.1,86.8,17.02,2.1,3.593263519,,
2017,11,15,32.7,23.1,26.1,86.8,20.05,1.4,4.007435492,,
2017,11,16,33,23.6,27.4,85.5,23.79,1.2,4.732504089,,
2017,11,17,33.7,24.7,27.6,84.5,17.73,1.2,3.797856772,,
2017,11,18,33.3,24.3,28.3,80.5,22.78,1,4.671335737,,
2017,11,19,32.7,24.1,27.8,82,22.44,1.8,4.630022408,,
2017,11,20,32.7,23.8,27.2,84.3,21.67,1.5,4.394699221,,
2017,11,21,33.4,23.4,27.4,83.5,18.89,1.8,4.024984394,,
2017,11,22,32.8,23.3,26.9,86,20.9,1.2,4.198733633,,
2017,11,23,30.7,24.9,27.1,81.6,17.03,2,3.723637711,,
2017,11,24,31.2,23.8,26.9,78.5,14.81,2,3.478055574,,
2017,11,25,28.4,24,25.3,90.4,7.99,1.3,1.867505518,,
2017,11,26,25.5,23.6,24.2,94.9,3.79,1,1.059967513,,
2017,11,27,29.5,23.1,25.7,87,10.57,1.8,2.424657036,,
2017,11,28,25.6,23.7,24.3,94.2,3.69,0.8,1.053100338,,
2017,11,29,25.4,23.4,24,94.3,3.63,1.2,1.054501011,,
2017,11,30,30.6,23,25.6,86.5,14.37,2.1,3.067555614,,
2017,12,1,30,24.2,26.5,82.2,11.97,2.4,2.952898605,,
2017,12,2,30.5,24.4,26.6,86.4,10.98,1.6,2.547808108,,
2017,12,3,31.9,24.2,27.4,87.6,19.34,1.5,3.925916631,,
2017,12,4,33,25,27.2,89.8,15.62,1.3,3.302963778,,
2017,12,5,34.1,24.2,27.4,87.8,19.65,1.2,4.070901373,,
2017,12,6,31.3,24,26.7,87.6,13.87,1.5,2.98177722,,
2017,12,7,32.2,24.1,27.2,85,16.11,1.6,3.470599016,,
2017,12,8,32.9,24.7,27.9,85,19.12,1.7,4.043237691,,
2017,12,9,32.1,23.9,26.7,85.4,15.65,2.1,3.414643082,,
2017,12,10,31.7,23.5,27,84.6,22.37,1.8,4.44183012,,
2017,12,11,32.3,22.7,26.6,85.3,18.55,1.4,3.785909609,,
2017,12,12,31.9,22.4,26.7,86.3,17.32,1.4,3.546407661,,
2017,12,13,32.5,23.4,27.3,84.3,21.53,1.3,4.338291881,,
2017,12,14,32.1,23.3,27.1,82,20.84,1.4,4.24125593,,
2017,12,15,32.5,23.4,27.4,80.4,20.42,1.2,4.205282222,,
2017,12,16,33.7,22.4,26.6,81.5,20.55,1.5,4.260547201,,
2017,12,17,33,23.3,27,80.3,18.69,1.5,3.993311055,,
2017,12,18,31.4,23.1,26.5,74.8,17.9,2.8,4.24040531,,
2017,12,19,31.6,23,26.8,70.8,19.59,2.7,4.630891308,,
2017,12,20,29.6,23,26,74.7,15.93,2.2,3.701946383,,
2017,12,21,31,23,26.5,72.9,24.31,3.2,5.238814412,,
2017,12,22,27,23.3,24.6,87.2,7.3,2,1.901070702,,
2017,12,23,25.6,23.1,24,93.8,5.53,1.2,1.351930613,,
2017,12,24,32.2,23.3,27.4,78.8,23.33,2.3,4.839704754,,
2017,12,25,31.1,23.2,26.9,79,15.56,1.4,3.418252563,,
2017,12,26,30.5,23.6,25.9,82.4,18.26,1.9,3.785298895,,
2017,12,27,31.8,23.1,26.6,82.8,17.75,0.9,3.628489125,,
2017,12,28,32.8,23.7,26.6,84.8,18.62,1.8,3.896131399,,
2017,12,29,31.7,25,27.2,80.2,12.1,2,3.069326756,,
2017,12,30,32,25.3,27.7,77.5,19.3,2.3,4.364443106,,
2017,12,31,31.1,24.6,27.4,74.7,14.76,2.6,3.802968771,,
2018,1,1,30.1,25,26.7,74.6,11.69,2.6,3.342070124,,
2018,1,2,30,25.2,26.8,74.3,10.84,2.5,3.208353051,,
2018,1,3,30,24,26.3,82.4,11.4,1.5,2.6873701,,
2018,1,4,31,24.3,26.9,79.3,13.53,1.8,3.21942486,,
2018,1,5,29.2,23.8,25.9,86.5,11.73,1.3,2.570801251,,
2018,1,6,32.1,23.5,26.2,87.5,13.98,1.2,2.978562174,,
2018,1,7,32.3,23.3,26.3,86.5,19.62,1.5,3.943239986,,
2018,1,8,32.1,22.8,26.6,86.8,18,0.9,3.634227012,,
2018,1,9,31.8,24,26.5,87.5,16.92,1.3,3.478811601,,
2018,1,10,33.2,22.9,27,81.7,22.09,1.4,4.491179675,,
2018,1,11,28.1,22.1,23.8,92,5.03,1.1,1.319514307,,
2018,1,12,27.9,21.9,24,90.8,10.73,0.9,2.205117277,,
2018,1,13,28.7,22.3,24.3,87.8,11.12,1.4,2.384573844,,
2018,1,14,26.3,22.2,23.7,84.2,7.72,1.3,1.916401026,,
2018,1,15,30.5,21.4,25.3,79.8,20.21,1.9,4.053715464,,
2018,1,16,32.8,23.1,26.5,80.3,19.54,1.4,4.077281815,,
2018,1,17,32.9,22.5,27.1,75.2,22.03,1.6,4.611566943,,
2018,1,18,33.4,22.6,27.2,75.5,21.27,1.6,4.52884396,,
2018,1,19,32.6,23.1,26,83.5,17.78,1.1,3.664517223,,
2018,1,20,31,23.2,26.1,82.1,14.49,1.7,3.215077653,,
2018,1,21,31.5,23.1,25.5,87.7,12,0.9,2.578565132,,
2018,1,22,31.4,23.7,26.1,90.1,17.05,1.1,3.411899578,,
2018,1,23,32.6,23.4,26.2,89.8,17.94,1.4,3.60518744,,
2018,1,24,32.5,23.7,26,89.8,19.09,1.6,3.786480994,,
2018,1,25,32.2,23.3,27,85.2,20.19,1.4,4.080147878,,
2018,1,26,32.3,23.3,27.5,82,20.61,2,4.29973143,,
2018,1,27,32.5,24.6,27,86.1,16.35,1.1,3.453015596,,
2018,1,28,32,23.4,25.6,90.4,13.43,1.4,2.808403979,,
2018,1,29,32.1,22.9,26.5,89.2,21.63,1.2,4.210146386,,
2018,1,30,33.9,23.1,26.9,88,20.23,1,4.102518208,,
2018,1,31,32.6,23.7,27.2,87.5,18.32,1,3.750355685,,
2018,2,1,33.7,23,27.7,81.7,24.25,1.9,4.955213714,,
2018,2,2,33.8,23.2,28,80.5,21.45,1.9,4.56681764,,
2018,2,3,33.5,23.9,28,76.6,22.39,2.8,5.012197963,,
2018,2,4,32.8,23.2,27.4,76.1,24.98,2.9,5.318340981,,
2018,2,5,32.5,22.1,27,75.2,24.92,2.8,5.237377033,,
2018,2,6,31.8,22,26.3,75.2,22.34,2.6,4.763837817,,
2018,2,7,32.9,20.6,26.1,79,24.1,1.6,4.747694479,,
2018,2,8,33.2,21,26,79.8,23.89,1.9,4.770240397,,
2018,2,9,32.8,20.4,26,79.7,23.23,1.6,4.585694639,,
2018,2,10,33.3,20,26.2,75.4,24.59,1.9,4.963937975,,
2018,2,11,33.4,19.6,26,76.8,23.65,2.2,4.834276562,,
2018,2,12,33.2,21.4,27.3,75.6,23.38,2.8,5.03998575,,
2018,2,13,33.9,21.9,27.2,76.3,23.55,2.3,5.019573003,,
2018,2,14,32.4,24.2,28,76.4,20.74,2.8,4.70688574,,
2018,2,15,34.3,22.6,27.4,78.1,24.59,1.5,5.045687299,,
2018,2,16,34,22.6,27.7,79.3,25.23,1.6,5.133515129,,
2018,2,17,34.3,22.6,27.7,79.6,23.54,1.5,4.86302947,,
2018,2,18,34.9,21.9,27.5,74.7,24.72,2,5.269725388,,
2018,2,19,35.4,22.4,28,74.2,23.36,1.9,5.123964056,,
2018,2,20,34.4,24,28.8,73.5,20.74,1.8,4.706443911,,
2018,2,21,34.8,23.5,28.1,77.3,21.94,1.9,4.817092427,,
2018,2,22,34.3,23.8,27.7,79.9,22.99,1.5,4.812392172,,
2018,2,23,32.8,23.7,26.4,85.8,13.19,1.3,2.929751228,,
2018,2,24,33.7,24.2,27.9,77,21.67,2.5,4.85650373,,
2018,2,25,33.7,23,28,73,23.22,2.1,5.075606284,,
2018,2,26,33.7,22.7,28.2,70.3,25.22,2.4,5.523681753,,
2018,2,27,34.4,23.1,28.2,71.2,25.31,2.5,5.623802769,,
2018,2,28,35,23,28.1,75.8,24.65,2,5.302279894,,
2018,3,1,34.8,23.4,28.5,76.5,24.4,1.6,5.17176853,,
2018,3,2,35.2,23.4,28.6,77.1,25.48,2,5.449847165,,
2018,3,3,34.9,23.8,28,79.8,21.55,1.8,4.682458893,,
2018,3,4,34.8,24.2,28.8,78.2,24.13,1.6,5.140308882,,
2018,3,5,35.9,23.4,28.9,78.4,25.06,2,5.418297782,,
2018,3,6,35.1,23.9,27.9,83.2,23.06,1.7,4.8466797,,
2018,3,7,35.2,23,27.3,84.9,21.12,1.5,4.414588172,,
2018,3,8,35.4,24.5,28.7,79.1,25.75,2,5.513280753,,
2018,3,9,34.5,23,28.1,76.8,24.01,3,5.324486985,,
2018,3,10,33.7,24.8,28.3,76.3,21.52,3.4,5.088552423,,
2018,3,11,32.8,23.4,28.2,75.4,17.45,2.4,4.169233832,,
2018,3,12,34.9,23.2,28.3,77.6,22.14,2.4,4.943845603,,
2018,3,13,36,23.8,29.4,78.4,26.71,2.2,5.766005909,,
2018,3,14,36.5,24.5,29.2,80.5,24.38,2.3,5.40040921,,
2018,3,15,33.8,25,27.4,87.5,14.21,1.4,3.155837938,,
2018,3,16,35,24.1,27.7,81.9,19.34,1.6,4.236643784,,
2018,3,17,35.3,23.3,28.5,76.8,24.46,1.5,5.188922982,,
2018,3,18,36.1,24.2,29.3,72.5,23.85,1.7,5.347297951,,
2018,3,19,35.9,24.1,29.2,72.5,23.82,1.8,5.351010484,,
2018,3,20,36.1,24.2,29.1,75.2,22.93,1.8,5.162105623,,
2018,3,21,36.2,23.9,29.2,72.4,24.86,1.9,5.569645367,,
2018,3,22,35.9,23.3,29.4,67.9,26.64,2.3,6.041845942,,
2018,3,23,34.6,24.6,29,66.5,18.68,2.1,4.752158817,,
2018,3,24,34.5,25,28.7,69.9,19.53,2.2,4.818844,,
2018,3,25,35.8,24.2,29.5,66.2,22.96,2.1,5.490355374,,
2018,3,26,36.3,23.6,29.1,70.9,24.88,2.1,5.669514287,,
2018,3,27,36,24,28.6,74.6,22.66,2.1,5.191288204,,
2018,3,28,34,24.1,28.4,78.5,21.29,1.7,4.615931242,,
2018,3,29,34.8,24.8,29.4,75.2,24.55,2,5.403962013,,
2018,3,30,35.2,25.6,29.7,74.7,23.03,1.8,5.195074402,,
2018,3,31,34.1,24.2,28.1,79.9,22.32,2.2,4.831729643,,
2018,4,1,32.1,24.6,27.6,83.9,16.41,1.4,3.542474086,,
2018,4,2,35,24,28.5,80.3,22.06,1.4,4.71682112,,
2018,4,3,34.4,25,29.2,80,22.44,1.6,4.842301931,,
2018,4,4,32.9,25.2,28.4,83.3,15.54,1.6,3.5120701,,
2018,4,5,34.9,24.5,29.2,76.9,23.21,1.5,5.022122656,,
2018,4,6,35,24.7,29.3,73.1,23.18,1.6,5.128151593,,
2018,4,7,35.2,23.8,29.3,66.8,23.43,2.4,5.588033621,,
2018,4,8,35.3,24.8,29.6,63.2,24.86,2.6,6.074369047,,
2018,4,9,35.2,26.2,29.4,67.2,22.78,2.9,5.821286707,,
2018,4,10,33.4,26.3,28.8,75.3,14.08,2.1,3.724408465,,
2018,4,11,35.5,24.5,29,77.9,21.55,1.6,4.784833131,,
2018,4,12,37.3,25.6,30.4,73.8,25.34,2.1,5.888745753,,
2018,4,13,37.2,25.2,30.7,69.1,24.93,2.2,5.958157371,,
2018,4,14,35.8,25.7,28.9,79.2,18.21,1.9,4.322428619,,
2018,4,15,34.9,24.8,28.6,85.4,22.04,1.4,4.652787709,,
2018,4,16,35,25.1,29.5,79.8,21.19,1.7,4.705682596,,
2018,4,17,34.5,25.6,29.6,80,20.38,1.6,4.534961275,,
2018,4,18,36.4,25.2,29.6,76.5,23.57,1.7,5.294709211,,
2018,4,19,35.2,25.3,28.6,82.4,21.4,1.7,4.671732265,,
2018,4,20,35.9,25.3,29.8,76.5,23.73,2,5.362440779,,
2018,4,21,34.7,25,28.5,85.3,20.4,1.4,4.357799689,,
2018,4,22,34.3,25,29.1,82.2,23.57,1.5,4.971074433,,
2018,4,23,35,24.7,29.3,80,21.17,1.5,4.640484019,,
2018,4,24,31.5,25.8,28,85.2,17.47,2.3,3.791045478,,
2018,4,25,32.7,25.5,28.5,82.8,18.71,2.1,4.118725671,,
2018,4,26,32.9,25.4,28.3,84.8,15.83,1.8,3.547955493,,
2018,4,27,33.8,25.4,29.4,80.4,18.04,1.6,4.076217971,,
2018,4,28,34.8,26.3,29.9,80.5,22.24,2,4.965227644,,
2018,4,29,32.7,25.3,28.1,84.7,13.85,1.8,3.20856675,,
2018,4,30,29.5,23.6,26.3,87.9,8.52,1.6,2.077498259,,
2018,5,1,32.7,24.2,28.1,80.3,22.31,1.5,4.622416025,,
2018,5,2,34.5,24.6,28.3,83.4,19.22,1.8,4.210415627,,
2018,5,3,34.4,23.9,28.1,85.6,24.29,1.7,4.960146471,,
2018,5,4,34.1,24.5,28.6,83.5,24.13,1.5,4.990553907,,
2018,5,5,33.7,25.2,28.4,86.5,21.04,1.6,4.402441943,,
2018,5,6,33,26.3,29.2,84.9,18.8,1.7,4.093837872,,
2018,5,7,34.3,24.5,29.3,83.4,23.83,2.3,5.039470927,,
2018,5,8,34.3,24.2,28.8,81.2,25.5,1.7,5.289324943,,
2018,5,9,34.2,25.2,28.2,87.8,15.74,1.8,3.485316882,,
2018,5,10,34,24.6,27.9,86,18.56,1.5,3.96077117,,
2018,5,11,34.1,24.4,28.5,83.3,22.16,1.6,4.660683686,,
2018,5,12,34.7,25.1,29.6,80.4,21.67,1.7,4.756674781,,
2018,5,13,34.1,24.7,27.4,87.5,19.2,1.8,4.036268243,,
2018,5,14,33.6,24.8,28.4,85.8,21.68,1.4,4.498652192,,
2018,5,15,33.9,26,28.6,85.3,15.32,1.6,3.489113903,,
2018,5,16,32.7,24.8,28.3,85.6,17.06,2.2,3.734765735,,
2018,5,17,33.8,24,27.9,86.1,21.08,2,4.378901453,,
2018,5,18,33.6,25.1,27.5,88.8,16.97,1.3,3.594520566,,
2018,5,19,34.3,23.8,28.3,84.6,21.25,2.1,4.498564154,,
2018,5,20,34.5,24,28.6,84.9,20.99,2.1,4.476738918,,
2018,5,21,33,25.8,28.6,86.5,18.7,1.9,4.010257925,,
2018,5,22,33.5,25.3,28.1,86.8,19.73,1.5,4.147321666,,
2018,5,23,34.5,24.3,27.7,87.8,17.79,1.6,3.798608935,,
2018,5,24,32.7,25.4,28,88.1,16.38,1.6,3.511372162,,
2018,5,25,34,24.7,28.3,86.2,18.76,1.7,4.021278636,,
2018,5,26,32.6,25,26.8,92.3,12.63,1.6,2.702899874,,
2018,5,27,34.1,25,27.6,88.6,20.05,1.4,4.1619132,,
2018,5,28,33.8,23.6,28.7,86.8,17.74,1.9,3.814905767,,
2018,5,29,32.1,24.1,27.7,86.5,14.75,1.2,3.181705908,,
2018,5,30,34.1,25.2,28.9,85.9,20.84,1.5,4.418649616,,
2018,5,31,32.1,24.2,26.5,92.4,8.78,1.1,2.00458794,,
2018,6,1,32.2,25.3,27,86.9,12.44,1.6,2.840899886,,
2018,6,2,33.5,24,28.5,84,20.04,1.3,4.212890615,,
2018,6,3,33.7,26,29.5,85.1,20.52,1.5,4.407659794,,
2018,6,4,32.9,25.7,28.9,87.1,14.28,1.3,3.19241464,,
2018,6,5,34.2,25.9,29.4,86.3,20.82,1.6,4.461975447,,
2018,6,6,34,25.4,29.4,86.5,18.02,1.1,3.902990981,,
2018,6,7,34,26.3,30,84.7,20.6,1.6,4.48328564,,
2018,6,8,34.1,26.2,29.8,81.8,20.43,1.7,4.524343814,,
2018,6,9,34.3,26.2,29.7,79.8,19.27,1.5,4.342605198,,
2018,6,10,34.1,26.1,29.9,81,21.56,1.8,4.750147836,,
2018,6,11,33.2,27.1,29.9,82.4,12.64,1.2,3.049156774,,
2018,6,12,34.2,26.8,29.9,83.2,16.56,1.5,3.814412481,,
2018,6,13,32.7,26.4,29,81.2,16.61,1.6,3.786264968,,
2018,6,14,33.6,25.1,29.2,81.2,19.57,2,4.350571494,,
2018,6,15,33.7,26.3,29.8,81.8,15.63,1.7,3.682296555,,
2018,6,16,33.9,23.3,28.6,83,12.51,2,3.086962341,,
2018,6,17,30.8,22.6,25.1,92.2,8.82,1.5,1.971523115,,
2018,6,18,28.5,23.5,25.5,92.8,6.96,2.4,1.679677081,,
2018,6,19,30.3,23.7,26.1,89.8,10.97,1.7,2.421483746,,
2018,6,20,31.5,23.5,27.3,86,16.13,2,3.437928354,,
2018,6,21,33.2,25.3,28.7,83.3,20.02,1.3,4.253977368,,
2018,6,22,33.5,25.9,29.2,83.8,20.93,1.7,4.4968311,,
2018,6,23,31.2,24.4,27.3,85.9,20.41,2.4,4.13946931,,
2018,6,24,32,25.1,27.8,84.5,18.39,1.7,3.902126818,,
2018,6,25,31.2,23.6,26.3,89.3,14.26,1.9,2.991402079,,
2018,6,26,31.8,23.4,27.2,83.3,19.15,1.3,3.928475443,,
2018,6,27,31.7,23.2,27,84.4,15.55,1.6,3.348238577,,
2018,6,28,33.4,24.1,28.3,82.8,22.7,1.2,4.661065264,,
2018,6,29,31.6,25,27.9,83.5,22.27,1.8,4.540405889,,
2018,6,30,32.8,24.6,28.7,81.2,24.82,1.6,5.073967033,,
2018,7,1,30.1,22,26.6,88.4,12.21,1.7,2.636235212,,
2018,7,2,29.3,25,26.7,86.5,12.31,1.4,2.715200785,,
2018,7,3,32.1,24.3,27.8,84.7,19.81,1.4,4.084010931,,
2018,7,4,32.4,24.7,28,85.1,20.64,1.7,4.268503008,,
2018,7,5,32.4,25.6,28,87,16.35,2,3.556705169,,
2018,7,6,30.4,24,26.9,88.5,11.56,1.5,2.565551668,,
2018,7,7,31.8,24.8,27.8,87.8,15.49,1.3,3.297055689,,
2018,7,8,32.5,25,28.2,86.2,18.41,1.7,3.894673388,,
2018,7,9,29.5,23.9,25.5,93.2,8.9,1.6,1.957275646,,
2018,7,10,29.9,23.2,26.4,90.7,9.21,1.1,2.074331702,,
2018,7,11,31.6,25.8,28.3,85.5,15.66,1.3,3.404626676,,
2018,7,12,32.8,25.7,29,84.5,22.58,1.5,4.693488515,,
2018,7,13,32.7,26.3,29.1,83.8,21.83,1.9,4.631298196,,
2018,7,14,31.8,26,28.5,84.3,12.62,1.6,2.979809271,,
2018,7,15,34.2,25.5,29.2,83.2,23.2,1.2,4.881424861,,
2018,7,16,33.1,25.5,29.2,83.7,22.75,1.3,4.739599194,,
2018,7,17,28.2,23.5,25.8,95.2,5.32,1.4,1.32024086,,
2018,7,18,32.9,23.5,27.9,88,18.97,1.6,3.903194908,,
2018,7,19,34.2,26.1,29.6,83.3,20.95,1.6,4.564064718,,
2018,7,20,30.3,23.5,27.7,87.8,15.77,1.6,3.272957493,,
2018,7,21,32.9,25.6,28.8,84.3,18.7,1.3,4.00929145,,
2018,7,22,33,25.5,28.8,85.2,20.61,1.4,4.332986101,,
2018,7,23,33.2,25.9,29.2,85.1,23.87,1.3,4.939525808,,
2018,7,24,32.1,26,28.4,86.2,19.42,1.8,4.089424425,,
2018,7,25,33.1,24.9,28.8,83.3,24.07,1.4,4.936987943,,
2018,7,26,33.3,25.9,29.1,84.7,20.88,1.3,4.422344452,,
2018,7,27,29.4,25.9,27.4,91.1,8.79,1.2,2.041453073,,
2018,7,28,31.6,25.9,27.6,87.8,14.65,1.4,3.174890874,,
2018,7,29,33.4,24.8,28.4,84.1,23.48,1.7,4.839646288,,
2018,7,30,30.3,24,26,90.6,14.46,1.9,2.949394631,,
2018,7,31,32.2,24,26.9,87.2,13.9,1.3,3.01335131,,
2018,8,1,32.7,24.6,28.1,83.3,19.96,1.7,4.216789943,,
2018,8,2,32.9,25,28.3,83.7,21.2,1.5,4.425846291,,
2018,8,3,32.4,25.9,28.7,83.1,23.81,1.5,4.89654967,,
2018,8,4,32.5,24.8,28.5,85.5,24.32,1.8,4.900023751,,
2018,8,5,32.8,25.1,28.9,83.7,25.25,1.4,5.125965061,,
2018,8,6,32.7,25.5,28.9,83.9,23.47,1.7,4.848235518,,
2018,8,7,32.7,25.8,29,83.9,20.29,1.6,4.321537893,,
2018,8,8,32.4,24.7,27.2,86.7,12.34,1.7,2.840200505,,
2018,8,9,31.3,24.1,27.1,88.9,16.79,1.6,3.440618617,,
2018,8,10,32,24.2,27.2,88.1,18.7,1.5,3.805795218,,
2018,8,11,31.2,25.2,28.1,86.8,12.84,1,2.838099486,,
2018,8,12,32.7,25.7,28.8,84.9,21.25,1.3,4.432987586,,
2018,8,13,33.6,25.5,29,81.8,23.49,1.6,4.945457579,,
2018,8,14,33.6,25.6,29.1,80.7,22.39,1.5,4.774534449,,
2018,8,15,34.1,25.6,29,81,19.1,1.4,4.218684965,,
2018,8,16,33,25.5,28.7,84.5,14.88,0.9,3.287040414,,
2018,8,17,32.1,24.7,28.3,85.6,23.26,2.1,4.691502177,,
2018,8,18,33.3,25.6,29.3,81.2,24.5,2,5.164623805,,
2018,8,19,33.7,24.1,27.4,88.5,12.69,1.6,2.86395942,,
2018,8,20,32.8,24.6,27.8,85.8,18.28,1.2,3.834174228,,
2018,8,21,32.6,25.6,28.1,85.7,17.1,1.5,3.691483377,,
2018,8,22,29.6,23.2,26.4,93.3,13.28,2.3,2.639465411,,
2018,8,23,30.6,23.1,26.1,90,16.77,1.5,3.324011657,,
2018,8,24,32.4,23.6,27.6,85.4,20.94,1.1,4.228092552,,
2018,8,25,32.1,23.7,27.6,86.3,17.52,1.2,3.637576672,,
2018,8,26,32.9,24.7,28.6,85.2,22.69,1.2,4.638973738,,
2018,8,27,32.9,25.2,28.7,83.9,18.25,1.2,3.911569829,,
2018,8,28,31.7,25.5,28,86.4,12.73,1,2.841456722,,
2018,8,29,32.7,25.3,28.3,84.3,22.26,1.4,4.585591868,,
2018,8,30,33.2,25.1,28.7,84.3,23.51,1.4,4.837149749,,
2018,8,31,32.4,25.5,28.6,84.7,21.12,1.6,4.402613481,,
2018,9,1,33.5,24.7,28.8,84,22.37,1.6,4.668172115,,
2018,9,2,33.1,24.7,27.9,85.4,21.66,1.8,4.469178959,,
2018,9,3,32.2,24.1,26,89.1,13.93,1.5,2.96105332,,
2018,9,4,27.2,23.8,25.3,91.9,9.55,1.2,2.05261857,,
2018,9,5,33.2,23.9,27.8,84.9,23.25,1.6,4.706374796,,
2018,9,6,32.7,25.1,27.7,85.4,19.03,1.6,4.00636906,,
2018,9,7,32.2,24.8,27.4,86.3,17.43,1.8,3.691245214,,
2018,9,8,31.9,24.5,26.5,87.4,19.87,1.1,3.979187371,,
2018,9,9,32.3,23.8,27.6,83.9,22.31,1.9,4.526211532,,
2018,9,10,31.8,24.3,27.6,85.3,16.05,1.7,3.462966575,,
2018,9,11,31,24.3,27,88,13.68,1.6,2.952299208,,
2018,9,12,32,24.3,27.2,86.8,17.02,1.7,3.574358347,,
2018,9,13,28.4,23.7,25.7,93.8,9.19,1.5,1.973045073,,
2018,9,14,31.7,24,26.3,91.9,12.9,1.2,2.704445588,,
2018,9,15,29.1,23.3,25.6,92.5,11.11,1.8,2.314037443,,
2018,9,16,30.5,24.4,26,93.1,11.4,1.4,2.396179805,,
2018,9,17,33.4,22.9,27.7,86,21.9,2,4.44531186,,
2018,9,18,28.1,23.1,25.2,91.3,7.37,1.1,1.723161954,,
2018,9,19,33.4,23.5,27.9,79.9,21.43,0.9,4.39402316,,
2018,9,20,34.7,25.1,28.6,82.5,23.05,1.5,4.886818364,,
2018,9,21,31.4,24.9,26.6,91.7,7.22,1,1.746126205,,
2018,9,22,30.7,24,25.3,93.2,7.25,1.2,1.691560843,,
2018,9,23,32.9,23.2,27.5,85,23.4,1.5,4.668452084,,
2018,9,24,32.6,24.3,27.6,88.2,14.49,1.1,3.115454638,,
2018,9,25,31.9,24.7,27.5,85.8,17.91,1.4,3.740816133,,
2018,9,26,34.1,24.2,28.2,83.5,22.76,1.6,4.737908472,,
2018,9,27,33.3,24,28.1,84,23.77,1.8,4.844093624,,
2018,9,28,32.8,24.1,27.8,85.3,21.32,1.7,4.368370536,,
2018,9,29,33.6,24.9,28.9,81.7,23.54,1.4,4.905012261,,
2018,9,30,34.3,25.4,29.2,79.8,22.16,1.4,4.773858195,,
2018,10,1,33.7,26.8,28.8,85.3,15.78,1.4,3.562903146,,
2018,10,2,31.8,25.4,27.5,90.2,14.02,1.9,3.015089758,,
2018,10,3,33.3,24.5,28.3,85.6,22.25,1.3,4.564005562,,
2018,10,4,31.8,24.6,27.4,89.3,14.49,1.5,3.087228503,,
2018,10,5,33,24.4,27.9,87.1,16.3,1.7,3.514005638,,
2018,10,6,33,24.4,27.2,89.3,17.43,1.6,3.614561235,,
2018,10,7,32.4,24.5,26.8,88.8,14.53,1.2,3.090136908,,
2018,10,8,32.7,23.3,26.9,88.8,18.58,1.3,3.762981307,,
2018,10,9,33.5,24.2,26.2,92.8,16.05,1.2,3.275855298,,
2018,10,10,33.9,24.3,27.9,86.2,21.95,1.4,4.515902002,,
2018,10,11,32.1,25.1,28,85.7,15.32,1.1,3.313183976,,
2018,10,12,30,25,27,88.4,10.78,1.3,2.434528864,,
2018,10,13,32.4,24.2,26.6,90.9,18.13,1.6,3.634937015,,
2018,10,14,32.6,24.3,27.5,87.1,16.63,1.5,3.524325701,,
2018,10,15,33.2,24.2,27.2,89.4,16.04,1.7,3.383817654,,
2018,10,16,31.2,24.3,27.3,88.5,16.27,1.5,3.371323958,,
2018,10,17,32,24.3,27.7,87,22.83,2.3,4.532347718,,
2018,10,18,30.6,24.1,25.9,90.6,12.69,2.1,2.686255916,,
2018,10,19,31.5,24.1,27.1,84.4,17.87,1.8,3.754464289,,
2018,10,20,32.2,24.7,27.6,82.8,21.86,2.2,4.540070205,,
2018,10,21,32.9,24.8,28.5,82.5,18.81,1.9,4.104471053,,
2018,10,22,33.7,23.3,28.4,82.8,25,1.9,5.090758761,,
2018,10,23,32.8,24.6,27.5,85.6,22.93,2.3,4.648361817,,
2018,10,24,33.6,23.5,26.4,87.3,18.34,1.6,3.791996352,,
2018,10,25,33.6,23.9,27.2,85.5,22.14,1.4,4.498093407,,
2018,10,26,34.5,24.6,27.1,88.3,18.25,1.5,3.846294922,,
2018,10,27,34.3,24.3,27.9,85,18.51,1.6,3.991771816,,
2018,10,28,32.9,24.8,26.9,88.7,12.13,1,2.687583047,,
2018,10,29,33.3,23.9,28.1,80.3,21.81,1.8,4.611598863,,
2018,10,30,33.2,25.6,28.2,80,20.67,2.4,4.601613485,,
2018,10,31,32,25.1,28.1,78.1,15.29,1.9,3.636161161,,
2018,11,1,33.4,25.9,28.8,73,21.42,2.4,5.019823076,,
2018,11,2,30.9,24.7,27.2,83.5,9.78,1.6,2.472097909,,
2018,11,3,28.7,25.2,26.4,84.9,7.37,1.8,2.041419801,,
2018,11,4,34.3,24.3,28.2,79.3,20.4,1.8,4.493336162,,
2018,11,5,31.1,24.9,27.2,86.3,12.25,1.6,2.790844087,,
2018,11,6,31.1,24.5,27.3,84.7,11.85,1.7,2.782437791,,
2018,11,7,30.7,23.9,26.8,85.6,10.53,1.4,2.471471125,,
2018,11,8,32.9,24.2,28.2,80.5,18.97,1.5,4.09112622,,
2018,11,9,32.6,24.8,27.2,87.2,12.6,1.5,2.853204407,,
2018,11,10,33.5,24,27.4,86.6,16.99,1.6,3.631308915,,
2018,11,11,33,24.2,28.2,79.5,20.42,1.9,4.423130578,,
2018,11,12,33.5,25.1,28.3,82.3,20.79,1.8,4.460190493,,
2018,11,13,33.3,25,28.4,82,17.61,1.3,3.8520521,,
2018,11,14,32.4,25.3,28,80.8,18.98,1.7,4.125960378,,
2018,11,15,32.9,25,26.7,88.7,13.34,1.7,2.949611825,,
2018,11,16,33.3,24.5,27.5,86.8,22.62,1.5,4.574863948,,
2018,11,17,33.6,25.2,28.5,86.7,20.77,1.4,4.343265183,,
2018,11,18,33.2,23.2,28,84.9,19.56,1.5,4.075033085,,
2018,11,19,31.8,25.2,27.9,85.7,18.49,1.9,3.897944636,,
2018,11,20,32.2,24.9,27.3,88,12.18,1.7,2.771176738,,
2018,11,21,30.8,24,26.6,89.3,11.53,1.7,2.553915604,,
2018,11,22,33.9,24,28.2,86.2,19.43,1.5,4.092723736,,
2018,11,23,34.3,23.1,28.4,86.2,22.84,1.8,4.682947715,,
2018,11,24,33.7,24,28.5,86.2,21.06,1.3,4.364537221,,
2018,11,25,33.7,25.1,28.2,86.2,18.54,1.6,3.970769598,,
2018,11,26,33.7,25.1,28.6,86.2,20.15,1.4,4.250589266,,
2018,11,27,34.1,25,28.6,86.2,19.75,1.5,4.204341716,,
2018,11,28,34.7,25,28.7,86.2,20.85,1.7,4.443446508,,
2018,11,29,31.2,25.4,27.8,83.1,13.74,1.7,3.166093255,,
2018,11,30,34.5,25.5,29,73.6,20.56,2.2,4.874841085,,
2018,12,1,34.4,24.8,28.1,80.3,19.92,1.9,4.428641661,,
2018,12,2,33.6,25.3,29,73.4,19.42,2.2,4.627344706,,
2018,12,3,33.2,24.7,27.2,84.8,14.41,1.6,3.254825837,,
2018,12,4,33.2,25.1,27.4,88.6,11.7,1.2,2.658483954,,
2018,12,5,32.9,25.1,27.3,84,15.45,1.7,3.464554829,,
2018,12,6,31.1,24.5,26.5,89.1,9.81,1.2,2.252515074,,
2018,12,7,32.9,24.6,27.9,78.5,20.42,2.2,4.511072559,,
2018,12,8,34.1,24.5,27.9,83.4,20.36,1.6,4.337537431,,
2018,12,9,30.9,24.7,27.1,88.7,12.75,1.2,2.763185227,,
2018,12,10,33.4,24.3,26.7,89.8,16,1.2,3.347002245,,
2018,12,11,31.8,24.3,27.6,82.5,15.18,1.9,3.434720823,,
2018,12,12,31.3,24.6,27.2,83.4,13.69,2.3,3.213273221,,
2018,12,13,31.9,25.1,27.8,81.3,14.4,1.8,3.363727779,,
2018,12,14,32.5,24.7,27.6,82.2,13.58,1.6,3.176078427,,
2018,12,15,29.7,24.6,26.5,85.9,9.94,1.7,2.396746173,,
2018,12,16,30.9,24.4,27,84.9,12.94,1.6,2.921189175,,
2018,12,17,28.3,24.5,26.4,83,5.93,2,1.918881642,,
2018,12,18,29.8,24.6,26.2,86.7,9.99,1.6,2.363435352,,
2018,12,19,31.5,24.3,26.3,90.6,10.88,1.4,2.405868079,,
2018,12,20,33.6,23.7,26.6,88.3,15.61,1.4,3.313561483,,
2018,12,21,33.7,24.2,28.4,82,19.98,1.5,4.276078705,,
2018,12,22,33.7,24.1,28.1,83.2,21.46,1.2,4.454417696,,
2018,12,23,33.3,23.7,27.7,85.3,19.52,1.2,4.04668577,,
2018,12,24,33.1,24.1,26.8,87.8,17.89,1.2,3.695777794,,
2018,12,25,31.8,24,26.2,91.4,11.49,1,2.471826098,,
2018,12,26,32,24.4,26.8,88.7,15.75,1,3.274658036,,
2018,12,27,32.4,24.5,27.4,86,20.8,1.4,4.229498337,,
2018,12,28,32.3,24.5,28,84.4,21.75,1.4,4.435103349,,
2018,12,29,33.4,23.9,28,83.1,22.25,1.6,4.598618271,,
2018,12,30,32.8,24.3,27.4,86.4,14.83,0.9,3.184649769,,
2018,12,31,33,24.2,27.1,83.5,17.95,1.7,3.856827793,,
2019,1,13,32,24.2,28,77.1,18.42,2.2,4.182836071,,
2019,1,14,33.9,24.8,28.5,73.6,22.98,2.2,5.159891929,,
2019,1,15,33.3,23,27.8,75.3,20.05,2.1,4.497592373,,
2019,1,16,33.2,22.9,27.6,78.3,18.74,1.9,4.146062678,,
2019,1,17,33.1,24.7,28,76.8,17.23,2.4,4.151857816,,
2019,1,18,33.7,25.8,29,69.5,21.3,2.9,5.325931228,,
2019,1,19,33.6,25.1,28.7,69.8,21.8,2.9,5.333457039,,
2019,1,20,34.6,23.3,28.5,71.7,23.1,2.4,5.28417646,,
2019,1,21,33.8,23.4,28.3,74,21.79,2.1,4.862354136,,
2019,1,22,33.4,23.4,28,75.2,20.57,2.2,4.630920293,,
2019,1,23,34,23.4,28.2,72.9,22.08,2.3,5.01061978,,
2019,1,24,33.4,23.3,28.1,70.4,22.6,2.4,5.144867737,,
2019,1,25,33,22.4,27.2,71,22.23,2.4,4.984201154,,
2019,1,26,33,20.2,26.3,67.8,20.38,2.4,4.741671641,,
2019,1,27,34.1,24.7,28.4,66.9,18.82,3,5.115615222,,
2019,1,28,33.9,25.2,28.6,68.9,17.03,2.3,4.485379822,,
2019,1,29,33.8,26.5,29,69.6,18.32,2.5,4.785963806,,
2019,1,30,33.9,25.8,29.1,68.9,20.96,2.5,5.175483561,,
2019,1,31,34.7,23.2,28.3,74.3,20.76,2,4.728311398,,
2019,2,1,34.6,23.6,28.9,69.2,22.53,2.4,5.30436492,,
2019,2,2,33.6,23.7,27.4,82.5,16.26,1.8,3.652252752,,
2019,2,3,34.2,24.1,28.3,80.4,15.71,2,3.731428681,,
2019,2,4,35.1,24.1,28.8,76.8,24.27,2.2,5.334496859,,
2019,2,5,35.4,24,28.9,72.9,21.88,2.1,5.074752298,,
2019,2,6,34.7,22.8,28.3,71.4,23.99,2.4,5.408709985,,
2019,2,7,35.6,21.7,27.9,75.7,24.32,1.8,5.197907368,,
2019,2,8,35.7,23.1,28.2,78.5,21.45,1.5,4.672363859,,
2019,2,9,35.5,24.3,28.2,83.1,16.74,1.3,3.760583822,,
2019,2,10,35.2,23.6,28.3,72.2,25.42,2.3,5.655159474,,
2019,2,11,34.3,21,27.8,67.4,25.63,2.8,5.774843038,,
2019,2,12,35.6,23.5,29.4,67,24.19,3.1,5.982142013,,
2019,2,13,34.9,25.4,29.3,69.8,20.01,2.7,5.137943542,,
2019,2,14,34.8,26.4,29.5,68.6,22.39,2.8,5.632665792,,
2019,2,15,35.4,23.2,29,67.3,24.68,2.4,5.743291576,,
2019,2,16,34.9,23.2,27.8,73.5,19.61,2.1,4.616612907,,
2019,2,17,36.6,23.2,28.4,74.7,23.43,2.1,5.324237684,,
2019,2,18,35.9,23.6,28.6,76.2,24.53,1.8,5.344491529,,
2019,2,19,36.4,24.1,28.8,77.8,20.84,1.9,4.78478099,,
2019,2,20,36.3,23.7,27.4,86.1,16.3,1.8,3.675664227,,
2019,2,21,35.4,24.3,28.8,78.3,23.1,2.1,5.114556125,,
2019,2,22,36.1,24.2,29.5,74.9,24.9,1.7,5.478108488,,
2019,2,23,35.8,23.5,29.2,69.3,25.17,2.1,5.705447658,,
2019,2,24,35.6,21.9,28.2,69.8,24.34,2,5.420893991,,
2019,2,25,35.1,20.8,27.7,68.8,26.6,2.1,5.708535011,,
2019,2,26,36.2,22.6,28.2,73.7,23.48,2.1,5.296382518,,
2019,2,27,34.8,24.3,29.1,71.8,22.42,2.5,5.283290201,,
2019,2,28,35.9,24.1,29.5,72.4,22.3,1.9,5.146589803,,
2019,3,1,35.3,24,29,72.4,22.21,2.3,5.19717623,,
2019,3,2,36.3,22.7,28.6,72.3,23.46,2,5.324627777,,
2019,3,3,35.3,22.8,28.4,73.1,22.53,1.6,4.947455743,,
2019,3,4,36.3,22.5,28.4,67.7,25.3,1.8,5.637059847,,
2019,3,5,35.4,21.6,27.7,73.3,23.08,1.9,5.065353802,,
2019,3,6,37.2,23.7,29.4,72.2,23.83,1.7,5.426437099,,
2019,3,7,36.1,22.4,28.6,75.3,25.23,2,5.491966916,,
2019,3,8,37.3,21.7,28.3,71.3,25.84,1.9,5.738611296,,
2019,3,9,36.7,22.8,28.8,74.5,23.44,2.1,5.331689563,,
2019,3,10,36.5,24.9,29.1,78.3,21.97,1.8,4.98454744,,
2019,3,11,35.9,23.1,28.9,80.1,22.26,2.1,4.913939365,,
2019,3,12,36,23.3,29,80.5,24.18,1.9,5.210406973,,
2019,3,13,35.5,25,29.4,76.1,19.97,1.7,4.616164154,,
2019,3,14,36.7,22.7,28.9,74.5,25.7,1.7,5.587256727,,
2019,3,15,36.9,24.1,29.6,71.5,24.84,1.8,5.636646103,,
2019,3,16,36.1,22.6,29.5,67.1,25.1,2.6,5.932024826,,
2019,3,17,36,24.1,30.4,61.5,22.71,2.5,5.79889507,,
2019,3,18,36.2,24.5,30,68.8,24.03,2,5.601978548,,
2019,3,19,37.6,24.4,30.6,66.1,25.34,2.1,6.061635958,,
2019,3,20,36.7,24.5,29.4,75.5,23.05,1.7,5.21682907,,
2019,3,21,36.8,23.6,29.4,74.8,22.65,1.8,5.165020327,,
2019,3,22,36.3,23.9,29.7,77.6,24.35,2.3,5.461791831,,
2019,3,23,36,25,30.1,76.3,24.75,2.1,5.561970004,,
2019,3,24,36.8,23.9,28.8,82.8,18.6,2.1,4.300498911,,
2019,3,25,31.5,24.1,27.5,86.2,10.3,1.4,2.451601264,,
2019,3,26,36.7,24.2,29.4,78.1,23.72,2,5.323445577,,
2019,3,27,37.1,24,29.3,77.6,25.15,1.9,5.580630637,,
2019,3,28,35.8,24.9,29.4,79.6,24.64,1.8,5.361249529,,
2019,3,29,35.6,25.6,29.9,78.3,22.29,2,5.063461688,,
2019,3,30,34.8,26,28.8,82.4,14.41,1.7,3.480041459,,
2019,3,31,33.9,25.4,28.2,82.9,13.64,1.6,3.248558982,,
2019,4,1,32.6,24.3,27.2,87.5,12.23,1.6,2.783672138,,
2019,4,2,35.1,23,27.1,86.6,16.67,1.5,3.607093079,,
2019,4,3,34,23.7,26.7,90.3,18.01,1.5,3.691519665,,
2019,4,4,34.2,24,27.7,87.3,22.35,1.8,4.565967386,,
2019,4,5,34.7,23.5,28.6,83,24.25,1.6,5.029289825,,
2019,4,6,35.1,25.8,29.8,81.1,19.57,1.4,4.384699329,,
2019,4,7,34.4,25.3,29.5,80.7,22.41,1.8,4.875016053,,
2019,4,8,36.2,26.1,29.7,80,20.4,1.4,4.62747635,,
2019,4,9,34.3,23.7,28.9,75.9,20.41,1.7,4.551356974,,
2019,4,10,34.9,23.9,29.2,77.2,20.78,1.3,4.540451982,,
2019,4,11,34.2,26.1,29.8,80.4,17.72,1.4,4.035274924,,
2019,4,12,34.1,26.5,29.8,82.2,22.48,1.8,4.893146346,,
2019,4,13,34.5,26.1,29.3,85,22.31,1.8,4.786031975,,
2019,4,14,35.9,23.9,28.2,87.7,19.98,1.8,4.269781703,,
2019,4,15,33.3,24.1,28.6,86.1,22.48,1.6,4.60323481,,
2019,4,16,34.8,26.2,28.9,87,17.98,1.5,3.95806433,,
2019,4,17,34.6,25.2,29.2,83.8,18.42,1.3,4.052365039,,
2019,4,18,35.3,26.7,29.7,82.5,23.24,1.4,5.059304994,,
2019,4,19,35.3,25.4,30,80.7,24.62,1.4,5.286643084,,
2019,4,20,35.7,26.7,30.2,81.6,23.91,1.8,5.293373568,,
2019,4,21,35.5,25.9,30,80.2,22.82,1.7,5.060351756,,
2019,4,22,35.8,26.5,30.5,76.5,21.82,1.1,4.867698089,,
2019,4,23,35.3,24.6,28.6,86.5,16.87,1.5,3.741158126,,
2019,4,24,34.5,25.2,28.8,85.2,20.33,1.4,4.354538615,,
2019,4,25,35.6,26,30,81.2,24.79,1.6,5.384036293,,
2019,4,26,35.7,24.5,30,72.6,22.2,1.3,4.93633066,,
2019,4,27,34.3,25.7,29.2,81.5,22.65,2,4.921879769,,
2019,4,28,33.3,26.2,29.5,79.6,18.92,1.7,4.266427718,,
2019,4,29,35.7,27,30.5,78.8,22.38,1.7,5.092312752,,
2019,4,30,33.3,26.8,29.2,83.5,18.92,1.9,4.207776376,,
2019,5,1,34.9,26,29.9,81.7,23.24,2,5.09617754,,
2019,5,2,35.2,26.8,30.9,79.9,25.57,1.7,5.600131087,,
2019,5,3,35.5,27.1,31.1,79.4,25.74,1.8,5.700531022,,
2019,5,4,35,24.8,29.5,82.5,15.99,1.9,3.770725053,,
2019,5,5,32.3,24.9,27.4,89,16.43,2.3,3.465249294,,
2019,5,6,31.6,24.2,27.6,86.8,16.62,2.1,3.526591721,,
2019,5,7,33.5,25.5,28.2,87.5,18.19,2.2,3.907778656,,
2019,5,8,32.9,25.4,27.8,88.2,16.65,1.9,3.56957421,,
2019,5,9,30.9,24.6,26.5,92.3,9.92,1.6,2.201239052,,
2019,5,10,28.8,24.7,26.4,91,7.97,1.6,1.896842241,,
2019,5,11,33.9,24.5,28.8,83.1,23.08,1.7,4.83127205,,
2019,5,12,32.4,26.2,28.6,86.7,13.55,1.4,3.072278428,,
2019,5,13,34.1,25.8,29.6,82.5,24.06,1.7,5.109684469,,
2019,5,14,34.5,26.3,30,80.7,24.25,2,5.282554504,,
2019,5,15,34.1,26.1,29.1,83,21.16,2.2,4.650542855,,
2019,5,16,32.7,24.8,27.7,88.1,19.19,2.5,3.972921857,,
2019,5,17,33.2,24.8,28.5,83.1,22.07,2,4.645395571,,
2019,5,18,31.7,25.6,28.2,87.5,16.36,1.7,3.501889076,,
2019,5,19,34.2,25.3,28.7,87.1,16.34,2.1,3.65007845,,
2019,5,20,30.9,25.1,27.8,88,10.02,1.7,2.395673951,,
2019,5,21,33.4,25.4,29,84,22.23,2.1,4.708685558,,
2019,5,22,33,25.4,28.7,84.1,22.56,1.8,4.704058796,,
2019,5,23,33.8,26.2,29.5,81.5,17.74,1.9,4.081038274,,
2019,5,24,34.4,26.2,29.8,82.3,21.28,2,4.715446337,,
2019,5,25,32.8,24.5,28.8,82.8,21.16,2.4,4.517246563,,
2019,5,26,33.5,26,29.7,83.9,22.39,2.1,4.795933546,,
2019,5,27,32.9,26.8,29.6,83.5,17.01,1.6,3.833394992,,
2019,5,28,33.7,25,28.4,88.5,16.48,1.9,3.573216156,,
2019,5,29,32.3,25,27.8,87.7,12.48,1.4,2.817475927,,
2019,5,30,33.9,25.9,28.6,85.9,19.49,1.9,4.212690408,,
2019,5,31,32.6,25.1,28,88.9,16.49,1.8,3.502671303,,
2019,6,1,32.6,24.8,28.2,86,19.6,1.6,4.090759127,,
2019,6,2,33.2,24.5,28.2,85.5,23.5,1.8,4.782270343,,
2019,6,3,33.1,24.6,28.3,85.6,23.15,2,4.729313893,,
2019,6,4,32.4,24.1,27,88,15.49,1.5,3.284078432,,
2019,6,5,31.5,24.9,28,86.5,17.61,1.8,3.706169184,,
2019,6,6,31.7,25.2,27.4,88.3,14.66,1.7,3.163289871,,
2019,6,7,29.4,24.6,26.8,90.3,10,1.2,2.234234621,,
2019,6,8,32.6,25,28.1,85.3,20.12,2,4.221362122,,
2019,6,9,32.1,24.6,27.9,85.9,19.32,1.8,4.015704964,,
2019,6,10,33.2,25.6,29.1,82.1,23.27,1.8,4.905254173,,
2019,6,11,33.4,25.6,29.5,82,17.85,1.4,3.963049728,,
2019,6,12,34.5,27.1,30.5,78.8,22.65,1.9,5.096231816,,
2019,6,13,34.2,26.4,30.5,79,23.25,1.9,5.138553189,,
2019,6,14,34.6,27.1,30.4,78.8,23.42,2.2,5.285604081,,
2019,6,15,32.6,24.4,29.2,84.8,21.93,1.6,4.531481617,,
2019,6,16,32.9,26.8,29.7,83.9,20.43,1.9,4.44570455,,
2019,6,17,32.7,26.7,29.3,85.3,12.67,1,2.928487552,,
2019,6,18,32.2,24.7,27,89.5,10.17,1.4,2.354013949,,
2019,6,19,31.6,25,28.2,89.2,10.42,1,2.385998619,,
2019,6,20,31.4,23.1,27.3,88.6,10.76,1.2,2.425676835,,
2019,6,21,32.9,25,29,84.3,21.5,1.3,4.478564153,,
2019,6,22,31.6,25,26.8,91,14.35,1.9,3.005029833,,
2019,6,23,29.7,24.8,26.6,91,11.3,2.1,2.462474847,,
2019,6,24,33.5,24.7,28.8,85.2,22.5,1.6,4.666568271,,
2019,6,25,32.1,25.5,28,89,13.01,1.6,2.896121073,,
2019,6,26,32.3,25.2,28.2,87.4,14.42,1.4,3.168771901,,
2019,6,27,33.3,24.8,28.2,84.9,13.8,1.2,3.119357472,,
2019,6,28,33.5,24.9,29,83.3,21.8,1.6,4.601073464,,
2019,6,29,33.3,26.4,29.6,85.1,20.13,1.6,4.343329737,,
2019,6,30,33.4,26.9,29.8,85,19.42,1.5,4.243033687,,
2019,7,1,33.5,26.4,29.4,84.3,16.78,1.2,3.73075315,,
2019,7,2,32.6,26,29.2,83.9,16.99,1.4,3.745407252,,
2019,7,3,33.4,26.2,29.4,84.2,17.7,1.1,3.872955372,,
2019,7,4,33.1,25.8,29.5,83.6,20.08,1.7,4.340645985,,
2019,7,5,29.7,26.1,27.6,89.2,5.52,1,1.519105161,,
2019,7,6,32.7,25.1,28.7,85.1,22.15,1.5,4.568717885,,
2019,7,7,33.3,25.2,29.3,82,22.82,1.8,4.829633859,,
2019,7,8,32.8,25,29,83.1,23.09,2.7,4.861353701,,
2019,7,9,32.8,24.5,28.2,85.3,23.13,1.6,4.694955193,,
2019,7,10,33.9,24.7,29,82.3,22.87,1.7,4.828745236,,
2019,7,11,32,24.4,27.2,86.3,19.57,1.8,4.008041334,,
2019,7,12,33.4,24,27.3,84,19.52,2,4.148428724,,
2019,7,13,32.6,23.4,27.2,86.5,23.39,2,4.615767067,,
2019,7,14,32.6,23.7,26.4,88.4,17.83,1.4,3.63391728,,
2019,7,15,32.1,24.2,27.3,86.8,16.07,1.4,3.403006803,,
2019,7,16,27.5,23.7,25.2,93.8,7.42,1.5,1.678122061,,
2019,7,17,32.7,23.7,27.8,84,21.79,1.6,4.448469669,,
2019,7,18,32.4,24.1,27.6,88.3,18.08,2,3.738268853,,
2019,7,19,31.5,24.8,27.6,89.8,12.43,1.6,2.735038118,,
2019,7,20,32.9,25.8,28.6,86.2,18.55,2,3.995474444,,
2019,7,21,33.1,25.7,29,86.6,21.06,1.3,4.404298076,,
2019,7,22,34.2,24.2,28.1,83.7,22.18,1.9,4.664073772,,
2019,7,23,32.4,24,28.1,85.3,23.59,1.6,4.724097354,,
2019,7,24,32,23.5,27.4,86.4,20.72,2.1,4.176263364,,
2019,7,25,32,25.2,28,86.7,12.96,0.9,2.8669014,,
2019,7,26,32.7,26.1,28.6,85.7,16.09,1.3,3.531861378,,
2019,7,27,32,25.5,28.1,86.5,14.67,1.3,3.216817927,,
2019,7,28,32.7,25.9,28.7,84.5,21.92,1.5,4.570580653,,
2019,7,29,32.7,24.3,28.4,84.5,22.6,1.4,4.60760603,,
2019,7,30,32.6,24.9,28.6,83.6,23.81,1.5,4.855261168,,
2019,7,31,32.4,25.2,28.6,85,20.57,2,4.317825732,,
2019,8,1,32.3,25.2,28,84.1,22.09,1.9,4.55559792,,
2019,8,2,32.9,25.2,28.5,82.3,19.94,1.8,4.295814894,,
2019,8,3,32.2,22,27.6,87.5,19.13,1.6,3.856342026,,
2019,8,4,32.5,25.5,28.6,84.4,22.43,2.1,4.662066724,,
2019,8,5,33.1,26,29.2,83,23.41,2.1,4.946844133,,
2019,8,6,33.6,25.7,29.2,83.6,19.34,1.4,4.19440312,,
2019,8,7,33.3,25.5,28.8,83.8,18.36,1.1,3.950040258,,
2019,8,8,33,25.9,29,84.2,19.57,1.4,4.192680991,,
2019,8,9,31.9,23.7,27.4,87.3,14.4,2.5,3.17910868,,
2019,8,10,30.4,23.3,25.2,91.1,7.73,2.4,1.897041548,,
2019,8,11,33,22.8,27.4,87.5,21.46,1.5,4.290602989,,
2019,8,12,33,23.2,28,87.3,17.71,1.1,3.687756575,,
2019,8,13,33.4,25.6,29.4,84.7,22.26,1.5,4.682741707,,
2019,8,14,33.1,26,28.3,87.3,20.23,1.8,4.242557073,,
2019,8,15,29.2,23.4,26,92,9.67,1.3,2.110248633,,
2019,8,16,31.9,23.9,26.1,90.8,15.15,2,3.104011969,,
2019,8,17,33,24.6,28.1,86.1,22.06,1.5,4.507986447,,
2019,8,18,34.3,25.9,28.8,84.7,23.07,1.4,4.858482042,,
2019,8,19,32.4,24.2,28.1,86.2,22.45,1.6,4.525899058,,
2019,8,20,33.4,25.6,28.9,85.5,23.02,1.7,4.785909945,,
2019,8,21,31.1,24.5,27.6,85.8,17.59,1.9,3.687141401,,
2019,8,22,32.1,23.2,27.7,84.5,22.72,1.3,4.520374527,,
2019,8,23,33.5,24.5,28.5,83.3,23.99,1.3,4.912292999,,
2019,8,24,31.5,24.1,27.3,89.3,14.19,1.9,3.029345151,,
2019,8,25,28.3,23.9,25.4,93,9.58,1.8,2.052112302,,
2019,8,26,32.1,24.6,27.7,87.8,16.76,1,3.500427926,,
2019,8,27,30.4,24.9,26.4,90.9,9.73,0.9,2.1693076,,
2019,8,28,32.3,23.7,27.5,86.9,17.82,1.2,3.682584051,,
2019,8,29,30.5,23.5,25.6,93,8.49,1.5,1.908009547,,
2019,8,30,32.1,23.3,26.7,87.5,18.38,1.8,3.736679226,,
2019,8,31,32.9,23.9,28.1,84.6,22.33,1.6,4.555739188,,
2019,9,1,31.6,24.6,27.1,86.5,16.3,2,3.4771016,,
2019,9,2,32.9,24.5,28,85.5,20.51,1.2,4.228567852,,
2019,9,3,32.6,25.9,28.1,87.9,13.33,1.1,2.964684266,,
2019,9,4,32.8,24.9,28.5,85.5,19.19,1.4,4.043499706,,
2019,9,5,33.2,25.6,28.8,83.5,22.53,1.4,4.705219617,,
2019,9,6,33.9,24.8,28.9,84,21.97,1.6,4.632300877,,
2019,9,7,34.2,25.8,29.4,84.3,22.55,1.4,4.789043456,,
2019,9,8,33.4,26.2,28.4,85.7,14.13,1.4,3.226851034,,
2019,9,9,29.5,25.3,26.7,86.8,15.71,1.2,3.248569056,,
2019,9,10,33.9,24.6,28.3,83.1,17.29,1.4,3.805768202,,
2019,9,11,32.9,24.2,28.4,83.3,19.37,1.7,4.127248726,,
2019,9,12,34.5,25.9,28.8,84.2,17.09,1.5,3.841739987,,
2019,9,13,31.5,23.9,27.3,88.2,14.91,1.8,3.17180222,,
2019,9,14,31.8,23.9,26.3,91.8,10.93,1.3,2.378422057,,
2019,9,15,32.4,22.7,26.2,90.6,16.94,1.6,3.395194217,,
2019,9,16,29.8,23.3,25.7,92,11.53,1.2,2.408579257,,
2019,9,17,32.3,23.8,27.1,86.8,18.52,1.5,3.803470142,,
2019,9,18,32.6,25.4,27.7,87.3,14.26,1.2,3.126649867,,
2019,9,19,32.6,24.9,27.6,87.9,12.74,1.2,2.839655366,,
2019,9,20,32,25,27.4,87.1,16.23,1.5,3.449109692,,
2019,9,21,33.2,24.2,28.2,86.8,19.65,1.4,4.084201329,,
2019,9,22,33.5,24.4,27.5,87.6,13.51,1.5,3.022486302,,
2019,9,23,34.4,24.4,28.6,81.4,20.19,1.6,4.392589622,,
2019,9,24,33.7,24.3,28.9,77,20.06,2.2,4.567261023,,
2019,9,25,34.3,25.5,29.2,76.5,18.02,2.2,4.358143002,,
2019,9,26,33.2,25.4,27.8,83.7,15.31,1.8,3.499077363,,
2019,9,27,34,23.8,26.9,88.9,14.83,1.2,3.181192814,,
2019,9,28,33.6,23.9,27.3,86.9,17.1,1.2,3.61171773,,
2019,9,29,33.8,24.2,26.9,88.8,18.14,1.7,3.767840189,,
2019,9,30,33.2,23.6,27,88.5,21.86,1.6,4.351615078,,
2019,10,1,32.2,23.9,27.4,87,21.93,1.5,4.370241646,,
2019,10,2,31.2,23.8,27.1,89.2,17.18,1.8,3.486247066,,
2019,10,3,30.5,23.8,26.5,90.9,14.29,2,2.930386538,,
2019,10,4,31.7,24.2,27.5,86.4,22.65,2,4.491668681,,
2019,10,5,31.2,24.2,26,92.7,10.93,1.4,2.340368486,,
2019,10,6,31.6,23.9,26.2,90.9,12.31,1.2,2.620997815,,
2019,10,7,33.2,24,27.2,86.6,19.73,1.2,4.046061565,,
2019,10,8,34.2,23.9,27.1,88.3,21.51,1.8,4.366674439,,
2019,10,9,32,24.3,26.2,91.8,14.73,1.4,3.022662822,,
2019,10,10,32.1,23.7,27,87.5,21.16,1.8,4.205051787,,
2019,10,11,33.9,23.6,27.3,85.5,22.4,1.5,4.558113535,,
2019,10,12,32.4,24.2,28.2,85.3,23.75,1.7,4.76469968,,
2019,10,13,32.3,23.6,27.5,87.6,20.56,2.1,4.136243642,,
2019,10,14,32.8,23.4,26.3,90.4,18.33,1.3,3.671281624,,
2019,10,15,33.2,23.7,26.2,91.3,17.3,1.4,3.49458459,,
2019,10,16,33.8,24,27.5,88.2,20.91,1.6,4.267933287,,
2019,10,17,32,25,27.6,85.6,16.24,1.5,3.493559817,,
2019,10,18,31.3,25.1,26.8,87.8,11.77,1.4,2.649157854,,
2019,10,19,33,24.7,27.2,87.6,14.79,1.1,3.186795681,,
2019,10,20,33.2,25.1,27.4,89.2,15.37,1.3,3.289084865,,
2019,10,21,32,24.2,26.3,94.6,14.08,1.3,2.850111042,,
2019,10,22,32.6,24.3,26.9,90.5,17.61,1.7,3.580457742,,
2019,10,23,31.3,24.3,26.2,94.4,13.07,1.3,2.66493768,,
2019,10,24,31.5,23.9,26.3,93,17.44,1.7,3.404076075,,
2019,10,25,33,23.6,26.7,91.1,19.66,1.8,3.888840657,,
2019,10,26,33.7,24.3,27.4,87.3,19.02,1.8,3.979134308,,
2019,10,27,32.6,23.9,26.1,94,12.7,1.4,2.628441317,,
2019,10,28,31.4,23.4,25.6,93.2,12.44,1.4,2.556564612,,
2019,10,29,33.5,23.1,26.3,89.3,19.83,1.2,3.969198312,,
2019,10,30,33.3,23.5,27,89.2,18.16,1.2,3.718540864,,
2019,10,31,31.6,23.7,27.2,89.3,18.97,1.6,3.791705902,,
2019,11,1,31.2,24.2,27,87,18.46,2.1,3.771249425,,
2019,11,2,31.2,25,27.1,88.1,17.5,1.9,3.605293695,,
2019,11,3,30.7,24.3,27.2,88.8,16.63,1.9,3.409010042,,
2019,11,4,30.7,24.8,27.4,87.5,18.98,2,3.844753818,,
2019,11,5,32.2,24.3,27.2,87.7,17.48,2,3.644369853,,
2019,11,6,32.3,24.3,27.7,86.7,18,2.1,3.787251085,,
2019,11,7,33.5,23.8,26.6,88.6,15.96,1.3,3.358490674,,
2019,11,8,31.1,23.6,26.5,91.1,18.39,1.8,3.592333459,,
2019,11,9,32.4,24.3,28,86.3,21.52,1.7,4.371277532,,
2019,11,10,32.1,24.6,26.9,89.3,16.49,1.7,3.418318165,,
2019,11,11,33.4,23.2,26.8,87,18.9,1.2,3.870300331,,
2019,11,12,33,24.6,26.8,90.9,14.03,1.2,2.979910177,,
2019,11,13,33.6,24.7,27.8,88,19.32,1.6,4.026887043,,
2019,11,14,32.5,24.4,27.4,87.7,13.89,1.4,3.039605234,,
2019,11,15,30.8,24.3,26.5,91,9.96,1.2,2.224063456,,
2019,11,16,33.4,23.6,27.1,87.2,15.29,1.4,3.292731018,,
2019,11,17,33.7,24.1,27.1,87.4,21.64,1.4,4.386530651,,
2019,11,18,32.4,23.8,27.3,89.3,19.83,1.4,3.979891769,,
2019,11,19,34.7,24.3,27.2,88.5,19.48,1.4,4.056866448,,
2019,11,20,33.6,23.9,28.3,79.3,21.15,2.3,4.641803182,,
2019,11,21,33.4,24.5,28.8,72.8,22.49,2.2,5.059652074,,
2019,11,22,32,25.2,27.4,82.2,10.67,1.9,2.765851994,,
2019,11,23,33.8,24,27,86.9,17.32,1.6,3.67858814,,
2019,11,24,32.1,24.1,27.4,85.2,16.95,1.4,3.583754344,,
2019,11,25,31,24.6,26.6,88.6,10.59,1.6,2.432744636,,
2019,11,26,31.6,23.6,27.2,81.9,21.03,2.5,4.379538795,,
2019,11,27,32.1,25,28,79.2,16.84,2.4,3.945709805,,
2019,11,28,32.4,26,27.7,84.7,16.87,2.4,3.769947122,,
2019,11,29,32.6,24.6,27.8,84.7,18.82,2.3,4.031407997,,
2019,11,30,31.5,25.2,27.3,85.4,12.54,2.1,2.952151465,,
2019,12,1,29.6,24.5,26.6,86.5,8.63,1.8,2.18496896,,
2019,12,2,32,24.2,27,83.9,16.37,2.2,3.605264805,,
2019,12,3,32.3,24.8,27.7,77.8,17.52,2.5,4.127148013,,
2019,12,4,31.9,24.9,27.8,73.8,21.05,3.2,4.956327801,,
2019,12,5,32.6,24.9,28,75.3,22.76,3.2,5.183189806,,
2019,12,6,31.7,25.1,27.5,77,22.15,3,4.9055836,,
2019,12,7,31.5,24.7,27.2,77.2,20.77,3.1,4.677855298,,
2019,12,8,31.2,24,26.7,79.8,18.38,2.7,4.087292535,,
2019,12,9,31.7,24.5,27.1,78.7,20.36,2.9,4.515628495,,
2019,12,10,32.3,22.9,27.1,79.4,22.27,2.7,4.69902073,,
2019,12,11,31.8,23.3,27.3,80,22.15,2.5,4.619557265,,
2019,12,12,33.1,22.9,27.6,79.9,22.2,2.4,4.700695616,,
2019,12,13,32.8,24.7,28,73,18.23,3.2,4.669099846,,
2019,12,14,30.6,24.8,27.5,75.9,11.91,2.5,3.294691013,,
2019,12,15,32.4,25.4,27.8,77.8,17.4,2.8,4.20890576,,
2019,12,16,32.1,25.2,27.6,79.2,17.85,2.6,4.139525909,,
2019,12,17,31.9,24.9,27.3,83.3,10.88,1.7,2.707161472,,
2019,12,18,30.5,24.3,26.7,86.7,9.41,1.7,2.303535075,,
2019,12,19,34.2,24.1,28.3,80.3,21.97,2,4.74170208,,
2019,12,20,33.7,24.1,28.4,75.9,19.53,2.4,4.55582702,,
2019,12,21,33.4,23.2,27.6,73.8,20.85,2.4,4.759350248,,
2019,12,22,33.4,21.7,27.3,75.1,22.6,2.3,4.873686592,,
2019,12,23,33.7,22.7,27.5,77.3,21.22,1.7,4.535982314,,
2019,12,24,33.6,22.6,27.8,75.5,22.57,2.2,4.89857769,,
2019,12,25,34.6,23.3,28.2,74.5,21.87,2.2,4.942740415,,
2019,12,26,32.5,22.3,26.9,78.4,17.52,1.7,3.83946836,,
2019,12,27,33.4,22.4,27.5,74.9,22.53,2.4,4.92706282,,
2019,12,28,33.6,22.3,27.6,72.3,21.49,2.2,4.824537872,,
2019,12,29,33.9,22.5,27.9,73.4,22.56,2.1,4.957734853,,
2019,12,30,34.1,23.1,28,74.2,23.2,2.6,5.199056721,,
2019,12,31,33.7,22.6,28.3,70.6,20.42,3.2,5.064461891,,
2020,1,1,33.3,23.9,28,69.9,19.7,3.3,5.069203001,,
2020,1,2,32.9,25.4,28.4,70.5,16.74,3.1,4.605796773,,
2020,1,3,33.8,25,28.7,72.3,21.96,3.1,5.312448415,,
2020,1,4,33.7,25.3,28.6,68.7,23.3,3.3,5.752560801,,
2020,1,5,33.7,22.6,28,70.3,22.38,2.6,5.170442447,,
2020,1,6,33.9,23.3,28.2,68.7,21.01,2.5,5.056924384,,
2020,1,7,33.6,23,28,71.8,20.38,2.4,4.775636701,,
2020,1,8,33.8,25,29,71,20.33,2.7,5.014104775,,
2020,1,9,34.7,25.5,29.2,66.1,20.13,2.9,5.392526415,,
2020,1,10,34.7,23.6,28.5,74.5,21.51,2.3,4.940487651,,
2020,1,11,32.5,23.9,27.4,85.5,16.9,1.5,3.58966922,,
2020,1,12,32.2,23.2,27.4,84.2,18.65,1.2,3.842074342,,
2020,1,13,34.2,23.4,28.3,75,21.93,2.2,4.909623295,,
2020,1,14,34.2,22.4,28.2,69.8,22.76,2.7,5.313244003,,
2020,1,15,33.7,22.7,28.1,69.3,23.08,2.1,5.147089557,,
2020,1,16,33.9,22,27.3,75.6,21.7,2,4.706161025,,
2020,1,17,35.2,21.8,28.2,72.3,23.29,2,5.154941231,,
2020,1,18,34.8,26.5,29.3,69.7,16.72,2.7,4.700793203,,
2020,1,19,34.9,24.8,29.1,73.5,18.35,2.5,4.627499005,,
2020,1,20,35.1,25.7,29.6,68.7,21.32,2.7,5.41617188,,
2020,1,21,33.6,25.9,28.9,70,16.29,3,4.611138216,,
2020,1,22,34.8,23.7,29,70.1,18.8,2.6,4.812862873,,
2020,1,23,35.9,23.4,29.1,72.6,20.68,2.1,4.913550564,,
2020,1,24,34.5,23.4,28.6,67.6,23.69,2.3,5.469578988,,
2020,1,25,34,21.1,27.2,72.2,24.19,2.1,5.166967698,,
2020,1,26,33.5,22.8,27.4,81.7,24.1,1.8,4.88767854,,
2020,1,27,33.8,23,27.5,83.2,23.81,1.6,4.823809556,,
2020,1,28,33.5,23.1,27.8,81.3,24.17,1.7,4.925714021,,
2020,1,29,33.7,24.5,28.3,81.6,22.13,1.8,4.687060498,,
2020,1,30,34.5,23.2,27.8,78.1,22.36,1.8,4.799415051,,
2020,1,31,35.1,24.1,28.3,76.3,17.84,1.6,4.152240228,,
2020,2,1,34.5,25.9,29,69.1,19.97,3.1,5.307823908,,
2020,2,2,34.7,25.3,29,66.2,18.29,3.2,5.246334194,,
2020,2,3,34.4,23.2,28.1,67.3,22.71,2.3,5.315543174,,
2020,2,4,34.6,23.6,27.9,67.4,22.19,2.7,5.436424568,,
2020,2,5,34.9,21.6,27.7,72.4,21.67,2.1,4.896508897,,
2020,2,6,34.4,23.8,28.1,74.2,18.73,1.8,4.354290804,,
2020,2,7,35.7,23.9,28.7,70.1,23.71,2.5,5.604135249,,
2020,2,8,34.8,21.5,28.1,69.3,23.83,2.6,5.466680778,,
2020,2,9,35.2,22.1,28.1,73.4,17.65,2.3,4.369159899,,
2020,2,10,32.8,24.3,27.1,81.3,17.99,2.6,4.064771993,,
2020,2,11,33,24.3,27.5,83.8,18.17,2.2,3.956236755,,
2020,2,12,33.6,25.8,28.3,78.5,17.12,2.4,4.144684625,,
2020,2,13,34.3,25,28.4,82.1,20.02,1.7,4.371519162,,
2020,2,14,34.1,25.1,28.8,83.8,23.76,1.7,4.968495233,,
2020,2,15,34.3,24.5,28.6,84,25,1.5,5.144555647,,
2020,2,16,34.7,24.2,28.5,82.7,24.27,1.6,5.061117304,,
2020,2,17,35.3,22.5,28.6,73.3,25.65,2.3,5.616892657,,
2020,2,18,33.9,26.4,29.2,70.4,19.99,3.2,5.248139875,,
2020,2,19,34.7,24.2,28.8,68.3,21.9,2.7,5.396735132,,
2020,2,20,34.3,23.9,28.6,68.3,23.18,3.5,5.79446124,,
2020,2,21,34.5,25.2,28.9,67.6,25.29,3.7,6.299599219,,
2020,2,22,33.4,24,28.4,69.7,19.82,3.5,5.170640557,,
2020,2,23,33.4,25.1,28.5,70.3,21.09,3.6,5.40910261,,
2020,2,24,35.2,24.9,29,67.6,25.35,3.4,6.271092387,,
2020,2,25,35.7,22.9,29.1,67.3,25.29,2.3,5.811607926,,
2020,2,26,35.6,22.6,28.8,71.6,25.56,2.5,5.750742858,,
2020,2,27,35.7,23.3,29.2,70.1,23.32,2.4,5.482991737,,
2020,2,28,36.2,24.1,28.8,73.8,17.75,2.3,4.528162045,,
2020,2,29,36.9,22.9,29.1,70.4,25.19,2.2,5.792753869,,
2020,3,1,37.1,23.2,29.3,72,25.5,2.5,5.924370947,,
2020,3,2,36.2,23.1,28.9,74,23.64,1.7,5.234042099,,
2020,3,3,36.7,23.1,29,75.9,25.98,2.2,5.740580507,,
2020,3,4,36.2,24,29.1,76.5,23.26,2.1,5.256547488,,
2020,3,5,36.3,24.7,28,84.2,16.87,1.6,3.852229211,,
2020,3,6,34.3,24.8,27,88.9,14.49,1.4,3.169123382,,
2020,3,7,35.9,24.1,28.1,84.7,20.5,1.4,4.411877559,,
2020,3,8,35.7,24,29.1,80.8,23.24,1.9,5.053378542,,
2020,3,9,35.7,24.6,29.6,79,22.54,1.6,4.96631536,,
2020,3,10,35.6,25.6,29.9,80.5,21.84,1.9,4.907569787,,
2020,3,11,34,27.1,29.7,79,22.9,1.4,4.98236886,,
2020,3,12,36.6,24,29.5,78.5,23.95,1.6,5.259250114,,
2020,3,13,36.2,23.5,29.1,77.3,22.11,1.3,4.83397966,,
2020,3,14,38.6,25,30.4,74.8,25.55,2,5.968946378,,
2020,3,15,37.3,25.4,30.2,74.6,25.01,2.3,5.850453082,,
2020,3,16,37.2,25.5,30.7,66.9,26.44,2.7,6.482105146,,
2020,3,17,36.4,25.7,30.3,62.8,26.17,3.1,6.695235923,,
2020,3,18,36.7,23.6,29.4,69.4,25.9,1.9,5.841622047,,
2020,3,19,37.4,23.1,28.9,71.8,26,1.6,5.737017184,,
2020,3,20,37.4,21.6,28.6,69.1,24.1,1.6,5.40899038,,
2020,3,21,36.6,22.3,28.6,72.2,25.34,1.7,5.538769493,,
2020,3,22,36.2,22.9,28.9,73.9,23.17,2,5.23934029,,
2020,3,23,36.8,24.4,29.5,75.3,24.93,2,5.623000419,,
2020,3,24,36.3,24.9,28.7,82.5,21.2,1.5,4.667646006,,
2020,3,25,35.4,25.2,28.3,84.9,21.44,1.3,4.579570662,,
2020,3,26,35.7,24.7,28.1,83.9,21.28,1.3,4.560841477,,
2020,3,27,36.3,24.7,29,83.9,23.61,1.2,5.045254751,,
2020,3,28,36.4,25.7,29.7,80.8,23.83,1.7,5.272857325,,
2020,3,29,36.2,25,29.4,81.5,23.76,1.5,5.161652313,,
2020,3,30,36,24.2,29.4,74.6,25.64,1.5,5.542229946,,
2020,3,31,37.1,24.3,29.7,74.8,25.89,1.6,5.718489373,,
2020,4,1,36,25.4,29.5,79.9,22.67,1.6,5.021798991,,
2020,4,2,35.1,24.8,27.4,88.1,15.38,1.4,3.388239585,,
2020,4,3,34.7,24.1,27.6,89.1,20.41,1.4,4.218351354,,
2020,4,4,35.8,23.8,29.2,77.2,26.94,1.6,5.703059018,,
2020,4,5,35.2,24.4,27.5,85,17.98,1.6,3.939144146,,
2020,4,6,34.6,24,28.4,85.4,24.32,1.7,5.001521396,,
2020,4,7,34.8,24.7,28.4,84.3,24.18,1.7,5.043090067,,
2020,4,8,34.2,25.1,28.7,81.2,25.77,1.4,5.330691127,,
2020,4,9,35.2,25.1,29.3,79,22.03,1.2,4.773341966,,
2020,4,10,34.1,25.2,29.6,72.6,21.4,1.3,4.71299625,,
2020,4,11,35.9,23.8,29.4,73.6,26.19,1.6,5.648436845,,
2020,4,12,36.1,25.7,29.6,79.5,24.84,1.7,5.44937265,,
2020,4,13,34.6,26.2,29.2,81.8,17.01,1.3,3.871541817,,
2020,4,14,35,25,29.6,77.8,21.61,2,4.885229801,,
2020,4,15,35.2,24.1,28.4,84.5,20.75,1.2,4.410591475,,
2020,4,16,34.8,24.9,28.1,86.2,18.31,1.3,3.952062018,,
2020,4,17,30.4,25.5,27.4,90.8,10.76,1.2,2.3919459,,
2020,4,18,35.3,24.5,28.6,81.2,23.98,1.8,5.126367474,,
2020,4,19,34.1,24.7,28,87,18.56,1.3,3.937556502,,
2020,4,20,35.3,24.8,28.7,85.3,22.28,1.5,4.732019659,,
2020,4,21,35.6,24.8,28.9,84.1,24.36,1.5,5.149527652,,
2020,4,22,35.6,23.2,27.8,88.3,20.14,1.8,4.224588394,,
2020,4,23,34.1,24.5,27.1,90.6,15.92,1.4,3.362805438,,
2020,4,24,35.4,24.1,29,83,26.3,1.7,5.480024014,,
2020,4,25,35.4,25.1,29.1,82.3,25.33,1.5,5.356084294,,
2020,4,26,33,25.2,27.7,88.2,18.65,1.6,3.890609532,,
2020,4,27,34,24.8,27.5,86.8,18.6,0.9,3.901171832,,
2020,4,28,33.3,24.6,27.7,84,22.65,1.8,4.66742605,,
2020,4,29,33.4,23.4,27.5,87.2,18.42,1.3,3.823086317,,
2020,4,30,33.7,24.9,28.3,84.9,19.51,1.3,4.137941973,,
2020,5,1,32.8,25.2,27.3,90.6,12.92,1.3,2.817708168,,
2020,5,2,33.6,25.5,27.3,89.9,14.87,1.4,3.208841697,,
2020,5,3,35.4,24.2,28.2,86.9,25.16,1.7,5.167416462,,
2020,5,4,33.4,24.7,27.9,86.9,18.71,1.3,3.928986103,,
2020,5,5,34,25.5,28.7,86.9,23.77,1.3,4.908212431,,
2020,5,6,33.5,25.2,28.8,86.9,24.08,2.3,4.919403044,,
2020,5,7,34.6,25.9,28.6,86.9,20.18,1.4,4.316549552,,
2020,5,8,34.3,25.2,28.6,86.9,22.84,2.1,4.755055007,,
2020,5,9,35.2,24.1,28.3,86.9,22.78,1.4,4.737731078,,
2020,5,10,33.3,24.1,28.1,86.9,15.37,2,3.398630821,,
2020,5,11,33.1,24.8,27.6,86.9,15.68,1.6,3.414117375,,
2020,5,12,34.2,25.5,27.6,86.9,16.94,1.3,3.668816271,,
2020,5,13,33.9,25.4,29.1,86.9,24.63,1.7,5.067174958,,
2020,5,14,34.1,25.1,28.4,86.9,16.09,1.3,3.530673139,,
2020,5,15,33.8,24.7,28.8,86.9,23.38,1.6,4.802456506,,
2020,5,16,32.5,26.3,28.2,86.9,14.06,1.3,3.140916566,,
2020,5,17,28.5,24.6,26.2,86.9,8.24,1.5,2.04710727,,
2020,5,18,34.5,24.2,28.7,86.9,23.79,1.4,4.894343673,,
2020,5,19,34.6,25.8,30.1,86.9,23.23,1.7,4.930359844,,
2020,5,20,35.4,26.9,30.2,86.9,22.18,1.6,4.8375809,,
2020,5,21,34.4,25.1,29.4,86.9,23.56,2.2,4.916515892,,
2020,5,22,34.3,26.4,29.9,86.9,22.53,1.9,4.804589363,,
2020,5,23,31.8,25.3,28.2,86.9,16.45,2.2,3.559958724,,
2020,5,24,32.2,25.2,28.2,86.9,16.73,2,3.607596918,,
2020,5,25,34.3,24.6,29,86.9,24.53,1.7,5.0389262,,
2020,5,26,29.9,25.8,27.6,86.9,13.73,1.5,2.997838513,,
2020,5,27,33.2,24.2,28.6,86.9,20.98,1.3,4.324531852,,
2020,5,28,34.8,24.9,28.6,86.9,23.87,2.1,4.951010022,,
2020,5,29,30.9,24.6,27,86.9,13.62,1.6,2.977125342,,
2020,5,30,33.8,25.1,28,86.9,16.34,1.3,3.549822772,,
2020,5,31,32.8,23.6,27.1,86.9,17.2,2,3.630888007,,
2020,6,1,33.1,23.7,28.2,83.9,25.08,1.5,5.027783223,,
2020,6,2,32.2,23.8,28.4,85,19.07,1.8,3.995533709,,
2020,6,3,32.8,25.9,28.1,86.5,14.73,1.9,3.325494385,,
2020,6,4,31.6,24.8,27.9,84.7,19.42,1.9,4.053212152,,
2020,6,5,31,23.9,27.2,89.3,16.5,1.8,3.372894283,,
2020,6,6,31.5,24.9,27.9,85.3,18.89,1.7,3.936274598,,
2020,6,7,32.4,25.8,28.5,82.7,16.79,1.7,3.748914288,,
2020,6,8,33.4,25.6,28.9,80.7,18.18,1.5,4.047549609,,
2020,6,9,33.9,25.7,29.7,79,22.74,1.6,4.92386317,,
2020,6,10,33.1,25.8,28.2,81.8,12.83,1.3,3.057109555,,
2020,6,11,35.1,25.3,28.3,81.5,17.09,1.2,3.844687964,,
2020,6,12,30.4,24.5,26.5,90.4,9.32,2.1,2.186858121,,
2020,6,13,32,23.8,27.7,83.7,18.46,1.3,3.847331739,,
2020,6,14,32.4,25.7,28.6,83.8,14.38,2,3.362877999,,
2020,6,15,32.4,25.5,28.5,84.9,16.27,1.4,3.559360645,,
2020,6,16,31.1,23.2,27.5,86,15.14,1.3,3.206655324,,
2020,6,17,32.7,24.4,28.5,81.7,19.52,1.3,4.13316811,,
2020,6,18,31.5,24.1,27.5,83.9,19.05,1.3,3.919702641,,
2020,6,19,31.8,24.8,27.4,86.7,19.04,1.6,3.913657153,,
2020,6,20,31.6,25.3,27.9,84.6,16.69,1.4,3.581368586,,
2020,6,21,32.9,25,28.8,82,22.01,1.5,4.611279883,,
2020,6,22,32.5,25.1,28.1,86,19.18,1.4,4.009614753,,
2020,6,23,33.3,24.6,28.2,85,19.65,1.1,4.110711022,,
2020,6,24,33.4,24.9,28.6,82.7,22.98,1.6,4.789456635,,
2020,6,25,32.3,24,27.7,83.2,18.26,1.7,3.891308071,,
2020,6,26,32.1,24.3,27.5,85.4,19.23,1.7,3.984237729,,
2020,6,27,31.3,24.7,27.8,85.1,14.86,1.2,3.215811481,,
2020,6,28,32.3,25.6,28.9,84.5,16.29,1.3,3.569080288,,
2020,6,29,33.5,24.6,27.3,85,13.24,1.5,3.051024465,,
2020,6,30,33.8,23.4,28,82.9,19.89,1.2,4.172169536,,
2020,7,1,32.2,24.3,26.8,89.7,16.87,1.7,3.46167079,,
2020,7,2,32.3,24.1,27.8,87.6,19.75,1.4,4.024121475,,
2020,7,3,32,26.2,28.2,88.8,11.27,1,2.567525458,,
2020,7,4,32.6,25.3,28.4,86.5,16.98,0.9,3.607534887,,
2020,7,5,33.5,25.6,28.8,83,20.9,1.2,4.428147161,,
2020,7,6,31.9,24.3,27.4,85,20.35,1.6,4.154832167,,
2020,7,7,31,23.7,25.8,91.1,13.49,1.7,2.787068172,,
2020,7,8,31.3,23.6,27,86.2,21.06,1.5,4.170813592,,
2020,7,9,30.3,23.9,26.3,90.7,17.25,1.3,3.405938563,,
2020,7,10,31.5,25.1,27.5,86.4,15.83,1.5,3.386986927,,
2020,7,11,32.1,23.8,27.5,86.5,22.48,1.5,4.46592383,,
2020,7,12,31.1,23.8,26.9,88.1,22.14,2,4.288458528,,
2020,7,13,30.5,24.2,26.3,90.5,9.65,1.5,2.193042793,,
2020,7,14,32.3,23.9,27.7,83.3,21.71,1.2,4.396291586,,
2020,7,15,32.6,25.7,28.4,84.5,18.87,1.3,4.010530283,,
2020,7,16,31.1,23.9,26.1,93.1,8,1.2,1.836590372,,
2020,7,17,31.6,23.7,27.2,87.7,24.68,1.7,4.750309373,,
2020,7,18,32.3,23.3,26,92.2,13.42,1.5,2.77720068,,
2020,7,19,32.6,23.4,27.8,84.7,25.15,1.2,4.958000883,,
2020,7,20,33.2,25.5,28.5,83.8,22.59,1.4,4.694326261,,
2020,7,21,33.1,24.3,27.4,87.3,20.25,1.3,4.139115494,,
2020,7,22,31.2,24.7,26.9,91.1,15.08,1.4,3.106971024,,
2020,7,23,31.5,24.2,27.6,86,22.53,1.4,4.467853316,,
2020,7,24,32.5,23.7,27.8,85.7,20.53,1.6,4.195657292,,
2020,7,25,32.1,23.2,26.9,87.6,22.82,1.6,4.450316886,,
2020,7,26,32.2,23.7,27.4,87.2,22.57,1.6,4.464578189,,
2020,7,27,32.4,24.9,27.8,86,22.22,1.9,4.511589942,,
2020,7,28,32.4,23.7,27.5,85.1,22,1.9,4.443316013,,
2020,7,29,31.3,23.6,27.2,88,19.94,1.8,3.962870221,,
2020,7,30,32.5,25.3,27.8,86,20.37,1.7,4.220473615,,
2020,7,31,29.7,23.5,25.8,92.4,10.91,1.8,2.305924474,,
2020,8,1,31,24.2,27.3,87.1,16.94,1.4,3.498228651,,
2020,8,2,31.2,23,27.1,89.1,17.11,1.7,3.457317981,,
2020,8,3,33.6,25.4,29,84.3,24.01,1.6,4.983695369,,
2020,8,4,32.6,26.3,28.9,86,12.53,1,2.872544863,,
2020,8,5,33,25.6,28.7,86.5,17.38,0.9,3.712014919,,
2020,8,6,31.6,26.6,28.3,87.5,9.75,0.9,2.309944148,,
2020,8,7,32.6,24.9,28.5,86.4,21.07,1.3,4.335000098,,
2020,8,8,32.1,25.7,28.6,86.7,17.24,1.2,3.67044537,,
2020,8,9,33.7,25.7,29.1,84.3,18.58,1,4.005145846,,
2020,8,10,32.2,26,28.6,86.1,15.73,1.4,3.449701423,,
2020,8,11,33.1,25.8,28.8,85.7,23.22,1.5,4.795463912,,
2020,8,12,30.8,25.8,27.4,85.5,15.31,1.8,3.345643575,,
2020,8,13,32.5,23,27,85.9,18.87,2.1,3.898753523,,
2020,8,14,30.7,22.8,26.3,84.7,10.3,0.9,2.348532053,,
2020,8,15,33.1,24.6,28.3,82.9,22.36,1.1,4.592830485,,
2020,8,16,32.9,25.2,28.6,82.6,22.2,1.4,4.622305074,,
2020,8,17,32.5,24.3,28.2,82.3,23.2,1.5,4.728821666,,
2020,8,18,31.7,23.7,27.7,85,23.09,1.9,4.586642838,,
2020,8,19,32.8,24.5,27.8,84.8,20.34,1.6,4.226240921,,
2020,8,20,32.4,24.9,27.9,86,17.93,1.6,3.795561741,,
2020,8,21,32.9,25.3,27.8,87.7,17.78,1.5,3.753707179,,
2020,8,22,32.6,24.3,27.6,85.1,22.2,2.3,4.530405693,,
2020,8,23,32.9,24.8,27.8,85.9,21.64,1.8,4.440967209,,
2020,8,24,32.6,24.7,27.8,87.8,24.13,1.5,4.793010585,,
2020,8,25,33.6,24.1,27.6,84.5,20.58,1,4.243653202,,
2020,8,26,32.3,24.7,28,84.2,22.61,1.8,4.611433696,,
2020,8,27,32.5,24.8,28.1,83.1,24.77,1.8,5.007320929,,
2020,8,28,32.5,25.2,28.4,82.2,22.3,1.9,4.666499829,,
2020,8,29,32.2,23.9,28,85,20.07,1.6,4.134298832,,
2020,8,30,32.1,24.3,27.9,86.8,22.24,1.9,4.458693075,,
2020,8,31,31.9,25.1,27.6,87.2,16.07,1.8,3.444616381,,
2020,9,1,32.9,23.9,28.1,85.2,19.91,1.6,4.143127769,,
2020,9,2,33.6,24.7,28.4,84.7,19.97,1.6,4.238411516,,
2020,9,3,34.1,24.1,27.2,88.5,22.07,1.5,4.464763158,,
2020,9,4,31.5,24.2,26.3,90.9,13.95,1.6,2.905255662,,
2020,9,5,32.6,23.9,27.5,84.7,20.72,1.2,4.220672513,,
2020,9,6,31.7,24.8,27.5,86,21.72,2.4,4.388428199,,
2020,9,7,32.3,24.8,27.8,84.7,17.12,1.5,3.67311378,,
2020,9,8,33,24.7,28.4,82.1,23.53,1.9,4.878944391,,
2020,9,9,31.4,24.1,27,88.3,19.25,1.8,3.856032286,,
2020,9,10,31.5,23.6,26.6,88.7,15.64,2.2,3.257981953,,
2020,9,11,31.1,23.2,26.7,86,21.65,1.6,4.234908463,,
2020,9,12,32,24.2,26.4,90.7,15.86,1.6,3.242731469,,
2020,9,13,32,23.8,27.1,86.1,22.61,2.1,4.479726545,,
2020,9,14,30.7,25.5,27.2,88.7,11.07,1.1,2.484183979,,
2020,9,15,29.7,23,26.2,89,13.93,1.3,2.866916229,,
2020,9,16,30.6,24.6,27.3,89.3,15.26,1.3,3.168760687,,
2020,9,17,31,25,27,90.5,12.98,1.3,2.771807875,,
2020,9,18,26.5,23.4,24.8,96.8,4.14,1.4,1.073411556,,
2020,9,19,33,23.4,27.1,84.8,22.48,2,4.540906931,,
2020,9,20,29.9,22.9,26.6,86.9,11.87,1.3,2.600608822,,
2020,9,21,33.4,25.3,28.2,87,17.15,0.9,3.655654389,,
2020,9,22,33.1,23.4,27,88.4,20.31,1.7,4.085623515,,
2020,9,23,31.9,23.9,27.5,88.2,16.44,1.4,3.425424749,,
2020,9,24,30.9,23.3,26.6,87,20.63,1.9,4.045016379,,
2020,9,25,32.4,23.9,26.9,87.9,18.67,1.7,3.807559883,,
2020,9,26,31.2,23.3,26.9,87.8,16.88,0.9,3.426660738,,
2020,9,27,29.9,23.6,26.7,87.4,12.88,1.8,2.803366227,,
2020,9,28,31,23,25.5,91,12.27,1.7,2.577082428,,
2020,9,29,32.2,22.4,27.1,87.6,23.49,1.6,4.547923456,,
2020,9,30,32,24.8,28.1,87.5,23.7,1.7,4.705943701,,
2020,10,1,32.2,25.2,28.5,86,17.82,1.5,3.789992897,,
2020,10,2,30.5,23.9,26.3,90,15.06,2.4,3.082014192,,
2020,10,3,31,23.3,26.1,90.6,16.91,2.2,3.337302178,,
2020,10,4,32.1,24.1,27.5,87.5,21.63,1.3,4.317621256,,
2020,10,5,32.3,25.6,28.6,86.7,22.75,1.9,4.637299084,,
2020,10,6,31.5,25.2,28.2,88,17.36,1.4,3.626236434,,
2020,10,7,28.6,23.9,26,93.9,8.38,1.1,1.852699188,,
2020,10,8,28.3,23.7,25.4,95.6,6.44,2.1,1.473170821,,
2020,10,9,31.1,23.9,27.1,89.4,15.96,2.5,3.292836296,,
2020,10,10,30,23.3,25.5,95.8,9.71,1.4,2.012576574,,
2020,10,11,28.9,22.4,25.1,96.5,8.09,1.1,1.721702123,,
2020,10,12,28.2,24.6,25.8,93.8,8.66,1.6,1.897593989,,
2020,10,13,25.4,23,24.5,98.3,3.95,1.1,1.011205935,,
2020,10,14,31.5,23.4,27.2,88.3,17.29,1.2,3.521533477,,
2020,10,15,31.9,23.8,27,89.5,17.05,1.6,3.479359632,,
2020,10,16,30.1,24,26.8,91.8,14.29,1.4,2.911951928,,
2020,10,17,32.9,25.1,28.2,89.6,18.12,1.4,3.777538961,,
2020,10,18,33.1,23,27.8,86.2,19.78,1.6,4.070792018,,
2020,10,19,34.6,24.3,28.9,82.7,24.06,1.3,5.01302641,,
2020,10,20,33.7,25.7,28.9,84.3,23.82,1.6,4.965621765,,
2020,10,21,32.1,24.7,28.3,85.6,20.59,1.9,4.253506471,,
2020,10,22,31.2,23.1,25.4,92,11.11,1.9,2.368083434,,
2020,10,23,31,23.3,26.7,88.9,18.75,1.7,3.708104228,,
2020,10,24,32.1,24.4,27.1,89.5,14.36,1.9,3.07113637,,
2020,10,25,30.2,24,26.5,92.4,15.66,1.5,3.1099354,,
2020,10,26,26.3,23.3,24.8,95.4,4.69,1.4,1.198760851,,
2020,10,27,31.7,22.7,27.1,90.2,20.72,1.6,4.029073774,,
2020,10,28,32.2,24.5,28.1,89.4,20.61,1.7,4.14866688,,
2020,10,29,30.6,23.8,26.8,90.3,22.37,1.3,4.282777026,,
2020,10,30,33.8,24.5,28.6,80.6,24.13,1.8,5.055265349,,
2020,10,31,33.7,24.8,27.6,85.6,18.35,1.3,3.897330389,,
2020,11,1,31.3,24.6,27.1,87.6,18.96,2,3.848049531,,
2020,11,2,30.7,24.4,27,88.5,13.58,1.7,2.920879266,,
2020,11,3,34.3,24.3,26.7,89,16.48,1.3,3.484629317,,
2020,11,4,31.1,24.1,26.6,87.4,12.85,1,2.76939305,,
2020,11,5,32.4,24.2,26.9,88.2,14.78,1,3.128573266,,
2020,11,6,32.8,24.3,27.1,88.2,19.44,1.2,3.957273975,,
2020,11,7,31.6,24.3,26.1,92.5,10.56,1.1,2.290672676,,
2020,11,8,33.7,23.3,27,87,19.28,0.9,3.945449431,,
2020,11,9,29.5,24.9,26.4,90,10.92,1.2,2.388233233,,
2020,11,10,32.9,23.5,27.4,82.9,17.05,1.3,3.652997921,,
2020,11,11,32.4,23.6,27.4,82.7,16.91,1.6,3.659372578,,
2020,11,12,33.4,25.1,28.2,82.9,18.66,1.7,4.070982034,,
2020,11,13,33.2,23.7,26.6,89.7,14.26,1.5,3.040725075,,
2020,11,14,33,24.2,28,84.3,21.3,1.2,4.374382515,,
2020,11,15,33.9,25,27.7,85.6,16.69,1.6,3.662946326,,
2020,11,16,33.3,24.6,27.9,80.9,17.1,1.7,3.840682966,,
2020,11,17,33.1,24.3,27.2,83.9,15.25,2,3.463284451,,
2020,11,18,32.2,24.5,26.9,89.7,13.49,0.8,2.872631748,,
2020,11,19,33.7,24.3,27,89.2,18.32,1.3,3.784343115,,
2020,11,20,32.6,24.1,27.2,89,21.37,1.1,4.266674406,,
2020,11,21,33,23.9,26.1,93.5,12.66,1.5,2.642761569,,
2020,11,22,30.7,23.5,25.5,93.5,14.03,1.1,2.804009805,,
2020,11,23,30.3,24,25.6,94.5,13.01,1.1,2.617668654,,
2020,11,24,30.1,23.6,26.6,87.6,13.39,1.7,2.872684059,,
2020,11,25,30.8,23.6,26.6,85.2,13.82,2.2,3.089402335,,
2020,11,26,30.4,24.1,26.9,84.8,12.73,1.8,2.893187695,,
2020,11,27,27.8,24.3,25.8,88.7,7.09,1.6,1.808627925,,
2020,11,28,31.6,23.2,26.3,86.5,14.32,2.1,3.119565793,,
2020,11,29,32.7,23.6,27.4,83.4,20.36,1.6,4.211094892,,
2020,11,30,32.6,24.1,26.5,88.9,14.76,1.6,3.136048937,,
2020,12,1,25.9,23.2,24.3,97.3,2.24,1.4,0.764960657,,
2020,12,2,30.4,22.7,26.3,88,18.58,1.4,3.644830246,,
2020,12,3,29.7,24,26.3,81.5,12.51,2.7,3.093717182,,
2020,12,4,29.5,25.3,26.8,77.3,10,2.4,2.902389183,,
2020,12,5,30.9,23.9,27.2,75.7,13.25,2,3.336649235,,
2020,12,6,32.5,24.8,27.8,75.1,19.74,2,4.451548706,,
2020,12,7,33.2,23.2,27.2,78.1,19.4,1.8,4.233701234,,
2020,12,8,33.6,22.9,27.4,78.6,20.99,1.6,4.447229917,,
2020,12,9,33.2,24.1,27.9,78.8,19.47,1.6,4.233133342,,
2020,12,10,32.5,23.9,27.4,80,16.64,1.6,3.698993706,,
2020,12,11,32.3,24.6,27.7,82.3,18.05,1.4,3.856377687,,
2020,12,12,32,23.9,26.5,88.9,14.58,1.3,3.067505728,,
2020,12,13,32.3,24.1,26.1,91.9,17.76,1.4,3.528444135,,
2020,12,14,31,23.3,26.4,89.6,13.88,1.2,2.889388446,,
2020,12,15,33,23.5,26.7,88.4,17.26,1.1,3.552225675,,
2020,12,16,32.1,24.1,27.1,83.3,18.92,2.1,4.013030886,,
2020,12,17,26.2,23.9,24.7,94.8,5,1.4,1.262749466,,
2020,12,18,30.3,23.2,24.9,94.2,9.13,1.1,1.954887502,,
2020,12,19,30.6,23.7,26.3,85.7,13.75,2.2,3.048334298,,
2020,12,20,29.3,24,25.7,89.8,8.76,1.7,2.054808598,,
2020,12,21,30.4,23.6,26.5,80.3,15.9,2.1,3.545826296,,
2020,12,22,31.5,22.7,26.4,82,17.35,1.6,3.652162608,,
2020,12,23,31.2,23.4,26.6,83.2,17.35,1.7,3.646521422,,
2020,12,24,31.3,24.4,26.6,88,19.99,1.7,3.969986592,,
2020,12,25,32.6,23.2,26.9,87.1,18.19,1.4,3.727713794,,
2020,12,26,33.1,24,26,92.9,12.21,1.3,2.586865018,,
2020,12,27,32.6,22.8,26.8,86.2,17.35,1.2,3.581008491,,
2020,12,28,33.6,23.5,28,78.5,22.42,1.8,4.753523056,,
2020,12,29,33.6,23.1,27.8,77.8,22.42,1.8,4.748653882,,
2020,12,30,32.8,22.5,27.3,76.8,21.87,1.8,4.596281389,,
2020,12,31,32.2,23.1,26.8,77.5,16.38,1.9,3.748091451,,
2021,1,1,30.1,25.1,26.9,76.4,12.58,2.7,3.410059263,,
2021,1,2,29.3,24.5,26.5,77.1,10.02,2.5,2.908387171,,
2021,1,3,29.4,24.2,26.4,81.5,9.23,1.8,2.43921393,,
2021,1,4,31.6,23.8,26.5,84.4,15.26,2.1,3.362866035,,
2021,1,5,30,24.2,26.1,88.6,6.61,1.7,1.781719265,,
2021,1,6,31.5,23.4,25.8,89,12.73,1.7,2.743072472,,
2021,1,7,31.7,23.9,27.2,79.7,19.95,2.4,4.30896233,,
2021,1,8,31,23.8,27.3,76.1,12.91,2,3.274608893,,
2021,1,9,30.6,24.4,27,72.4,13.23,2.9,3.75517352,,
2021,1,10,29.6,23,25.7,81.7,10.08,1.8,2.533239401,,
2021,1,11,30.6,23.7,26.7,73.9,14.58,2.2,3.628602886,,
2021,1,12,31.4,23.6,27,72.8,17.49,2.6,4.24352955,,
2021,1,13,31.3,23.8,26.5,72.8,19.92,2.7,4.605711931,,
2021,1,14,32.3,21.9,26.5,77.5,21.12,2.1,4.447872349,,
2021,1,15,32.1,22.1,26.6,79.2,18.63,1.7,3.952026603,,
2021,1,16,31.1,23.1,26.3,83.9,15.23,1.8,3.293581467,,
2021,1,17,32.1,23.6,27.1,75.7,18.98,2.4,4.331834554,,
2021,1,18,31.9,24.1,27.2,66,20.63,3,5.172213446,,
2021,1,19,32.4,22.9,27,69.5,21.25,2.3,4.839605154,,
2021,1,20,32.5,21.8,26.6,77.3,21.4,1.7,4.428236747,,
2021,1,21,32.8,21.9,26.5,79.5,21.97,1.6,4.466527829,,
2021,1,22,32.8,21.8,26.6,79.5,23.45,1.7,4.707913411,,
2021,1,23,31.6,22.9,26.5,84.2,13.74,1.6,3.046870602,,
2021,1,24,33.2,24.1,27.5,80.8,15.09,1.5,3.449455093,,
2021,1,25,34.1,23.6,27.9,74.3,22.2,2.1,4.940538814,,
2021,1,26,33.2,22.6,27.5,69.7,22.67,2.1,5.022402168,,
2021,1,27,34.1,22.2,26.2,82.5,19.03,1.8,4.042359723,,
2021,1,28,33.9,23.6,27.9,75.2,21.96,2,4.835541385,,
2021,1,29,32.3,22.6,27.4,69.9,21.29,2.5,4.875952075,,
2021,1,30,32.7,23.3,27.5,68.5,23.13,2.5,5.252187475,,
2021,1,31,31.9,23.2,27.2,70.9,22.4,2.6,5.016856828,,
2021,2,1,32.7,23.7,27.8,70.9,20.18,2.7,4.834431885,,
2021,2,2,33.7,23.3,28.1,70.9,21.86,1.9,4.883503889,,
2021,2,3,32.8,23.1,27.6,68,22.86,2.5,5.23152073,,
2021,2,4,32.4,21.5,26.9,65.6,24.39,2.7,5.467274436,,
2021,2,5,34.4,22.9,28.5,62.5,24.77,2.4,5.786996807,,
2021,2,6,35,24.7,28.8,66.9,23.71,2.2,5.573438158,,
2021,2,7,35.7,22.3,28.3,69.2,24.12,2.4,5.577208171,,
2021,2,8,34.1,22.8,27.8,74.6,22.61,2.4,5.030960853,,
2021,2,9,34.8,23.2,28.1,76.7,23.08,2,5.023698254,,
2021,2,10,35.6,23.1,28.2,73.1,21.98,1.7,4.923207344,,
2021,2,11,34.6,23.4,28.2,71.8,21.71,1.7,4.845729148,,
2021,2,12,34.8,24.1,28.3,72.5,19.6,1.8,4.579753135,,
2021,2,13,34.8,22.9,28.2,69.3,22.9,1.8,5.115800766,,
2021,2,14,34.9,22.4,28,67.9,25.44,1.9,5.548551342,,
2021,2,15,34.9,22.2,27.7,69.8,25.36,2.2,5.579295109,,
2021,2,16,35.7,21.5,27.5,67.8,25.3,2.3,5.713147676,,
2021,2,17,35.1,21.3,27.6,63.9,25.04,2.4,5.770590432,,
2021,2,18,33.9,23.3,27.8,57.3,25.43,3.6,6.638617793,,
2021,2,19,34,23.5,27.6,61,25.67,3.7,6.54890541,,
2021,2,20,34.3,24.2,28.4,61,25.84,3.4,6.51628992,,
2021,2,21,35.2,21.5,27.8,65.9,23.45,2.2,5.418480466,,
2021,2,22,35.8,22.9,28.3,59.1,23.01,2.2,5.69824696,,
2021,2,23,35.5,20.2,27,64.2,22.28,1.5,4.931692119,,
2021,2,24,36.2,20.6,27.4,68.7,25,2,5.537991071,,
2021,2,25,36.2,21.1,27.4,69.5,21.5,1.7,4.893810573,,
2021,2,26,35.3,19.8,27.3,75.4,24.32,1.9,5.114256753,,
2021,2,27,34.6,20.7,27.3,76.2,24.52,1.8,5.078837834,,
2021,2,28,34.7,20.1,27.4,72,25.05,1.7,5.211182093,,
2021,3,1,36.2,24.9,28.8,72.8,15.71,1.6,3.999221895,,
2021,3,2,37,23.6,29.3,68.5,24.48,2.2,5.787493363,,
2021,3,3,36.6,23.5,28.2,73.2,21.71,1.8,5.00878667,,
2021,3,4,35.7,23.2,28.7,73.1,22.58,2,5.134445244,,
2021,3,5,35.9,23.9,29,71.2,20.9,2.1,5.014196896,,
2021,3,6,33.4,24.3,26.6,85.1,14.05,1.7,3.185929047,,
2021,3,7,34,23.3,28.1,72.9,20.58,1.9,4.659653171,,
2021,3,8,34.1,22.8,27.8,72.6,22.67,2.3,5.083134175,,
2021,3,9,35.6,24.3,29.2,60.3,26.15,3.6,6.85044355,,
2021,3,10,35.5,22.5,29,60.7,26.47,3.2,6.550281592,,
2021,3,11,36.2,23.7,29.6,61.6,25.68,2.7,6.332716402,,
2021,3,12,35.2,23.7,27.9,73,20.52,2,4.785553848,,
2021,3,13,35.7,22.7,28.3,69.3,23.73,2.3,5.499989351,,
2021,3,14,35.7,22.5,28.8,65.2,26.05,2.3,5.962262862,,
2021,3,15,36.4,23.2,29.2,66.2,24.79,2.2,5.818811516,,
2021,3,16,35.5,23.7,28.9,69,19.12,1.8,4.641252547,,
2021,3,17,36.5,22.8,28.5,71.8,23.98,2,5.44137603,,
2021,3,18,36.7,22.8,28.8,65.6,24.82,2.1,5.806010357,,
2021,3,19,37.1,22.3,28.7,67,25.52,1.9,5.804655547,,
2021,3,20,36,22.9,28.7,69.2,22.98,2.2,5.395740252,,
2021,3,21,37.4,23.5,29.7,68.1,23.84,2.2,5.739249619,,
2021,3,22,35.9,24.5,29.7,64.7,20.64,2.5,5.401681246,,
2021,3,23,34.1,26.2,28.6,69.8,15.12,2.7,4.396471015,,
2021,3,24,32.2,24.8,26.9,84.7,9.84,1.7,2.495207194,,
2021,3,25,35.6,23.2,28.5,75.3,22.55,2,5.05442248,,
2021,3,26,34.1,24.3,27.2,81,13.24,1.4,3.156388497,,
2021,3,27,35.6,23.3,28.9,73.3,23.32,2.1,5.27371869,,
2021,3,28,34,25,27.4,85.5,14.57,1.7,3.318039261,,
2021,3,29,34.7,24,28.3,78.9,20.68,1.6,4.525990605,,
2021,3,30,33.2,24.5,28,83.3,14.95,1.4,3.366215737,,
2021,3,31,34.8,25.8,29,80.9,17,1.1,3.835603397,,
2021,4,1,35.9,26.2,30,75.6,23.67,1.7,5.347326816,,
2021,4,2,34.7,24.5,28.7,79.3,19.45,2.5,4.52316103,,
2021,4,3,35.6,25.2,28.5,79.7,20.28,1.5,4.527362757,,
2021,4,4,33.8,25.2,28.8,80,17.99,1.9,4.117373038,,
2021,4,5,34.6,24.5,28.5,79.9,16.83,1,3.738364443,,
2021,4,6,34.1,23.9,26.8,90.5,13.81,1.2,2.97077944,,
2021,4,7,32.3,24.2,26.2,88.8,18.38,1.15,3.70510425,,
2021,4,8,34.7,23.9,28.5,77.2,22.95,1,4.798563816,,
2021,4,9,35,23.7,28.9,73.4,23.39,1.3,5.013599363,,
2021,4,10,35.7,23.9,28.3,76.1,20.98,1.6,4.703103168,,
2021,4,11,34.8,24.1,27.5,83.8,22.68,1.7,4.739164413,,
2021,4,12,33.6,23.7,26.8,88,17.98,1.5,3.730298404,,
2021,4,13,33.2,23.9,27.2,85.7,17.2,1.6,3.667605039,,
2021,4,14,33.3,23.7,27.7,82.2,24.33,1.9,4.955393557,,
2021,4,15,32.5,24,27.4,84.5,15.82,1.5,3.439784019,,
2021,4,16,32.4,24.8,28,83.1,14.95,1.6,3.37959037,,
2021,4,17,33.5,24.5,28.6,80.4,21.6,1.7,4.612275037,,
2021,4,18,32.8,25.4,28.9,79.4,19.65,1.8,4.336909943,,
2021,4,19,32.8,25,28.2,82,22.12,2.4,4.699281739,,
2021,4,20,31.8,24.4,27.8,83,20.41,2,4.260324067,,
2021,4,21,33,25,29,79.7,21.8,2.2,4.738336463,,
2021,4,22,31.6,24.8,27.3,89.1,10.19,1.4,2.363364864,,
2021,4,23,31.7,23,26.9,87.5,20.31,2.2,4.025800136,,
2021,4,24,30,23.7,26.8,86.6,14.86,1.8,3.141560433,,
2021,4,25,32.8,23.9,28.3,82,26.07,2.2,5.255825378,,
2021,4,26,32.8,25.6,28.7,81.7,17.66,1.5,3.903462302,,
2021,4,27,31.7,25.2,28.2,84,19.22,1.9,4.06981896,,
2021,4,28,32.4,25,27.3,86.6,14.22,1.5,3.139864481,,
2021,4,29,33.5,24.1,27,86.3,20.46,1.4,4.193803631,,
2021,4,30,33.3,24.2,27.7,85.2,22.04,1.3,4.496878984,,
2021,5,1,33.5,24.2,27.8,84.4,18.27,1.4,3.897913029,,
2021,5,2,34.5,25.2,28,85.8,19.31,1.6,4.150087843,,
2021,5,3,34.8,24.6,28.1,83.2,22.36,1.5,4.722571781,,
2021,5,4,34.7,24.5,28.1,83.6,23.69,1.6,4.93945867,,
2021,5,5,33.4,25.2,27.2,89,14.26,1.4,3.11016359,,
2021,5,6,31.5,24,26.2,90.5,12.45,1.4,2.65988819,,
2021,5,7,33.3,23.5,28.2,79.5,18.72,1.2,4.01000887,,
2021,5,8,33.5,24,27.7,86.7,16.83,1.4,3.596451836,,
2021,5,9,34.4,24.7,28.7,83.2,21.09,1.8,4.540088256,,
2021,5,10,34,25.1,28.7,82.7,24.5,1.8,5.113448179,,
2021,5,11,33.6,25.1,28.3,85.7,19.83,1.7,4.207800686,,
2021,5,12,33,25.4,28,87.5,21.11,2.1,4.350173317,,
2021,5,13,34.1,24.7,28.3,82.9,24.31,1.7,5.041925977,,
2021,5,14,33.2,25.6,28.9,85.8,21.14,2.1,4.464610616,,
2021,5,15,34.2,25.2,28.7,85.4,24.12,1.7,5.002283607,,
2021,5,16,33.6,25.4,28.7,86,21.51,1.8,4.516363916,,
2021,5,17,33.4,25.6,29,82.4,23.04,2.3,4.916726591,,
2021,5,18,32,25.8,28.4,82.9,20.64,2,4.384757333,,
2021,5,19,31.9,25,27.2,88.2,8.61,1.3,2.118737477,,
2021,5,20,32.4,24.8,28,85.7,14.59,1.4,3.226559506,,
2021,5,21,31.8,24.1,26.2,92.7,7.97,1.5,1.865681801,,
2021,5,22,33.1,23.8,26.9,85,18.72,1.6,3.916735599,,
2021,5,23,33.6,24.1,28.3,80.5,19.4,1.2,4.144842224,,
2021,5,24,35,26.5,30,79.4,23.88,1.3,5.181736425,,
2021,5,25,34.3,25.2,29.2,78.7,22.79,1.9,4.982715638,,
2021,5,26,34.6,25.1,29,74.6,20.18,1.4,4.529107957,,
2021,5,27,31.4,24.4,26.8,89.5,14.33,1.8,3.030920296,,
2021,5,28,31.8,24.3,27.7,83.7,18.84,1.7,3.956481163,,
2021,5,29,34.5,25.6,29.7,78.9,24.78,1.7,5.324898083,,
2021,5,30,34.4,25.5,29.1,80.7,19.14,1.8,4.321434177,,
2021,5,31,34,25.5,29.6,80.3,21.43,1.8,4.70451584,,
2021,6,1,33.6,26.1,28.6,83.9,17.67,1.8,3.946068203,,
2021,6,2,33.8,25,28.6,83.5,19.28,1.7,4.189031308,,
2021,6,3,33.1,25.5,28.6,85.6,19.06,1.9,4.092439254,,
2021,6,4,34.3,23.8,27.9,87.3,20.59,1.7,4.27561438,,
2021,6,5,31.5,24.2,27.2,87.2,18.24,2.6,3.767877894,,
2021,6,6,31.3,24.7,27.2,88.8,13.17,1.1,2.838079871,,
2021,6,7,31.8,24.7,28.2,86.4,13.28,1.2,2.951313754,,
2021,6,8,32.2,25.1,28.4,85.3,17.39,1.3,3.708913208,,
2021,6,9,32.8,25.3,28.6,84.5,15.51,0.9,3.38393534,,
2021,6,10,27.3,22.9,25.1,93.1,5.05,1.5,1.330501456,,
2021,6,11,32.4,23.6,27.7,81.4,20.57,1.5,4.269291892,,
2021,6,12,33.4,26.1,29,83.4,20.66,1.6,4.444685743,,
2021,6,13,31.7,24,27.9,89.1,13.39,1.3,2.897965146,,
2021,6,14,31.6,25.4,27.8,84.9,15,1.3,3.282120331,,
2021,6,15,31.6,24.2,27.3,85,18.22,1.5,3.782199887,,
2021,6,16,33.8,23.7,28.3,80.2,23.67,1.4,4.89031939,,
2021,6,17,32.9,25.3,27.8,85.8,18.64,1.6,3.951120523,,
2021,6,18,32.2,23.3,27.5,85.6,19.96,1.4,4.055248292,,
2021,6,19,32.3,24.8,27.8,86.6,13.65,1.7,3.069891374,,
2021,6,20,32.5,23.9,27.2,83.4,22.57,2.2,4.602221899,,
2021,6,21,30.7,24.1,26.5,87.9,15.41,1.6,3.203558105,,
2021,6,22,33.1,23.3,28.1,80.4,24.34,1.2,4.903943689,,
2021,6,23,32,23.2,27.5,82.5,21.54,1.7,4.380116134,,
2021,6,24,32.3,24.7,27.2,83.4,14.8,1.4,3.290516991,,
2021,6,25,30.8,24.1,27.3,84.4,21.65,2.2,4.338717172,,
2021,6,26,32.3,24.8,28.4,82.2,20.3,1.4,4.257205767,,
2021,6,27,33.2,25.2,28.7,83,22.73,1.6,4.745246657,,
2021,6,28,31.2,24.7,27.7,86.8,20.47,1.7,4.127923576,,
2021,6,29,31.1,24.1,26.9,85.7,20.34,2.1,4.093187426,,
2021,6,30,32.7,24.1,28.1,81.6,23.93,1.5,4.859843653,,
2021,7,1,32.9,24.8,28.8,81.1,24.47,1.6,5.037426176,,
2021,7,2,32.5,26,28.5,84.6,19.43,1.7,4.149278654,,
2021,7,3,32.3,25.1,27.9,85.9,17.54,2.1,3.772692517,,
2021,7,4,32.5,24.7,28.2,84.5,22.6,2.1,4.637863708,,
2021,7,5,30.7,24.8,27.3,88.6,15.53,1.8,3.252979342,,
2021,7,6,28.2,23.1,24.8,96.3,7.63,1.5,1.628632602,,
2021,7,7,31.9,24,27.5,85.7,16.11,0.8,3.369793408,,
2021,7,8,33.1,24.9,28.1,84.7,20.42,1.4,4.267052281,,
2021,7,9,31.3,23.1,25.5,94.2,9.13,1.6,1.977720422,,
2021,7,10,29.8,23.5,25.2,95,11.26,1.2,2.285004492,,
2021,7,11,30,22.9,25.4,93,14.6,1.6,2.85258954,,
2021,7,12,30.9,23.3,26.7,87.5,14.78,1.2,3.083583507,,
2021,7,13,33.1,24.8,28.1,85.8,19.83,1.1,4.124517266,,
2021,7,14,31.3,24.8,27.3,85.7,11.18,0.9,2.537277914,,
2021,7,15,32.8,25.3,28.1,84.2,17.79,1.6,3.854018163,,
2021,7,16,34.2,25.1,29,80.5,22.04,1.2,4.685168769,,
2021,7,17,33.8,25.3,29.1,83.2,23.56,1.3,4.916148397,,
2021,7,18,32.8,25.7,28.9,85.5,21.83,1.5,4.543323102,,
2021,7,19,32.9,25.3,28.2,85.3,17.18,1.5,3.721770257,,
2021,7,20,34.3,25,28.7,81.6,22.33,1.4,4.740824578,,
2021,7,21,33.3,25.2,28.7,83.4,18.25,1.2,3.937451933,,
2021,7,22,33.9,25.7,29.1,81.3,22.19,1.8,4.793753644,,
2021,7,23,33,26.1,29,83.4,16.7,1.6,3.749862686,,
2021,7,24,33.6,26.5,29,85.1,19.62,1.5,4.244342444,,
2021,7,25,33.2,25.8,29,84.5,18.39,1.4,3.989691991,,
2021,7,26,32.6,26.2,28.7,86.2,17.08,1.3,3.696121674,,
2021,7,27,32.9,25.4,28.9,84.2,23.23,2,4.826143162,,
2021,7,28,32.9,25.4,28.6,84.5,21.15,1.8,4.449700836,,
2021,7,29,31.7,24.1,27.4,86.6,15.08,1.6,3.246990091,,
2021,7,30,31.9,23,25.8,91.1,12.91,2.3,2.717422882,,
2021,7,31,27.9,24,25.2,95.7,6.44,1.6,1.470646464,,
2021,8,1,31.8,23.7,26.4,90.9,17.61,1.9,3.49620832,,
2021,8,2,31.9,23.4,26.7,89,16.83,1.6,3.435789019,,
2021,8,3,32,24.2,27.8,86,19.48,1.6,4.007761703,,
2021,8,4,32.2,24.9,27.7,87.7,14.9,1.5,3.225902572,,
2021,8,5,32.6,23.7,27.5,88.3,19.22,1.5,3.912556562,,
2021,8,6,32.8,24,28.4,83.4,23.53,1.3,4.767665514,,
2021,8,7,33,24.9,28.5,83.9,22.83,1.6,4.712377163,,
2021,8,8,32.1,25.2,28.3,85.1,23.28,2.1,4.729672155,,
2021,8,9,32.6,25.2,28.1,88.8,18.93,1.6,3.920902787,,
2021,8,10,30.6,23.9,26.8,89,16.68,2,3.38405869,,
2021,8,11,30.8,23.4,27.4,88.3,22.14,2.3,4.2681936,,
2021,8,12,32.3,23.5,27.9,87.6,22.64,1.8,4.487449316,,
2021,8,13,31,24.5,26.6,93.7,9.74,1.1,2.129778883,,
2021,8,14,31.5,24.3,27,90.8,16.31,1.4,3.323791339,,
2021,8,15,30.9,24.3,26,93.5,8.25,1.1,1.864815391,,
2021,8,16,29.4,23.7,25.5,93.6,11.65,1.7,2.371544093,,
2021,8,17,32.2,23.8,25.8,91.7,17.06,1,3.408338049,,
2021,8,18,30.2,23.5,25.2,94.7,10.55,1.8,2.162105797,,
2021,8,19,30.2,23.3,26,90.5,16.77,2.2,3.286050832,,
2021,8,20,30.8,23.9,26,91.2,16.8,1.7,3.315172056,,
2021,8,21,31.7,23.6,27.2,86.7,24.08,1.6,4.678125677,,
2021,8,22,30.3,22.9,26.7,87,23.92,2.2,4.503022833,,
2021,8,23,30.9,23.4,26.8,85.6,19.95,1.5,3.972412657,,
2021,8,24,27.5,23,24.1,96.8,6.12,1.5,1.362842526,,
2021,8,25,30.5,22.6,25.5,91.1,18.61,1.5,3.549124969,,
2021,8,26,30.9,23,26.5,87,20.9,1.8,4.072151921,,
2021,8,27,32.1,24.3,27.8,83.5,22.88,1.4,4.608998457,,
2021,8,28,31.6,25,27.9,85.4,19.02,1.2,3.928692435,,
2021,8,29,31.9,24.8,26.9,90.6,13.3,1.4,2.842848004,,
2021,8,30,32.5,23.8,27.2,85.2,22.18,2.1,4.47423165,,
2021,8,31,30.8,23.3,26.5,90.8,18.34,1.3,3.593793343,,
2021,9,1,31.7,25.2,27.4,85.9,16.77,1.3,3.543756866,,
2021,9,2,30.6,24.2,26.6,87.5,14.75,1.4,3.098443188,,
2021,9,3,31,24,27.2,80.9,14.4,1.5,3.238691279,,
2021,9,4,31.8,24.6,27.4,84.5,15.87,1.1,3.385480036,,
2021,9,5,32.2,23.6,27.8,82.8,24.53,1.3,4.861871806,,
2021,9,6,32.3,23.7,27.6,82.3,22.24,1.2,4.484642605,,
2021,9,7,32.2,24.5,27.7,84.1,20.13,1.9,4.197620257,,
2021,9,8,30.2,23,26.2,89.9,12.4,1.5,2.623256267,,
2021,9,9,31.1,22.8,25,93.3,15.15,1.9,2.92804956,,
2021,9,10,32.2,22.9,27,87.9,18.91,1.6,3.811556586,,
2021,9,11,33.2,24.6,28.2,83.2,22.88,1.2,4.688873381,,
2021,9,12,32.8,25.1,27.9,84.5,19.37,1.6,4.096394089,,
2021,9,13,26.4,23.2,24.5,97.5,7.27,1.8,1.50452399,,
2021,9,14,30.5,23.5,26.4,89.8,11.89,0.9,2.535621521,,
2021,9,15,31.5,25,27.3,86.7,16.56,1.1,3.462365278,,
2021,9,16,33.2,24.9,28.2,81.8,21.11,1.2,4.416284381,,
2021,9,17,30.2,25.2,26.9,87.4,9.66,1.3,2.28146986,,
2021,9,18,34.2,23.6,27.3,84.1,19.06,1.8,4.082377819,,
2021,9,19,31,24.1,26.2,90.7,13.87,1.7,2.880097349,,
2021,9,20,30.8,23.4,26.8,86.5,21.05,2.4,4.137626256,,
2021,9,21,32.2,24.1,26.7,87.4,20.81,1.6,4.154230781,,
2021,9,22,32.2,24,27.6,83.7,24.14,1.6,4.807923572,,
2021,9,23,32.7,24.3,28.1,79,20.19,1.3,4.269244657,,
2021,9,24,33.7,23.8,28.2,81.3,22.93,1.4,4.744758136,,
2021,9,25,33.1,24.9,27.3,83.7,15.54,1.4,3.444437487,,
2021,9,26,31.4,23.7,26.2,87.3,20.16,2.5,3.993194969,,
2021,9,27,31.5,24.1,26.8,86.2,17.45,1.9,3.633303398,,
2021,9,28,32.6,24.5,26.7,90.3,17.25,1.7,3.523878813,,
2021,9,29,32.7,24.6,27.1,89.3,18.86,1.6,3.842773415,,
2021,9,30,32.6,23.8,27.5,85.5,19.73,1.3,4.047115246,,
2021,10,1,32.1,24.9,27.2,86.2,18.87,2.3,3.947108252,,
2021,10,2,31.5,24.4,27.7,81.6,14.15,1,3.121418086,,
2021,10,3,33.1,24.8,28.4,82.4,20.94,1.2,4.3786466,,
2021,10,4,32.6,24.8,28.3,82.7,18.63,1.3,3.969315456,,
2021,10,5,27.4,22.7,25.2,91.3,8.68,1.7,1.940270111,,
2021,10,6,28.5,23.8,25.1,95.2,10.39,1.4,2.11242812,,
2021,10,7,30.8,23.6,25.9,90.7,16.23,1.6,3.22970583,,
2021,10,8,32.2,24.1,27.7,87.1,18.55,1.6,3.83202325,,
2021,10,9,32.5,24.8,28.3,85.5,18.02,1.6,3.837372802,,
2021,10,10,31.8,25.2,28.3,85.1,17.32,1.7,3.720788816,,
2021,10,11,33.2,24.6,28.6,82.2,23.11,1.5,4.786354122,,
2021,10,12,33.5,24.7,28.6,81.1,21.17,1.5,4.504541687,,
2021,10,13,33.3,25.2,28.8,80.1,23.27,1.7,4.914660855,,
2021,10,14,33.2,24.3,28.5,82.6,19.28,1.5,4.126667984,,
2021,10,15,33.1,25.5,29,82.2,21.57,1.6,4.583527952,,
2021,10,16,31.5,25.5,27.5,86.4,9.69,1.3,2.352248569,,
2021,10,17,31.3,24.6,26,90.5,9.21,1.3,2.12026724,,
2021,10,18,33.6,24.1,28.2,80,20.23,1.2,4.287407538,,
2021,10,19,32.1,24.9,27.5,89,10.53,1.6,2.457254884,,
2021,10,20,32.2,23.3,26.3,90.6,17.94,1.8,3.56310147,,
2021,10,21,29.1,23.1,26,88.7,10.54,1.3,2.322570667,,
2021,10,22,32.7,23.9,27.1,86.7,17.9,1.2,3.706176016,,
2021,10,23,32.9,24,27.6,84.7,21.51,1.6,4.401467125,,
2021,10,24,32.1,23.7,27,87.7,19.91,1.6,3.996625539,,
2021,10,25,32.2,23.6,26.4,89.8,14.83,1.1,3.080380677,,
2021,10,26,33.4,23.9,27.2,87.7,18.43,1.7,3.831771204,,
2021,10,27,32.4,24.9,27.3,90,18.12,1.5,3.705629491,,
2021,10,28,34.6,23.6,27.3,84.3,20.54,1.7,4.332839938,,
2021,10,29,32.9,23.9,27.9,84.2,21.5,1.3,4.397616925,,
2021,10,30,32.6,24.4,26.6,93,11.84,1.6,2.531606627,,
2021,10,31,30,24.1,26.7,88.2,17.88,1.7,3.57044878,,
2021,11,1,33.1,23.6,27.5,83.9,22.17,2,4.548123158,,
2021,11,2,31,23.3,26.2,89.2,12.37,1.1,2.639102826,,
2021,11,3,30.9,24.5,27,81.9,12.01,1.6,2.864587537,,
2021,11,4,31.7,24,27.5,81.7,16.27,1.7,3.582044331,,
2021,11,5,32.6,24.6,27.2,86.5,13.41,1.6,3.014941248,,
2021,11,6,33,24.3,28.1,84.3,20.76,1.6,4.322114413,,
2021,11,7,34.5,24.2,27.8,84.8,20.85,1.4,4.379941463,,
2021,11,8,33,24.7,27.1,90,16.32,1.6,3.412388101,,
2021,11,9,33.8,24.5,26.8,88.7,16.36,1.5,3.468343681,,
2021,11,10,25.9,24,24.8,93.3,3.13,1.5,1.030747544,,
2021,11,11,27.7,23.4,25,92.5,6.85,1.3,1.618066367,,
2021,11,12,28.4,23.6,25.8,90,11.56,1.7,2.456011962,,
2021,11,13,28.3,23.9,25,95,6.08,1.2,1.434034093,,
2021,11,14,31.3,23.8,26.9,86.9,14.77,1.4,3.13820409,,
2021,11,15,32.5,24.4,27.6,82.8,17.91,1.3,3.809317045,,
2021,11,16,33,24.1,27.1,85.4,18.38,1.6,3.862001568,,
2021,11,17,30.3,24.5,26.3,91.6,11.7,1.6,2.494614486,,
2021,11,18,27.7,23.4,24.7,96.9,7.92,1.7,1.641058417,,
2021,11,19,31.6,22.9,27,86.1,21.38,1.6,4.219261469,,
2021,11,20,33.7,24.4,27.6,85.8,22.56,1.7,4.615928678,,
2021,11,21,32.3,24.4,26.9,89.7,20.56,1.5,4.08592614,,
2021,11,22,31.1,24,26.6,89.8,13.31,1.1,2.80835566,,
2021,11,23,32.6,23.9,26.4,90.1,14.92,1.6,3.119484731,,
2021,11,24,29.7,23.5,26.6,84.4,14.12,2,3.097237967,,
2021,11,25,30.1,24.6,26.4,87.5,10.73,1.2,2.421097207,,
2021,11,26,29,23.8,25.9,86.5,9.25,1.2,2.167365514,,
2021,11,27,31.4,23.6,26.7,83.3,14.72,1.4,3.207789219,,
2021,11,28,29.5,23.9,25.3,93.7,10.17,1.1,2.142161298,,
2021,11,29,27.1,23.4,25.2,91.7,7.28,0.9,1.683987697,,
2021,11,30,31.7,23.8,27.1,86,16.97,1.3,3.528587759,,
2021,12,1,33,24.3,26.8,87.6,15.78,1.1,3.335201341,,
2021,12,2,30.1,24.1,26.1,86.3,10.64,1.8,2.499353575,,
2021,12,3,31,23.9,27.1,78.5,11.64,1.7,2.924436829,,
2021,12,4,30.1,23.9,26.1,85,12.64,1.6,2.817702657,,
2021,12,5,30.2,23.1,26.3,78.7,16.63,2,3.656843566,,
2021,12,6,30.7,21.4,25.7,80.4,18.52,1.4,3.740358929,,
2021,12,7,33.1,23.7,27.6,72.8,22.89,2.3,5.06452717,,
2021,12,8,33.2,23.1,27.7,73.4,22.74,2.4,5.029598799,,
2021,12,9,33.3,23.6,27.7,74.4,22.11,2.4,4.933908379,,
2021,12,10,32.7,23.7,27.6,78.9,18.42,2,4.097341638,,
2021,12,11,32.5,24.4,27.9,70.1,20.68,2.5,4.893016344,,
2021,12,12,32.8,22.6,27.4,72,21.8,2.4,4.883171402,,
2021,12,13,31.5,23.3,27,76.5,19.61,2.1,4.272799882,,
2021,12,14,31.2,23.6,26.4,82.2,12.64,1.6,2.934056872,,
2021,12,15,32.7,23.8,27.5,80.6,18.14,1.5,3.912754239,,
2021,12,16,28.6,24.1,25.6,92.9,6.91,1.3,1.637566724,,
2021,12,17,26.1,23.4,24.6,97.6,3.96,1.4,1.019976833,,
2021,12,18,28,24.6,25.7,91.9,5.35,1.4,1.424978998,,
2021,12,19,28.1,24.2,25.6,89.7,9.13,0.9,2.036962689,,
2021,12,20,32.9,22.6,27.1,79.8,19.34,1.5,4.082677377,,
2021,12,21,27.4,24.5,25.5,93.2,4.72,1.5,1.286811865,,
2021,12,22,30.4,22.9,26.4,88.9,17.19,1.5,3.415802752,,
2021,12,23,31.5,23.4,27,87.3,22.15,1.5,4.328975137,,
2021,12,24,32.3,22.8,27,85.4,22.29,1.5,4.410000688,,
2021,12,25,33.4,22.8,27.3,82.6,21.57,1.2,4.389915511,,
2021,12,26,33.5,23,27.4,79.4,22.69,1.9,4.744288557,,
2021,12,27,33.2,22.7,27.3,77.8,22.41,1.8,4.688990629,,
2021,12,28,33.1,22.7,27.7,74.8,21.58,2,4.688746957,,
2021,12,29,33.2,23.7,27.8,76.9,18.36,2.3,4.257801497,,
2021,12,30,28.4,25,26.5,83.7,8.92,2.6,2.445127003,,
2021,12,31,32,25,27.9,72.3,18.04,3.2,4.631169286,,
